# World Bank Open Data AG.PRD.CREL.MT, last updated 2026-07-13, CC BY 4.0
iso3,year,value
AFG,2010,5957000
AFG,2011,4681020
AFG,2012,6582000
AFG,2013,6772235
AFG,2014,7012523.28
AFG,2015,6010288
AFG,2016,5708330.42
AFG,2017,5059633.97
AFG,2018,4304555.5
AFG,2019,5771861
AFG,2020,6241828
AFG,2021,4970923
AFG,2022,4802495
AFG,2023,5402975
AFG,2024,6215646.07
AGO,2010,1181944
AGO,2011,1412826
AGO,2012,510531.7
AGO,2013,1674800.86
AGO,2014,1825128.76
AGO,2015,2021290.68
AGO,2016,2372602.15
AGO,2017,2483183.07
AGO,2018,2871952.31
AGO,2019,2918493.21
AGO,2020,3077110
AGO,2021,3059537
AGO,2022,3179113
AGO,2023,3335449
ALB,2010,693800
ALB,2011,701200
ALB,2012,697400
ALB,2013,702870
ALB,2014,700370
ALB,2015,695000
ALB,2016,698430
ALB,2017,701734
ALB,2018,678196
ALB,2019,666065
ALB,2020,684023
ALB,2021,691126.7
ALB,2022,690850
ALB,2023,701314.38
ARE,2010,5336
ARE,2011,4590.17
ARE,2012,3779
ARE,2013,772
ARE,2014,2580
ARE,2015,3695
ARE,2016,5988
ARE,2017,17143
ARE,2018,8169.54
ARE,2019,26072.05
ARE,2020,26405
ARE,2021,23474.84
ARE,2022,21429
ARE,2023,22013.6
ARG,2010,46628492
ARG,2011,49349166
ARG,2012,40712638
ARG,2013,51796533
ARG,2014,55535814.58
ARG,2015,53364962.03
ARG,2016,68228186.97
ARG,2017,76520391.56
ARG,2018,71533692
ARG,2019,83934093.63
ARG,2020,83569977.83
ARG,2021,92198347.34
ARG,2022,81989897.27
ARG,2023,65403921.54
ARG,2024,85727345.71
ARM,2010,321954
ARM,2011,435470
ARM,2012,451049
ARM,2013,543659
ARM,2014,574673
ARM,2015,595756.6
ARM,2016,598966
ARM,2017,298029
ARM,2018,334342
ARM,2019,195063
ARM,2020,242010.7
ARM,2021,149802
ARM,2022,239505.3
ARM,2023,287928.5
ARM,2024,215133.3
ATG,2010,63.44
ATG,2011,71.88
ATG,2012,70.12
ATG,2013,71.77
ATG,2014,72.08
ATG,2015,74.57
ATG,2016,64.71
ATG,2017,51.47
ATG,2018,36.94
ATG,2019,51.04
ATG,2020,55.67
ATG,2021,47.88
ATG,2022,51.53
ATG,2023,51.69
ATG,2024,50.37
AUS,2010,39137185.64
AUS,2011,42828506.87
AUS,2012,35422825.46
AUS,2013,39873045.54
AUS,2014,36275175.88
AUS,2015,36175495.48
AUS,2016,50253593.71
AUS,2017,33882044.51
AUS,2018,29989113
AUS,2019,27435471.58
AUS,2020,49332133
AUS,2021,54958515.44
AUS,2022,59607882.55
AUS,2023,43120957.25
AUS,2024,52350446.71
AUT,2010,4866648.45
AUT,2011,5712206.55
AUT,2012,4883379.22
AUT,2013,4599433.26
AUT,2014,5720308.58
AUT,2015,4853895.01
AUT,2016,5701697.09
AUT,2017,4874849.22
AUT,2018,4787200
AUT,2019,5399310
AUT,2020,5649770
AUT,2021,5316150
AUT,2022,5205750
AUT,2023,5235050
AUT,2024,4880410
AZE,2010,1928779
AZE,2011,2370823.1
AZE,2012,2707274.3
AZE,2013,2856572
AZE,2014,2298047.5
AZE,2015,2898559
AZE,2016,2965670
AZE,2017,2824527.1
AZE,2018,3181818
AZE,2019,3416764.3
AZE,2020,3151182
AZE,2021,3258169.4
AZE,2022,3055969.7
AZE,2023,3153905.6
AZE,2024,3305280.77
BDI,2010,323180
BDI,2011,338093
BDI,2012,257030.65
BDI,2013,254198.46
BDI,2014,236880.85
BDI,2015,260287.26
BDI,2016,468248.09
BDI,2017,375525.86
BDI,2018,459945.08
BDI,2019,546926.7
BDI,2020,602923
BDI,2021,791465.33
BDI,2022,957805.11
BDI,2023,788933.48
BDI,2024,789542.22
BEL,2010,3041408
BEL,2011,2939102
BEL,2012,2957908
BEL,2013,3097497
BEL,2014,3162852
BEL,2015,3163733
BEL,2016,2287774
BEL,2017,2764392
BEL,2018,2431020
BEL,2019,2814390
BEL,2020,2565850
BEL,2021,2452580
BEL,2022,2779540
BEL,2023,2754890
BEN,2010,1333435.72
BEN,2011,1544233
BEN,2012,1576090.51
BEN,2013,1791887.87
BEN,2014,1714040.4
BEN,2015,1643227.33
BEN,2016,1814288.87
BEN,2017,1897503.59
BEN,2018,2320755.59
BEN,2019,2177782.78
BEN,2020,2203105.09
BEN,2021,2308912.73
BEN,2022,2297372.9
BEN,2023,2737481.16
BEN,2024,2905684.72
BFA,2010,4560546
BFA,2011,3666404
BFA,2012,4898544
BFA,2013,4869722
BFA,2014,4469300
BFA,2015,4189665
BFA,2016,4567066
BFA,2017,4063197
BFA,2018,5180701.81
BFA,2019,4939629.91
BFA,2020,5179104
BFA,2021,4661140
BFA,2022,5179059.02
BFA,2023,5147923.87
BFA,2024,5209425.36
BGD,2010,51282598.09
BGD,2011,52627376.6
BGD,2012,53030386.64
BGD,2013,54019096.56
BGD,2014,55227209.27
BGD,2015,56084460.15
BGD,2016,55905547.11
BGD,2017,56427230.96
BGD,2018,59015234.3
BGD,2019,59383344.03
BGD,2020,61113280.33
BGD,2021,61986999.44
BGD,2022,63136360.42
BGD,2023,66313385.01
BGD,2024,66347850.85
BGR,2010,7136449
BGR,2011,7521107.72
BGR,2012,6988023
BGR,2013,9153930
BGR,2014,9530421
BGR,2015,8570299
BGR,2016,8752219
BGR,2017,9475846
BGR,2018,10109850
BGR,2019,11130990
BGR,2020,8598290
BGR,2021,11639300
BGR,2022,9790690
BGR,2023,10345650
BHS,2010,678
BHS,2011,687
BHS,2012,690
BHS,2013,690.83
BHS,2014,687.62
BHS,2015,597.18
BHS,2016,658.54
BHS,2017,647.78
BHS,2018,626.45
BHS,2019,612.84
BHS,2020,600.51
BHS,2021,610.14
BHS,2022,600.78
BHS,2023,603.81
BHS,2024,604.91
BIH,2010,1104907
BIH,2011,1118257
BIH,2012,905975
BIH,2013,1222498
BIH,2014,1082655
BIH,2015,1137236
BIH,2016,1657556
BIH,2017,1167004.74
BIH,2018,1743762
BIH,2019,1666131
BIH,2020,1944178
BIH,2021,1400676
BIH,2022,1431169
BIH,2023,1062500
BLR,2010,6741683.99
BLR,2011,7996331.18
BLR,2012,8843847.86
BLR,2013,7233152
BLR,2014,9033775
BLR,2015,8186980
BLR,2016,7075658
BLR,2017,7529412
BLR,2018,5813781
BLR,2019,6991979
BLR,2020,8403688
BLR,2021,6914867.36
BLR,2022,7772407.63
BLR,2023,6736789.82
BLR,2024,7731917.71
BLZ,2010,98489
BLZ,2011,91768
BLZ,2012,91627
BLZ,2013,111934
BLZ,2014,94519
BLZ,2015,80959
BLZ,2016,91556.38
BLZ,2017,118376
BLZ,2018,99341
BLZ,2019,85114
BLZ,2020,112007
BLZ,2021,136612
BLZ,2022,146715
BLZ,2023,160169
BOL,2010,2133671
BOL,2011,1988006.81
BOL,2012,2125542.86
BOL,2013,2503244.71
BOL,2014,2449241
BOL,2015,2934919
BOL,2016,2660808
BOL,2017,2278993.69
BOL,2018,3267425.32
BOL,2019,2912082
BOL,2020,2914459
BOL,2021,3741163.26
BOL,2022,2615641.21
BOL,2023,3086273.49
BOL,2024,3737131.71
BRA,2010,75160152.06
BRA,2011,77586276
BRA,2012,89908244
BRA,2013,100901726
BRA,2014,101402184
BRA,2015,106026684.77
BRA,2016,84166681.6
BRA,2017,117977043.93
BRA,2018,103259697.62
BRA,2019,121202029.78
BRA,2020,125585148.34
BRA,2021,111985318.13
BRA,2022,135743835.43
BRA,2023,155877081.97
BRA,2024,138980898.51
BRB,2010,259.58
BRB,2011,268.89
BRB,2012,320
BRB,2013,340
BRB,2014,81
BRB,2015,122
BRB,2016,95.57
BRB,2017,73.86
BRB,2018,109.3
BRB,2019,42
BRB,2020,86
BRB,2021,49.9
BRB,2022,51
BRB,2023,42.6
BRB,2024,1.1
BRN,2010,1600
BRN,2011,2200
BRN,2012,2200
BRN,2013,1900
BRN,2014,2100
BRN,2015,3100
BRN,2016,2400
BRN,2017,2300
BRN,2018,2400
BRN,2019,2300
BRN,2020,3900
BRN,2021,4100
BRN,2022,3600
BRN,2023,3700
BTN,2010,144634
BTN,2011,184333
BTN,2012,167800
BTN,2013,171148.72
BTN,2014,170212.58
BTN,2015,175635.48
BTN,2016,176187.02
BTN,2017,192713
BTN,2018,125754.52
BTN,2019,103294.68
BTN,2020,103398.32
BTN,2021,77688.31
BTN,2022,71354.25
BTN,2023,69975.77
BTN,2024,73368.46
BWA,2010,50345
BWA,2011,74024
BWA,2012,37457
BWA,2013,19366
BWA,2014,50253.48
BWA,2015,43967.04
BWA,2016,48572.85
BWA,2017,23207.96
BWA,2018,80922.63
BWA,2019,48664.67
BWA,2020,162122.1
BWA,2021,122238.94
BWA,2022,115579.91
BWA,2023,74579.23
BWA,2024,54553.76
CAF,2010,157410
CAF,2011,156544
CAF,2012,154214
CAF,2013,127064.6
CAF,2014,133138.87
CAF,2015,131506
CAF,2016,146819.75
CAF,2017,147325
CAF,2018,151619
CAF,2019,157397
CAF,2020,277762.88
CAF,2021,285796.42
CAF,2022,294070.17
CAF,2023,302591.56
CAN,2010,46122200
CAN,2011,48337200
CAN,2012,51846500
CAN,2013,66535401
CAN,2014,51683501
CAN,2015,53563000
CAN,2016,58905767.63
CAN,2017,56770935
CAN,2018,58726900
CAN,2019,61473900
CAN,2020,65314300
CAN,2021,47546138
CAN,2022,65040432
CAN,2023,59240420.77
CHE,2010,924003
CHE,2011,999472.67
CHE,2012,950518.46
CHE,2013,867293.65
CHE,2014,994310.67
CHE,2015,909943.14
CHE,2016,743880
CHE,2017,976614
CHE,2018,895098
CHE,2019,932966
CHE,2020,1010995
CHE,2021,783794
CHE,2022,865060
CHE,2023,809466
CHL,2010,3588461.6
CHL,2011,3950348
CHL,2012,3464791
CHL,2013,4004023
CHL,2014,3478752
CHL,2015,3788921.4
CHL,2016,3872402.5
CHL,2017,3471759.7
CHL,2018,3661684.5
CHL,2019,3296214.6
CHL,2020,2761553.53
CHL,2021,3035972.47
CHL,2022,2588504.75
CHL,2023,2497164.62
CHL,2024,2555898.6
CHN,2010,497807900
CHN,2011,521255500
CHN,2012,541643200
CHN,2013,555365200
CHN,2014,560519000
CHN,2015,618165313.27
CHN,2016,614697468.76
CHN,2017,614070169.03
CHN,2018,609946694.21
CHN,2019,613438323.23
CHN,2020,616632008.31
CHN,2021,632772813.74
CHN,2022,633134294.88
CHN,2023,641731705.88
CIV,2010,1961771
CIV,2011,1607414
CIV,2012,2332512
CIV,2013,2712481
CIV,2014,2855919
CIV,2015,3308600
CIV,2016,3159200
CIV,2017,3290400
CIV,2018,3214062
CIV,2019,3139196
CIV,2020,2817182
CIV,2021,2956948
CIV,2022,3065235
CIV,2023,3390058.49
CMR,2010,3011835
CMR,2011,2988076
CMR,2012,3229408
CMR,2013,3197150
CMR,2014,3357882.36
CMR,2015,3645512.68
CMR,2016,3716222.4
CMR,2017,3692886.95
CMR,2018,4063863.6
CMR,2019,3889193
CMR,2020,3539714.87
CMR,2021,3715922.22
CMR,2022,3843696.3
CMR,2023,3841420.33
CMR,2024,3846198.51
COD,2010,2591311
COD,2011,2656556.47
COD,2012,2644174.79
COD,2013,2858786.59
COD,2014,3097523.77
COD,2015,3120941.02
COD,2016,3293367.73
COD,2017,3459463.81
COD,2018,3533729.68
COD,2019,3576504.53
COD,2020,3720558.56
COD,2021,3882129.38
COD,2022,4035103.93
COD,2023,4207508.96
COD,2024,4388403.09
COG,2010,24795.16
COG,2011,25268.64
COG,2012,26547.44
COG,2013,28119.85
COG,2014,26730.11
COG,2015,27620.12
COG,2016,28896.54
COG,2017,29874.2
COG,2018,29912.76
COG,2019,30925.48
COG,2020,30164.32
COG,2021,30702.74
COG,2022,30222.69
COG,2023,30358.59
COL,2010,3535917
COL,2011,3798448.71
COL,2012,3898180.03
COL,2013,3864355.74
COL,2014,3698781.08
COL,2015,3603471.59
COL,2016,3982827.07
COL,2017,4057766.61
COL,2018,3995557.73
COL,2019,4061519.21
COL,2020,4458460.35
COL,2021,4556233.19
COL,2022,4558570.46
COL,2023,4765426
COL,2024,4342473.35
COM,2010,11725.8
COM,2011,12596.15
COM,2012,13414.4
COM,2013,14162.39
COM,2014,14818
COM,2015,15372
COM,2016,15926
COM,2017,16480
COM,2018,17035
COM,2019,17588
COM,2020,18143
COM,2021,18697
COM,2022,19178.59
COM,2023,19705.44
CPV,2010,7047
CPV,2011,5569
CPV,2012,6001
CPV,2013,5785
CPV,2014,1065
CPV,2015,8677
CPV,2016,5642
CPV,2017,4
CPV,2018,719.4
CPV,2019,640
CPV,2020,432
CPV,2021,449
CPV,2022,221.6
CPV,2023,464
CPV,2024,5
CRI,2010,286537
CRI,2011,297476
CRI,2012,231741
CRI,2013,238539
CRI,2014,234587
CRI,2015,203816
CRI,2016,213880
CRI,2017,159571
CRI,2018,197700.9
CRI,2019,170321.2
CRI,2020,151685
CRI,2021,157044
CRI,2022,121049
CRI,2023,83440
CRI,2024,72255.75
CUB,2010,779086
CUB,2011,920658
CUB,2012,1003983
CUB,2013,1104303
CUB,2014,1017580
CUB,2015,791665.9
CUB,2016,930967.8
CUB,2017,786203
CUB,2018,812373.93
CUB,2019,703134.34
CUB,2020,525731.5
CUB,2021,465811.78
CUB,2022,315206.75
CUB,2023,294460.89
CYP,2010,65732
CYP,2011,70195
CYP,2012,90747
CYP,2013,51923
CYP,2014,7362
CYP,2015,88127
CYP,2016,10161
CYP,2017,35836
CYP,2018,25290
CYP,2019,61280
CYP,2020,63130
CYP,2021,53960
CYP,2022,57480
CYP,2023,49910
CYP,2024,28890
CZE,2010,6882070.3
CZE,2011,8289281.9
CZE,2012,6600024.27
CZE,2013,7516943.8
CZE,2014,8783608.2
CZE,2015,8187773.98
CZE,2016,8600552.1
CZE,2017,7460864.15
CZE,2018,6970920
CZE,2019,7646150
CZE,2020,8126660
CZE,2021,8227120
CZE,2022,8218420
CZE,2023,7995530
DEU,2010,44038739
DEU,2011,41920400
DEU,2012,45396500
DEU,2013,47757100
DEU,2014,52010400
DEU,2015,48866800
DEU,2016,45364400
DEU,2017,45556800
DEU,2018,37948100
DEU,2019,44302400
DEU,2020,43265100
DEU,2021,42359400
DEU,2022,43479000
DEU,2023,42462800
DJI,2010,14.06
DJI,2011,14.97
DJI,2012,16
DJI,2013,16
DJI,2014,16.46
DJI,2015,17.92
DJI,2016,16.79
DJI,2017,16.75
DJI,2018,16.73
DJI,2019,16.77
DJI,2020,16.87
DJI,2021,17.15
DJI,2022,17.22
DJI,2023,17.31
DJI,2024,17.41
DMA,2010,170
DMA,2011,140
DMA,2012,200
DMA,2013,200
DMA,2014,193.88
DMA,2015,188.94
DMA,2016,188.27
DMA,2017,189.57
DMA,2018,190.47
DMA,2019,191.38
DMA,2020,192.42
DMA,2021,192.19
DMA,2022,192.66
DMA,2023,193.13
DNK,2010,8863200
DNK,2011,8809200
DNK,2012,9485400
DNK,2013,9119687
DNK,2014,9796378
DNK,2015,10047500
DNK,2016,9154326
DNK,2017,10027261
DNK,2018,6923900
DNK,2019,9517830
DNK,2020,9467690
DNK,2021,8640070
DNK,2022,9464200
DNK,2023,7001960
DNK,2024,7496360
DOM,2010,886456.16
DOM,2011,912362
DOM,2012,707550.49
DOM,2013,772950.27
DOM,2014,856072.81
DOM,2015,860251.7
DOM,2016,899524.73
DOM,2017,950213
DOM,2018,1010915.79
DOM,2019,970003.28
DOM,2020,986240.82
DOM,2021,1061440.99
DOM,2022,1069149.17
DOM,2023,1007522.37
DOM,2024,1049756.97
DZA,2010,4211354.54
DZA,2011,4247535.01
DZA,2012,5137455
DZA,2013,4912551
DZA,2014,3435535
DZA,2015,3761229.6
DZA,2016,3445227.37
DZA,2017,3478175.14
DZA,2018,6066238.69
DZA,2019,5633592.07
DZA,2020,4393332.93
DZA,2021,2784018.35
DZA,2022,4093860.2
DZA,2023,3439233.56
DZA,2024,4118300.31
ECU,2010,2394927.21
ECU,2011,2195833.56
ECU,2012,2620285.81
ECU,2013,2436956.9
ECU,2014,2814310.08
ECU,2015,3238472.69
ECU,2016,2372925.49
ECU,2017,2801628.56
ECU,2018,2443477.8
ECU,2019,2400392.92
ECU,2020,2426404.23
ECU,2021,2948590.25
ECU,2022,2928676.01
ECU,2023,2754551.73
ECU,2024,2789553.4
EGY,2010,19464743
EGY,2011,22014225.25
EGY,2012,23755745
EGY,2013,24123416
EGY,2014,23323608.72
EGY,2015,23141275.32
EGY,2016,23385497.4
EGY,2017,22923640
EGY,2018,17565644.01
EGY,2019,21916624.05
EGY,2020,22457339.3
EGY,2021,23091464.6
EGY,2022,22002297
EGY,2023,23391009.98
ERI,2010,231050.48
ERI,2011,312366.22
ERI,2012,304056.87
ERI,2013,297926.22
ERI,2014,302103.81
ERI,2015,306990.27
ERI,2016,303673.43
ERI,2017,305644.26
ERI,2018,305435.99
ERI,2019,304917.89
ERI,2020,305332.72
ERI,2021,305228.87
ERI,2022,305159.83
ERI,2023,305240.47
ERI,2024,305209.72
ESP,2010,19880012.93
ESP,2011,22097143
ESP,2012,17547278
ESP,2013,25366791
ESP,2014,20581146.05
ESP,2015,20149310.35
ESP,2016,24056790
ESP,2017,16653669
ESP,2018,25348920
ESP,2019,20589030
ESP,2020,27320900
ESP,2021,25510560
ESP,2022,19292230
ESP,2023,11928280
ESP,2024,20862990
EST,2010,678372
EST,2011,771725
EST,2012,991200
EST,2013,975500
EST,2014,1221600
EST,2015,1535300
EST,2016,934051
EST,2017,1311893
EST,2018,919830
EST,2019,1624580
EST,2020,1632790
EST,2021,1285750
EST,2022,1528560
EST,2023,1200650
ETH,2010,19000252.33
ETH,2011,19218587
ETH,2012,20825650.18
ETH,2013,22274391.3
ETH,2014,24164343.95
ETH,2015,25859511.63
ETH,2016,26601251.15
ETH,2017,29298245.02
ETH,2018,30344417.57
ETH,2019,32268582.52
ETH,2020,32486214.54
ETH,2021,32459543.02
ETH,2022,31183280.68
ETH,2023,31501750.81
ETH,2024,31763173.56
FIN,2010,2991747.97
FIN,2011,3671399.37
FIN,2012,3661920.46
FIN,2013,4065778.95
FIN,2014,4130625.78
FIN,2015,3685494.18
FIN,2016,3566470.36
FIN,2017,3421642.54
FIN,2018,2768190
FIN,2019,4036110
FIN,2020,3415550
FIN,2021,2648990
FIN,2022,3590090
FIN,2023,3006670
FJI,2010,8616.84
FJI,2011,8142.78
FJI,2012,4857.86
FJI,2013,7710
FJI,2014,7843.06
FJI,2015,7427.98
FJI,2016,9540.67
FJI,2017,10065.79
FJI,2018,8282.71
FJI,2019,8012.5
FJI,2020,10573.64
FJI,2021,11829.1
FJI,2022,14699.39
FJI,2023,9194.18
FRA,2010,65839202.3
FRA,2011,63954886
FRA,2012,68341730.6
FRA,2013,67537680.9
FRA,2014,72801345
FRA,2015,73072833.8
FRA,2016,54616263.89
FRA,2017,68730244.14
FRA,2018,61839480
FRA,2019,70378890
FRA,2020,57085160
FRA,2021,66877140
FRA,2022,59927490
FRA,2023,64240810
FRA,2024,53553470
FSM,2010,220.72
FSM,2011,233.59
FSM,2012,254.5
FSM,2013,269.49
FSM,2014,285.22
FSM,2015,273.03
FSM,2016,278.08
FSM,2017,282.72
FSM,2018,288.09
FSM,2019,293.19
FSM,2020,288
FSM,2021,289.76
FSM,2022,290.32
FSM,2023,289.36
FSM,2024,289.81
GAB,2010,40754
GAB,2011,42405.02
GAB,2012,43407.52
GAB,2013,44201.82
GAB,2014,44781.36
GAB,2015,45415.03
GAB,2016,45999.72
GAB,2017,46425.6
GAB,2018,47181.39
GAB,2019,47627.39
GAB,2020,48060.28
GAB,2021,47623.02
GAB,2022,47770.23
GAB,2023,47817.84
GAB,2024,47737.03
GBR,2010,20946145
GBR,2011,21484952
GBR,2012,19515045
GBR,2013,20083467
GBR,2014,24468841
GBR,2015,24734564
GBR,2016,21964131
GBR,2017,23000066
GBR,2018,21084346
GBR,2019,25517303
GBR,2020,18961989
GBR,2021,22369109
GBR,2022,24362311
GBR,2023,22047420
GEO,2010,220200
GEO,2011,404700
GEO,2012,377300
GEO,2013,490624.35
GEO,2014,378206.12
GEO,2015,363416.42
GEO,2016,431206.97
GEO,2017,295207.81
GEO,2018,370940.58
GEO,2019,371478.05
GEO,2020,412342.15
GEO,2021,437456.24
GEO,2022,377758.81
GEO,2023,399752.4
GHA,2010,2906709.36
GHA,2011,2618992
GHA,2012,2890743
GHA,2013,2745913
GHA,2014,2780040
GHA,2015,2753193.99
GHA,2016,2798251.57
GHA,2017,3126782.91
GHA,2018,3573624.57
GHA,2019,4411039.66
GHA,2020,4636040.81
GHA,2021,4858040.31
GHA,2022,5136565.41
GHA,2023,5765040.5
GIN,2010,2861146
GIN,2011,3004174
GIN,2012,3240342
GIN,2013,3431379
GIN,2014,3401200
GIN,2015,3532855.87
GIN,2016,3648811
GIN,2017,3774616
GIN,2018,3911040
GIN,2019,3891171
GIN,2020,4008358
GIN,2021,4402724
GIN,2022,4745053.21
GIN,2023,5291963.84
GIN,2024,5385006.07
GMB,2010,363066
GMB,2011,182858
GMB,2012,223927
GMB,2013,227369
GMB,2014,174464.33
GMB,2015,230683
GMB,2016,173610
GMB,2017,122850
GMB,2018,98502.18
GMB,2019,95150.4
GMB,2020,107673
GMB,2021,113500.79
GMB,2022,107709.19
GMB,2023,128972.23
GNB,2010,256131.24
GNB,2011,218151.1
GNB,2012,248203.95
GNB,2013,264093.9
GNB,2014,166221.78
GNB,2015,207988.47
GNB,2016,225060.29
GNB,2017,210996.37
GNB,2018,223838.6
GNB,2019,239853.75
GNB,2020,257765.81
GNB,2021,280543
GNB,2022,301273
GNB,2023,307990.41
GNB,2024,323557.34
GRC,2010,4722507.58
GRC,2011,4868851.63
GRC,2012,4771538.78
GRC,2013,4875338.39
GRC,2014,4263956.43
GRC,2015,4297233.2
GRC,2016,3962383.67
GRC,2017,3682860.97
GRC,2018,2993980
GRC,2019,2944220
GRC,2020,3105370
GRC,2021,3233710
GRC,2022,3203370
GRC,2023,3404050
GRC,2024,2873990
GRD,2010,342.5
GRD,2011,350.51
GRD,2012,360
GRD,2013,400
GRD,2014,410.56
GRD,2015,354.12
GRD,2016,388.23
GRD,2017,385.82
GRD,2018,385.87
GRD,2019,384.35
GRD,2020,384.24
GRD,2021,386.82
GRD,2022,388.4
GRD,2023,389.98
GRD,2024,177.21
GTM,2010,1716378.83
GTM,2011,1754490.8
GTM,2012,1804109.52
GTM,2013,1876103.63
GTM,2014,1900910.37
GTM,2015,1938866.98
GTM,2016,1986485.1
GTM,2017,2037704.14
GTM,2018,2065221.14
GTM,2019,1922130.14
GTM,2020,2049922.64
GTM,2021,2130605.74
GTM,2022,2157520.14
GTM,2023,2184608.77
GUY,2010,560531.98
GUY,2011,623517.71
GUY,2012,653320
GUY,2013,827930
GUY,2014,981300
GUY,2015,1062100
GUY,2016,826200
GUY,2017,973400
GUY,2018,968000
GUY,2019,1053900
GUY,2020,1061600
GUY,2021,864000
GUY,2022,933600
GUY,2023,999000
HND,2010,632857.61
HND,2011,635620.08
HND,2012,621782.61
HND,2013,708268.05
HND,2014,670111.28
HND,2015,729021.15
HND,2016,701829.84
HND,2017,765602.19
HND,2018,791201.52
HND,2019,667799.38
HND,2020,753711.53
HND,2021,743577.18
HND,2022,751007.99
HND,2023,773845.23
HRV,2010,3014507.09
HRV,2011,2835283.88
HRV,2012,2694563.67
HRV,2013,3195466.11
HRV,2014,3001476.94
HRV,2015,2802791
HRV,2016,3573872
HRV,2017,2659648
HRV,2018,3243520
HRV,2019,3513320
HRV,2020,3746320
HRV,2021,3645150
HRV,2022,3023810
HRV,2023,3191010
HTI,2010,626800
HTI,2011,616092.22
HTI,2012,441594.05
HTI,2013,613317.95
HTI,2014,586897
HTI,2015,428590.12
HTI,2016,442632
HTI,2017,484000
HTI,2018,415370
HTI,2019,389868
HTI,2020,300130
HTI,2021,373000
HTI,2022,340000
HTI,2023,330000
HUN,2010,12269359
HUN,2011,13678147
HUN,2012,10372740
HUN,2013,13609910
HUN,2014,16613380
HUN,2015,14145172
HUN,2016,16643885
HUN,2017,14017280
HUN,2018,14885530
HUN,2019,15650010
HUN,2020,15566640
HUN,2021,13980870
HUN,2022,9060660
HUN,2023,15039690
HUN,2024,12689330
IDN,2010,77610636
IDN,2011,75902250
IDN,2012,79092022
IDN,2013,78606853
IDN,2014,78067426
IDN,2015,80643435
IDN,2016,77609413
IDN,2017,80416000
IDN,2018,78040534
IDN,2019,74254033
IDN,2020,71575202.24
IDN,2021,72561911.22
IDN,2022,77105730.08
IDN,2023,73966646
IND,2010,263964188.06
IND,2011,291776685.45
IND,2012,292416126.14
IND,2013,291510218.44
IND,2014,298698863.38
IND,2015,284850922
IND,2016,299053838.96
IND,2017,309663380.51
IND,2018,320692531.88
IND,2019,323957437.96
IND,2020,341446939.74
IND,2021,355529808.53
IND,2022,353766052.45
IND,2023,373583926.89
IND,2024,391123857.84
IRL,2010,2043780.93
IRL,2011,2512186.79
IRL,2012,2127500
IRL,2013,2403000
IRL,2014,2599817.27
IRL,2015,2635748.65
IRL,2016,2312985.31
IRL,2017,2394645.57
IRL,2018,1784900
IRL,2019,2267990
IRL,2020,1892640
IRL,2021,2363950
IRL,2022,2485680
IRL,2023,1902430
IRL,2024,1896580
IRN,2010,19597231.3
IRN,2011,15018275.96
IRN,2012,15777121.79
IRN,2013,16427670.68
IRN,2014,17551045
IRN,2015,18255384.86
IRN,2016,22419770.81
IRN,2017,19286154.53
IRN,2018,20130243.11
IRN,2019,22314123.14
IRN,2020,22573920.03
IRN,2021,18297823.18
IRN,2022,20162028.86
IRN,2023,20964153.27
IRQ,2010,4362383
IRQ,2011,4270151
IRQ,2012,4790950
IRQ,2013,6950373
IRQ,2014,7451634
IRQ,2015,3580324.91
IRQ,2016,4189005
IRQ,2017,4001107
IRQ,2018,2633473
IRQ,2019,7488255
IRQ,2020,9349401
IRQ,2021,5651910.37
IRQ,2022,3724302.96
IRQ,2023,5224352.42
ISL,2015,4637
ISL,2016,7389
ISL,2017,7400
ISL,2018,3900
ISL,2019,7900
ISL,2020,7287
ISL,2021,7490
ISL,2022,8900
ISL,2023,7679
ISR,2010,241055.51
ISR,2011,273519.91
ISR,2012,356387.62
ISR,2013,336558.34
ISR,2014,372420.26
ISR,2015,321746.39
ISR,2016,262284.33
ISR,2017,173788.48
ISR,2018,150689.74
ISR,2019,184113.18
ISR,2020,246807.47
ISR,2021,268351.8
ISR,2022,241004.19
ISR,2023,232342.59
ITA,2010,18502904
ITA,2011,19521138.3
ITA,2012,18594125.5
ITA,2013,18214664
ITA,2014,19396843.8
ITA,2015,17694873.4
ITA,2016,18219221
ITA,2017,16251718
ITA,2018,16548350
ITA,2019,16363450
ITA,2020,16945440
ITA,2021,16568150
ITA,2022,14300570
ITA,2023,15452820
JAM,2010,2626
JAM,2011,2967.7
JAM,2012,3121
JAM,2013,2996
JAM,2014,2512
JAM,2015,2365
JAM,2016,2353.6
JAM,2017,2540
JAM,2018,2177.09
JAM,2019,2059
JAM,2020,2018
JAM,2021,2122
JAM,2022,2426
JAM,2023,2291
JOR,2010,58260
JOR,2011,66582
JOR,2012,69627
JOR,2013,87914
JOR,2014,81280
JOR,2015,68941
JOR,2016,69268
JOR,2017,62088
JOR,2018,67328
JOR,2019,93258
JOR,2020,114192
JOR,2021,102554
JOR,2022,50899.5
JOR,2023,79359.9
JOR,2024,84011.52
JPN,2010,11454614.23
JPN,2011,11657491.61
JPN,2012,12166480.7
JPN,2013,12264625.46
JPN,2014,12285001.04
JPN,2015,12141378.23
JPN,2016,11924734.91
JPN,2017,11903650.57
JPN,2018,11575323.38
JPN,2019,11843136.29
JPN,2020,11692636.75
JPN,2021,11989622.75
JPN,2022,11718541.06
JPN,2023,11498533.52
KAZ,2010,12115936.1
KAZ,2011,26825408.11
KAZ,2012,12788283.02
KAZ,2013,18156926.97
KAZ,2014,17110814.34
KAZ,2015,18585080.23
KAZ,2016,20409775.1
KAZ,2017,20129017.6
KAZ,2018,19863375.73
KAZ,2019,17232084.31
KAZ,2020,19884853.43
KAZ,2021,16216231.34
KAZ,2022,21722294.24
KAZ,2023,16739554.8
KAZ,2024,24565948.19
KEN,2010,4347437
KEN,2011,4058581
KEN,2012,4711585
KEN,2013,4536942
KEN,2014,4227112.63
KEN,2015,4523082.62
KEN,2016,3892022.42
KEN,2017,3711200.84
KEN,2018,4805995.66
KEN,2019,4595021.63
KEN,2020,4881250.72
KEN,2021,4074461.28
KEN,2022,3846912.71
KEN,2023,5146069.64
KGZ,2010,1510268.31
KGZ,2011,1504682.83
KGZ,2012,1357040.8
KGZ,2013,1728265
KGZ,2014,1355798.3
KGZ,2015,1753400.4
KGZ,2016,1763628.63
KGZ,2017,1720953.81
KGZ,2018,1783480.01
KGZ,2019,1823496.71
KGZ,2020,1901467.81
KGZ,2021,1376452.91
KGZ,2022,1912650.7
KGZ,2023,1671536.41
KHM,2010,9018589
KHM,2011,9496000
KHM,2012,10241849
KHM,2013,10238400
KHM,2014,9798000
KHM,2015,9668100
KHM,2016,10494300
KHM,2017,11749500
KHM,2018,12123500
KHM,2019,11780700
KHM,2020,11836000
KHM,2021,12906000
KHM,2022,12787000
KHM,2023,14380000
KOR,2010,6020702.01
KOR,2011,5825775.77
KOR,2012,5604303.9
KOR,2013,5810450.68
KOR,2014,5852499.19
KOR,2015,5976258.87
KOR,2016,5831045.8
KOR,2017,5487987.7
KOR,2018,5418712.13
KOR,2019,5272979.18
KOR,2020,4945435.62
KOR,2021,5443029.24
KOR,2022,5219697.61
KOR,2023,5134022.24
KWT,2010,20303
KWT,2011,35457
KWT,2012,26862
KWT,2013,33254
KWT,2014,53636
KWT,2015,9312
KWT,2016,5257
KWT,2017,6103
KWT,2018,11217
KWT,2019,31382
KWT,2020,31395
KWT,2021,24680
KWT,2022,27028.69
KWT,2023,30954.56
LAO,2010,4091515
LAO,2011,4161995
LAO,2012,4614695
LAO,2013,4628645
LAO,2014,5414864.74
LAO,2015,5618250
LAO,2016,5701160
LAO,2017,5232304
LAO,2018,4566380
LAO,2019,4328125
LAO,2020,4202725
LAO,2021,4195807
LAO,2022,4244390
LAO,2023,4358683
LAO,2024,4266040
LBN,2010,111784.67
LBN,2011,158638.17
LBN,2012,188629.35
LBN,2013,178658.66
LBN,2014,176627.23
LBN,2015,180116.43
LBN,2016,181183.97
LBN,2017,166851.49
LBN,2018,164130
LBN,2019,165440
LBN,2020,174470
LBN,2021,133530
LBN,2022,133552
LBN,2023,133417.54
LBR,2010,296090
LBR,2011,291000
LBR,2012,297000
LBR,2013,270000
LBR,2014,266000
LBR,2015,296000
LBR,2016,335180
LBR,2017,247495
LBR,2018,257995
LBR,2019,276400
LBR,2020,279000
LBR,2021,255600
LBR,2022,288000
LBR,2023,256200
LBY,2010,243539.07
LBY,2011,275210
LBY,2012,308472.65
LBY,2013,305900
LBY,2014,304363.03
LBY,2015,254599.99
LBY,2016,299287.67
LBY,2017,209512.43
LBY,2018,279550
LBY,2019,219610
LBY,2020,209411
LBY,2021,209452
LBY,2022,209824.8
LBY,2023,207966.28
LBY,2024,164800.15
LKA,2010,4469740
LKA,2011,4038207
LKA,2012,4054851
LKA,2013,4837225
LKA,2014,3631157
LKA,2015,5055088.45
LKA,2016,4672796
LKA,2017,2584660
LKA,2018,4208158
LKA,2019,4843381
LKA,2020,5441134.5
LKA,2021,5630773.7
LKA,2022,3663231
LKA,2023,4744648
LSO,2010,173193
LSO,2011,103897.43
LSO,2012,101382.16
LSO,2013,107452
LSO,2014,115733.29
LSO,2015,82840.23
LSO,2016,25678.06
LSO,2017,216011.86
LSO,2018,157857.07
LSO,2019,35092.36
LSO,2020,28530.1
LSO,2021,98314.84
LSO,2022,82443.77
LSO,2023,143079.9
LTU,2010,2796700
LTU,2011,3225900
LTU,2012,4656600
LTU,2013,4474800
LTU,2014,5123200
LTU,2015,6066749
LTU,2016,5120821
LTU,2017,5074188
LTU,2018,4052940
LTU,2019,5235500
LTU,2020,6544720
LTU,2021,5340820
LTU,2022,5623660
LTU,2023,5629750
LUX,2010,166184
LUX,2011,149591
LUX,2012,153433
LUX,2013,173287
LUX,2014,168563
LUX,2015,176516
LUX,2016,139262
LUX,2017,149291
LUX,2018,157630
LUX,2019,163590
LUX,2020,146230
LUX,2021,147160
LUX,2022,170660
LUX,2023,148070
LVA,2010,1435500
LVA,2011,1412000
LVA,2012,2124500
LVA,2013,1948700
LVA,2014,2227200
LVA,2015,3021500
LVA,2016,2703200
LVA,2017,2692500
LVA,2018,2057300
LVA,2019,3163200
LVA,2020,3497100
LVA,2021,2994600
LVA,2022,3243700
LVA,2023,2715800
MAR,2010,7834479.24
MAR,2011,8689334
MAR,2012,5311218.76
MAR,2013,9874542.88
MAR,2014,6936819.24
MAR,2015,11687921.96
MAR,2016,3560828.31
MAR,2017,9787464.69
MAR,2018,10389766.77
MAR,2019,5316450.56
MAR,2020,3325862.52
MAR,2021,10452982.59
MAR,2022,3511705.34
MAR,2023,5626027.27
MAR,2024,3205380.76
MDA,2010,2386009
MDA,2011,2466400
MDA,2012,1190061
MDA,2013,2654337
MDA,2014,2886891
MDA,2015,2183323
MDA,2016,2954175
MDA,2017,3285836
MDA,2018,3421119
MDA,2019,3498682
MDA,2020,1478349
MDA,2021,4651182
MDA,2022,1758059
MDA,2023,3177124.1
MDG,2010,5159720.58
MDG,2011,4739751.99
MDG,2012,5009947
MDG,2013,3997774
MDG,2014,4350378.47
MDG,2015,4057987.42
MDG,2016,4138500.16
MDG,2017,3888315.15
MDG,2018,4251342.81
MDG,2019,4136206.77
MDG,2020,4455182.16
MDG,2021,4805087.92
MDG,2022,5144234.73
MDG,2023,5389921.52
MDV,2010,163.77
MDV,2011,171.94
MDV,2012,185.49
MDV,2013,195.47
MDV,2014,195.07
MDV,2015,196.88
MDV,2016,202.06
MDV,2017,198.23
MDV,2018,205.88
MDV,2019,202.41
MDV,2020,203.21
MDV,2021,204.95
MDV,2022,204.39
MDV,2023,204.61
MDV,2024,204.87
MEX,2010,34925200
MEX,2011,28408737
MEX,2012,33614212
MEX,2013,33210301
MEX,2014,36526602.49
MEX,2015,34704514.12
MEX,2016,38464938.31
MEX,2017,37487835.84
MEX,2018,36068401.88
MEX,2019,36164102.48
MEX,2020,36374789.68
MEX,2021,36582135.17
MEX,2022,36330006.75
MEX,2023,37015878.83
MKD,2010,541567
MKD,2011,554880.86
MKD,2012,459788.04
MKD,2013,561902.73
MKD,2014,629234.68
MKD,2015,483878.81
MKD,2016,640978.4
MKD,2017,447776.98
MKD,2018,598373.4
MKD,2019,563116.93
MKD,2020,578835.44
MKD,2021,562239.48
MKD,2022,542163.76
MKD,2023,522971.6
MKD,2024,532133.64
MLI,2010,5338937.19
MLI,2011,5777865.09
MLI,2012,6555027
MLI,2013,6993980
MLI,2014,6980884.5
MLI,2015,8055051.84
MLI,2016,8849709.99
MLI,2017,9296131.69
MLI,2018,10159697.35
MLI,2019,10451432.87
MLI,2020,10352057.11
MLI,2021,8819410.94
MLI,2022,10289007.59
MLI,2023,9979190.21
MLT,2010,15168.95
MLT,2011,14596.93
MLT,2012,14271.79
MLT,2013,13974.29
MLT,2014,13707.26
MLT,2015,12180.12
MLT,2016,12758.28
MLT,2017,14587.02
MLT,2018,0
MLT,2019,0
MLT,2020,0
MLT,2021,0
MLT,2022,0
MLT,2023,0
MMR,2010,34557652
MMR,2011,31094385
MMR,2012,28762652.42
MMR,2013,29045647.27
MMR,2014,29218917.6
MMR,2015,29055197.68
MMR,2016,28521820.27
MMR,2017,28500083.54
MMR,2018,30463881.13
MMR,2019,29104237.31
MMR,2020,28912459.17
MMR,2021,30140000.71
MMR,2022,30705495.5
MMR,2023,28283371.35
MMR,2024,30128822.09
MNE,2010,3793
MNE,2011,6294
MNE,2012,4895
MNE,2013,7587.8
MNE,2014,7614
MNE,2015,6658
MNE,2016,7019.6
MNE,2017,7215.2
MNE,2018,7300.5
MNE,2019,6910
MNE,2020,6683
MNE,2021,6473
MNE,2022,6605.9
MNE,2023,6846.06
MNG,2010,355062
MNG,2011,446050
MNG,2012,479349
MNG,2013,387043
MNG,2014,525473
MNG,2015,219068
MNG,2016,483453.4
MNG,2017,238101.9
MNG,2018,453849.21
MNG,2019,433305.44
MNG,2020,430317.92
MNG,2021,614497.24
MNG,2022,428648.86
MNG,2023,470337.11
MOZ,2010,2669055
MOZ,2011,2790539
MOZ,2012,2702581
MOZ,2013,1535308
MOZ,2014,1822426
MOZ,2015,1502596
MOZ,2016,1530755
MOZ,2017,1548552
MOZ,2018,1775517
MOZ,2019,1848259
MOZ,2020,1986744
MOZ,2021,2216565
MOZ,2022,2832309
MOZ,2023,2459322
MOZ,2024,2656063
MRT,2010,278473.41
MRT,2011,199092.35
MRT,2012,343848.35
MRT,2013,311756.02
MRT,2014,373295
MRT,2015,316152.29
MRT,2016,309050
MRT,2017,374733.3
MRT,2018,433522.22
MRT,2019,352584.21
MRT,2020,411052.94
MRT,2021,500873.58
MRT,2022,544116.52
MRT,2023,579977.53
MRT,2024,570226.68
MUS,2010,328
MUS,2011,636
MUS,2012,1244
MUS,2013,1278
MUS,2014,1811
MUS,2015,1108
MUS,2016,767
MUS,2017,602
MUS,2018,406
MUS,2019,516
MUS,2020,778
MUS,2021,1106
MUS,2022,823
MUS,2023,1502
MWI,2010,3610283
MWI,2011,3924971
MWI,2012,3832659
MWI,2013,3892310
MWI,2014,4246674
MWI,2015,3001731
MWI,2016,2531749
MWI,2017,3711454
MWI,2018,2925168
MWI,2019,3703148
MWI,2020,4028211.5
MWI,2021,4897640
MWI,2022,4022468
MWI,2023,3795155.5
MYS,2010,2464830
MYS,2011,2575988
MYS,2012,2599382
MYS,2013,2603654
MYS,2014,2844983
MYS,2015,2741404
MYS,2016,2739606
MYS,2017,2570513
MYS,2018,2639202
MYS,2019,2352870
MYS,2020,2356391.9
MYS,2021,2442070.8
MYS,2022,2282576.1
MYS,2023,2167306.44
NAM,2010,118357.63
NAM,2011,118338.71
NAM,2012,165800
NAM,2013,86599.74
NAM,2014,111718.32
NAM,2015,113528.8
NAM,2016,74368
NAM,2017,137559
NAM,2018,152898
NAM,2019,61400
NAM,2020,169575
NAM,2021,153028
NAM,2022,168181
NAM,2023,153012
NER,2010,5264113.27
NER,2011,3619099
NER,2012,5334840
NER,2013,4361285.43
NER,2014,4915346.32
NER,2015,5464508.64
NER,2016,5852503.48
NER,2017,5899763.48
NER,2018,6100262.26
NER,2019,5339053.11
NER,2020,5775124.3
NER,2021,3504464.93
NER,2022,5962437.68
NER,2023,5062273.54
NER,2024,5965898.52
NGA,2010,24650297.14
NGA,2011,20699525.8
NGA,2012,21427122.03
NGA,2013,20612563.18
NGA,2014,26383664
NGA,2015,26069496.24
NGA,2016,27531583.48
NGA,2017,27102164.73
NGA,2018,28190605.17
NGA,2019,29797188.79
NGA,2020,29211452.39
NGA,2021,29860718.74
NGA,2022,30314053.56
NGA,2023,28048997.48
NGA,2024,28473079.21
NIC,2010,969740.12
NIC,2011,1009193.66
NIC,2012,982568.01
NIC,2013,965045.27
NIC,2014,838643.21
NIC,2015,747920.39
NIC,2016,933034.01
NIC,2017,909045.22
NIC,2018,893458
NIC,2019,925610
NIC,2020,905198
NIC,2021,924130.14
NIC,2022,949096.63
NIC,2023,881420.38
NLD,2010,1803153
NLD,2011,1609679
NLD,2012,1730981
NLD,2013,1755536
NLD,2014,1700506
NLD,2015,1671654
NLD,2016,1355219
NLD,2017,1392686
NLD,2018,1318950
NLD,2019,1545910
NLD,2020,1368640
NLD,2021,1340280
NLD,2022,1651500
NLD,2023,1503200
NLD,2024,1044680
NOR,2010,1205800
NOR,2011,1026770
NOR,2012,1084690
NOR,2013,965230
NOR,2014,1238100
NOR,2015,1357900
NOR,2016,1326000
NOR,2017,1307300
NOR,2018,743100
NOR,2019,1296400
NOR,2020,1311300
NOR,2021,1184700
NOR,2022,1325000
NOR,2023,785000
NOR,2024,1181400
NPL,2010,8207431
NPL,2011,9227353
NPL,2012,8889977
NPL,2013,9122829
NPL,2014,9304245
NPL,2015,8776707
NPL,2016,9545530.84
NPL,2017,9680490.82
NPL,2018,10511825
NPL,2019,10566025
NPL,2020,11006495.78
NPL,2021,10627427
NPL,2022,11128373
NPL,2023,11150994.25
NRU,2017,1
NRU,2018,1
NRU,2019,0
NRU,2020,0
NZL,2010,1001296
NZL,2011,999389
NZL,2012,1168496
NZL,2013,1103220.91
NZL,2014,1097943
NZL,2015,1114618
NZL,2016,1096490
NZL,2017,936995.3
NZL,2018,977780.71
NZL,2019,1021321.72
NZL,2020,1021848.29
NZL,2021,996842.96
NZL,2022,968265.4
NZL,2023,987124
NZL,2024,1102880.6
OMN,2010,42204.4
OMN,2011,58014.77
OMN,2012,52463.66
OMN,2013,50873
OMN,2014,40664.49
OMN,2015,78950.34
OMN,2016,63202.94
OMN,2017,68228
OMN,2018,74339
OMN,2019,75306
OMN,2020,212258
OMN,2021,146211
OMN,2022,236293
OMN,2023,225134
PAK,2010,34811258
PAK,2011,39304580
PAK,2012,36496350
PAK,2013,40109711
PAK,2014,41895811
PAK,2015,41081682
PAK,2016,42555022
PAK,2017,44299994.5
PAK,2018,43254398
PAK,2019,43912063
PAK,2020,47226053
PAK,2021,51304736
PAK,2022,48519329
PAK,2023,53188016
PAN,2010,346388
PAN,2011,400174
PAN,2012,370023
PAN,2013,423781
PAN,2014,401220
PAN,2015,388183
PAN,2016,450357
PAN,2017,433472
PAN,2018,479139
PAN,2019,498966
PAN,2020,528363
PAN,2021,542610
PAN,2022,520917
PAN,2023,493200
PAN,2024,461850
PER,2010,4868327.25
PER,2011,4616640.67
PER,2012,5223285.28
PER,2013,5249331.88
PER,2014,5009103.09
PER,2015,5469456.57
PER,2016,5283994.69
PER,2017,5140707.27
PER,2018,5654930.21
PER,2019,5284110.01
PER,2020,5403798.9
PER,2021,5681654.67
PER,2022,5540009.51
PER,2023,5538591.33
PER,2024,5923490.54
PHL,2010,22149369
PHL,2011,23655648
PHL,2012,25440477.82
PHL,2013,25817440.51
PHL,2014,26739121.85
PHL,2015,25669246.05
PHL,2016,24846678.08
PHL,2017,27191819.46
PHL,2018,26838576.91
PHL,2019,26794250.87
PHL,2020,27413962.2
PHL,2021,28247959.21
PHL,2022,28012590.81
PHL,2023,28465199.05
PNG,2010,15919.12
PNG,2011,18204.77
PNG,2012,15270.72
PNG,2013,17364.67
PNG,2014,17752.75
PNG,2015,18190.15
PNG,2016,17943.56
PNG,2017,18502.82
PNG,2018,18366.63
PNG,2019,19025.8
PNG,2020,18652.05
PNG,2021,18693.22
PNG,2022,18799.35
PNG,2023,18719.75
POL,2010,27228098
POL,2011,26767403
POL,2012,28543870
POL,2013,28455154
POL,2014,31945433
POL,2015,28002726
POL,2016,29849223
POL,2017,31924964
POL,2018,26281580
POL,2019,28450920
POL,2020,35031300
POL,2021,33996290
POL,2022,34987760
POL,2023,35183860
PRK,2010,4514870.92
PRK,2011,4694507.75
PRK,2012,5195203.79
PRK,2013,5199405.86
PRK,2014,5223725.87
PRK,2015,4481457.55
PRK,2016,4975484.59
PRK,2017,4844532.35
PRK,2018,4238820.43
PRK,2019,5707075.03
PRK,2020,4664959.2
PRK,2021,4737034.76
PRK,2022,4777898.26
PRK,2023,4787300.87
PRK,2024,4885461.37
PRT,2010,1019204
PRT,2011,1157421
PRT,2012,1178144
PRT,2013,1362407
PRT,2014,1333258
PRT,2015,1240203
PRT,2016,1138085
PRT,2017,1125906
PRT,2018,1114440
PRT,2019,1161140
PRT,2020,1053530
PRT,2021,1125650
PRT,2022,1018080
PRT,2023,1042410
PRT,2024,1017320
PRY,2010,4975564
PRY,2011,5367547
PRY,2012,5160750
PRY,2013,6272395
PRY,2014,4931500
PRY,2015,7090736
PRY,2016,7262200
PRY,2017,7207780
PRY,2018,7069529
PRY,2019,8112030
PRY,2020,8433186
PRY,2021,6304401
PRY,2022,6683286.48
PRY,2023,6872271.79
PSE,2010,26979.89
PSE,2011,24651.39
PSE,2012,35904.55
PSE,2013,59055.3
PSE,2014,59111.97
PSE,2015,50142.56
PSE,2016,57726.61
PSE,2017,55234.52
PSE,2018,88237.98
PSE,2019,50640
PSE,2020,50660
PSE,2021,35858
PSE,2022,48036.29
PSE,2023,51014.38
QAT,2010,2665
QAT,2011,1700
QAT,2012,1908
QAT,2013,2259
QAT,2014,2455
QAT,2015,1800.5
QAT,2016,1377.3
QAT,2017,1374
QAT,2018,2308
QAT,2019,1011
QAT,2020,1503.3
QAT,2021,3305
QAT,2022,1193.9
QAT,2023,2209.4
ROU,2010,16712883
ROU,2011,20842160
ROU,2012,12824138
ROU,2013,20897076
ROU,2014,22070736
ROU,2015,19332821
ROU,2016,21764816
ROU,2017,27138884
ROU,2018,31552790
ROU,2019,30411970
ROU,2020,18153430
ROU,2021,27791090
ROU,2022,18860480
ROU,2023,20784510
RUS,2010,59619073.91
RUS,2011,91780914.78
RUS,2012,68753478.66
RUS,2013,90364970.67
RUS,2014,103135895.46
RUS,2015,102444492.24
RUS,2016,117753222.78
RUS,2017,131294828.27
RUS,2018,109839131.32
RUS,2019,117878703.7
RUS,2020,130039885.7
RUS,2021,117575103.68
RUS,2022,153095542.78
RUS,2023,136708406.91
RWA,2010,676547.9
RWA,2011,775438.56
RWA,2012,808340.12
RWA,2013,932107.27
RWA,2014,582270
RWA,2015,612865
RWA,2016,662566.51
RWA,2017,685611.43
RWA,2018,711445.6
RWA,2019,732107.12
RWA,2020,751906.56
RWA,2021,809832
RWA,2022,807219.18
RWA,2023,846384.42
RWA,2024,975198.81
SAU,2010,1565155
SAU,2011,1414016
SAU,2012,1084597
SAU,2013,881553
SAU,2014,1568940
SAU,2015,1616813
SAU,2016,1507153
SAU,2017,1493955
SAU,2018,1378885
SAU,2019,1293633
SAU,2020,1250955
SAU,2021,877638
SAU,2022,1068744
SAU,2023,1192998.83
SDN,2010,3562350
SDN,2011,5598000
SDN,2012,3038000
SDN,2013,5959500
SDN,2014,8072300
SDN,2015,4104600
SDN,2016,8523000
SDN,2017,5519957.59
SDN,2018,8875000
SDN,2019,5646000
SDN,2020,5709038.96
SDN,2021,5164937.84
SDN,2022,7451248.03
SDN,2023,4162048.93
SDN,2024,6726871.27
SEN,2010,1767822.21
SEN,2011,1099275
SEN,2012,1499756.65
SEN,2013,1270937
SEN,2014,1251248
SEN,2015,2152246
SEN,2016,2247093
SEN,2017,2516465
SEN,2018,2889218.28
SEN,2019,2768798.88
SEN,2020,3640544.67
SEN,2021,3535752.94
SEN,2022,3663690
SEN,2023,4253209.96
SLB,2010,2617.28
SLB,2011,2777.46
SLB,2012,2750.89
SLB,2013,2758.53
SLB,2014,2748.21
SLB,2015,2738.1
SLB,2016,2739.92
SLB,2017,2746.61
SLB,2018,2754.54
SLB,2019,2758.36
SLB,2020,2754.44
SLB,2021,2742.92
SLB,2022,2747.77
SLB,2023,2752.61
SLE,2010,1144650.03
SLE,2011,1257898.55
SLE,2012,1258510.8
SLE,2013,1374083.92
SLE,2014,1304449.47
SLE,2015,987059.65
SLE,2016,984599
SLE,2017,1025500.63
SLE,2018,1038913.14
SLE,2019,1084546.17
SLE,2020,1170547.98
SLE,2021,2131723.24
SLE,2022,1528291.53
SLE,2023,1536756.31
SLV,2010,968601
SLV,2011,923938
SLV,2012,1090739
SLV,2013,1043725
SLV,2014,1001957
SLV,2015,854471
SLV,2016,1072962
SLV,2017,1030124.36
SLV,2018,817563.23
SLV,2019,921410
SLV,2020,911983.75
SLV,2021,949883.81
SLV,2022,900080
SLV,2023,881000
SLV,2024,895000
SOM,2010,355814.89
SOM,2011,118872.5
SOM,2012,385345
SOM,2013,383243
SOM,2014,256619.98
SOM,2015,265481.36
SOM,2016,142413.68
SOM,2017,174518.17
SOM,2018,234815.8
SOM,2019,185055.97
SOM,2020,178064.01
SOM,2021,111052.44
SOM,2022,140056.33
SOM,2023,178060.22
SRB,2010,9295194.02
SRB,2011,9082265.94
SRB,2012,6379255.23
SRB,2013,9123502.57
SRB,2014,10876563.72
SRB,2015,8458144.98
SRB,2016,10893437.65
SRB,2017,6817938.55
SRB,2018,10553412.55
SRB,2019,10460848.03
SRB,2020,11471927.06
SRB,2021,10260714.62
SRB,2022,8036910.36
SRB,2023,10833519.42
SSD,2012,842000
SSD,2013,898000
SSD,2014,1270551
SSD,2015,921002
SSD,2016,825807
SSD,2017,764107
SSD,2018,745005
SSD,2019,818487
SSD,2020,874410
SSD,2021,840333
SSD,2022,1063299
SSD,2023,1086000
STP,2010,1561.17
STP,2011,1084.5
STP,2012,917.4
STP,2013,776.1
STP,2014,829.6
STP,2015,823.25
STP,2016,768
STP,2017,576
STP,2018,941
STP,2019,761.67
STP,2020,759.56
STP,2021,820.74
STP,2022,780.65
STP,2023,786.98
SUR,2010,226721
SUR,2011,235330
SUR,2012,224156
SUR,2013,262076
SUR,2014,275938
SUR,2015,268529.07
SUR,2016,278166
SUR,2017,289517
SUR,2018,274001
SUR,2019,274408
SUR,2020,249874
SUR,2021,263776
SUR,2022,184264
SUR,2023,203185.3
SVK,2010,2554376
SVK,2011,3714041
SVK,2012,3035809.8
SVK,2013,3411961
SVK,2014,4707654.8
SVK,2015,3805712
SVK,2016,4847544
SVK,2017,3484061
SVK,2018,4020160
SVK,2019,4104050
SVK,2020,4580900
SVK,2021,4289470
SVK,2022,3382800
SVK,2023,4304610
SVK,2024,3687160
SVN,2010,572622.46
SVN,2011,611689.89
SVN,2012,580413.33
SVN,2013,461461.76
SVN,2014,653111.28
SVN,2015,628407.59
SVN,2016,642479.23
SVN,2017,551216.16
SVN,2018,597050
SVN,2019,642250
SVN,2020,749700
SVN,2021,700550
SVN,2022,576200
SVN,2023,666890
SVN,2024,672960
SWE,2010,4279500
SWE,2011,4656800
SWE,2012,5055900
SWE,2013,4985200
SWE,2014,5775400
SWE,2015,6162400
SWE,2016,5447300
SWE,2017,5949600
SWE,2018,3260100
SWE,2019,6147700
SWE,2020,5954500
SWE,2021,4980300
SWE,2022,5823200
SWE,2023,4328000
SWZ,2010,86407.84
SWZ,2011,77388.12
SWZ,2012,84187.4
SWZ,2013,121413.61
SWZ,2014,121572.06
SWZ,2015,84589.38
SWZ,2016,35578.35
SWZ,2017,86633.02
SWZ,2018,115701.5
SWZ,2019,97714.65
SWZ,2020,89701.89
SWZ,2021,101839.01
SWZ,2022,129168.92
SWZ,2023,87172.99
SYR,2010,3900866
SYR,2011,4826260
SYR,2012,4597674
SYR,2013,4205161
SYR,2014,2694207.88
SYR,2015,4383804
SYR,2016,2661613
SYR,2017,2934757.33
SYR,2018,1733917.83
SYR,2019,6356135.92
SYR,2020,5322400.4
SYR,2021,2514776.43
SYR,2022,2276238
SYR,2023,4878705
SYR,2024,4330802
TCD,2010,3247583
TCD,2011,1657180
TCD,2012,3172411
TCD,2013,2622545
TCD,2014,2748668
TCD,2015,2452528
TCD,2016,2873660
TCD,2017,2716901
TCD,2018,3021972.6
TCD,2019,2925292
TCD,2020,2882262.08
TCD,2021,2620314.17
TCD,2022,2798641
TCD,2023,2643417
TCD,2024,2709156
TGO,2010,1045866
TGO,2011,1057893
TGO,2012,1268350
TGO,2013,1213807
TGO,2014,1310851
TGO,2015,1249728
TGO,2016,1263762
TGO,2017,1301069
TGO,2018,1339107
TGO,2019,1372361
TGO,2020,1355508
TGO,2021,1403574
TGO,2022,1439850
TGO,2023,1514448.12
THA,2010,40933902.61
THA,2011,43447714.68
THA,2012,43438509
THA,2013,42040227
THA,2014,37855165.68
THA,2015,32890604.99
THA,2016,36677356.95
THA,2017,38169115.77
THA,2018,37857467.3
THA,2019,33612281.85
THA,2020,37210781.64
THA,2021,38320298.67
THA,2022,38829805.16
THA,2023,38532088.18
TJK,2010,1382559
TJK,2011,1034798.1
TJK,2012,1175450.4
TJK,2013,1328800
TJK,2014,1257988.9
TJK,2015,1324044.4
TJK,2016,1367078.2
TJK,2017,1365514.8
TJK,2018,1218840
TJK,2019,1336387.1
TJK,2020,1314560.91
TJK,2021,1466073.31
TJK,2022,1461222.39
TJK,2023,1395441.73
TJK,2024,1552463.98
TKM,2010,1535230
TKM,2011,1203130
TKM,2012,1394234.77
TKM,2013,1584000
TKM,2014,1410000
TKM,2015,1617000
TKM,2016,1719101.35
TKM,2017,1692519
TKM,2018,1186738
TKM,2019,1767976.7
TKM,2020,1599474.13
TKM,2021,1587176.12
TKM,2022,1556079.24
TKM,2023,1468654.8
TLS,2010,261816.18
TLS,2011,148080
TLS,2012,182005
TLS,2013,188121
TLS,2014,191297
TLS,2015,213902
TLS,2016,156565.16
TLS,2017,137114.64
TLS,2018,143213.78
TLS,2019,123512
TLS,2020,127589
TLS,2021,101513
TLS,2022,172500
TLS,2023,168000
TTO,2010,5460.97
TTO,2011,6123.66
TTO,2012,5621.9
TTO,2013,6292.19
TTO,2014,6406.38
TTO,2015,5440.4
TTO,2016,5533.76
TTO,2017,5650.57
TTO,2018,5032.2
TTO,2019,5575
TTO,2020,5734
TTO,2021,5351.1
TTO,2022,5125
TTO,2023,5326
TUN,2010,1113434.14
TUN,2011,2343805.56
TUN,2012,2305900
TUN,2013,1328220
TUN,2014,2350002.51
TUN,2015,1339798.43
TUN,2016,1324694.61
TUN,2017,1637797.47
TUN,2018,1444372.59
TUN,2019,2426888.76
TUN,2020,1564885.76
TUN,2021,1679245.07
TUN,2022,1713880.94
TUN,2023,612415.4
TUN,2024,1504225.72
TUR,2010,32764875
TUR,2011,35195055
TUR,2012,33370865
TUR,2013,37475610
TUR,2014,32708005
TUR,2015,38632438
TUR,2016,35276615
TUR,2017,36126157
TUR,2018,34395628
TUR,2019,34398698
TUR,2020,37184688
TUR,2021,31864404
TUR,2022,38667033
TUR,2023,42193311
TUR,2024,39017292
TZA,2010,8643198
TZA,2011,7955143
TZA,2012,8119819
TZA,2013,8867188
TZA,2014,10874542
TZA,2015,10054817.52
TZA,2016,10797277.27
TZA,2017,10346519.01
TZA,2018,10831072.34
TZA,2019,10408437.72
TZA,2020,12488723.31
TZA,2021,12390737.72
TZA,2022,11933596.69
TZA,2023,12789232.32
UGA,2010,3270391
UGA,2011,3500763
UGA,2012,3546438
UGA,2013,3508500
UGA,2014,3662246
UGA,2015,3720394
UGA,2016,3278888
UGA,2017,3412916
UGA,2018,4075377
UGA,2019,3120000
UGA,2020,4032000
UGA,2021,4229600
UGA,2022,5525000
UGA,2023,5720000
UGA,2024,5670000
UKR,2010,38685986.74
UKR,2011,56263263.02
UKR,2012,45750171.09
UKR,2013,62687581.61
UKR,2014,63388560
UKR,2015,59627180
UKR,2016,65217850
UKR,2017,60735683.33
UKR,2018,69154567.78
UKR,2019,74481803.68
UKR,2020,64374797.76
UKR,2021,85368634.79
UKR,2022,53536000.57
UKR,2023,59318005.32
UKR,2024,55651880
URY,2010,3886956.13
URY,2011,3721490.59
URY,2012,4603045.78
URY,2013,3508600
URY,2014,4027196
URY,2015,3599918.51
URY,2016,3621181.97
URY,2017,3565340.74
URY,2018,2513476.64
URY,2019,3564992.57
URY,2020,3503156.91
URY,2021,4048466.16
URY,2022,4597619.42
URY,2023,3937345.47
URY,2024,4116826.06
USA,2010,401126329.74
USA,2011,385545255.77
USA,2012,356210124
USA,2013,434308450
USA,2014,442849090
USA,2015,431870370.62
USA,2016,503466147.24
USA,2017,440271775.02
USA,2018,439710828.46
USA,2019,420873692.84
USA,2020,433259869.82
USA,2021,450200713.33
USA,2022,408899960.3
USA,2023,462631157.55
USA,2024,454987916.06
UZB,2010,7473500
UZB,2011,7063268
UZB,2012,7431597
UZB,2013,7704980
UZB,2014,7890990
UZB,2015,8014002
UZB,2016,8096413.83
UZB,2017,7067542.17
UZB,2018,6248843.77
UZB,2019,7097740
UZB,2020,7226304.31
UZB,2021,7196119.42
UZB,2022,7516778.12
UZB,2023,7911754.68
VCT,2010,582
VCT,2011,691
VCT,2012,854
VCT,2013,575
VCT,2014,857
VCT,2015,775
VCT,2016,866
VCT,2017,1129
VCT,2018,1030
VCT,2019,900
VCT,2020,848
VCT,2021,796
VCT,2022,640
VCT,2023,633
VCT,2024,427
VEN,2010,3664849
VEN,2011,3429024
VEN,2012,3311726
VEN,2013,3693974
VEN,2014,3597762
VEN,2015,2294532
VEN,2016,2085076.11
VEN,2017,1915874.44
VEN,2018,1627460
VEN,2019,1579755
VEN,2020,2396627.73
VEN,2021,2143168.91
VEN,2022,1761232.21
VEN,2023,2101402.38
VNM,2010,44613831.2
VNM,2011,47235597.59
VNM,2012,48712657.95
VNM,2013,49231389.27
VNM,2014,50178378
VNM,2015,50379409.69
VNM,2016,48359869.77
VNM,2017,47877218.26
VNM,2018,48923673.32
VNM,2019,48231531.65
VNM,2020,47325157.08
VNM,2021,48301162.59
VNM,2022,47085607.1
VNM,2023,47935652.71
VUT,2010,822.91
VUT,2011,830.58
VUT,2012,800
VUT,2013,950
VUT,2014,890.19
VUT,2015,873.51
VUT,2016,887.17
VUT,2017,904.19
VUT,2018,916.67
VUT,2019,932.3
VUT,2020,945.56
VUT,2021,956.94
VUT,2022,986
VUT,2023,983.57
VUT,2024,985.44
WLD,2010,2471965841.95
WLD,2011,2590198747.45
WLD,2012,2541908619.37
WLD,2013,2765310029.01
WLD,2014,2822286611.04
WLD,2015,2833752794.39
WLD,2016,2939699643.3
WLD,2017,2942085906.1
WLD,2018,2899918262.77
WLD,2019,2964249370.79
WLD,2020,3032407096.06
WLD,2021,3082350445.56
WLD,2022,3059720000.67
WLD,2023,3123613732.92
WLD,2024,1644081589.79
YEM,2010,1012945
YEM,2011,816555
YEM,2012,909741
YEM,2013,863334
YEM,2014,699962
YEM,2015,459246
YEM,2016,357068
YEM,2017,358355
YEM,2018,344648
YEM,2019,456714
YEM,2020,789527
YEM,2021,879341.54
YEM,2022,445000
YEM,2023,435000
ZAF,2010,14700930.93
ZAF,2011,12928365.21
ZAF,2012,14556167.9
ZAF,2013,14154567.74
ZAF,2014,16617348.61
ZAF,2015,12581802.08
ZAF,2016,10629626.27
ZAF,2017,19591509.64
ZAF,2018,15565749.67
ZAF,2019,13872311.88
ZAF,2020,18790412.3
ZAF,2021,19232354.71
ZAF,2022,18036975.36
ZAF,2023,19016530.07
ZAF,2024,15313961.1
ZMB,2010,3096213.43
ZMB,2011,3376059.01
ZMB,2012,3210649.44
ZMB,2013,2901568.18
ZMB,2014,3652300.93
ZMB,2015,2900164.12
ZMB,2016,3110868.43
ZMB,2017,3895117.44
ZMB,2018,2602942.73
ZMB,2019,2225768.76
ZMB,2020,3689518.39
ZMB,2021,3953632.31
ZMB,2022,3056715.38
ZMB,2023,3658965.82
ZWE,2010,1388500.13
ZWE,2011,1172985
ZWE,2012,1284471.94
ZWE,2013,1152560.07
ZWE,2014,1230994.36
ZWE,2015,800284.41
ZWE,2016,676747.45
ZWE,2017,1748338.91
ZWE,2018,1780368.98
ZWE,2019,1025878.7
ZWE,2020,1661220.93
ZWE,2021,2043745.48
ZWE,2022,1461356.18
ZWE,2023,1167830.07
