# World Bank Open Data GB.XPD.RSDV.GD.ZS, last updated 2026-07-13, CC BY 4.0
iso3,year,value
AGO,2016,0.03229
ALB,2021,0.18998
ALB,2022,0.19997
AND,2022,0.15818
ARE,2011,0.47252
ARE,2014,0.67523
ARE,2015,0.86569
ARE,2016,0.9318
ARE,2018,1.26389
ARE,2019,1.31065
ARE,2020,1.48831
ARE,2021,1.49469
ARG,2010,0.56104
ARG,2011,0.56597
ARG,2012,0.63491
ARG,2013,0.61849
ARG,2014,0.59396
ARG,2015,0.62262
ARG,2016,0.55815
ARG,2017,0.55632
ARG,2018,0.4883
ARG,2019,0.47813
ARG,2020,0.54126
ARG,2021,0.5236
ARG,2022,0.54951
ARG,2023,0.60111
ARM,2010,0.24139
ARM,2011,0.27014
ARM,2012,0.23853
ARM,2013,0.22216
ARM,2014,0.24151
ARM,2015,0.25002
ARM,2016,0.23305
ARM,2017,0.22788
ARM,2018,0.18876
ARM,2019,0.17854
ARM,2020,0.2092
ARM,2021,0.20557
ARM,2022,0.20955
ARM,2023,0.1821
ARM,2024,0.2861
AUS,2010,2.3702
AUS,2011,2.23459
AUS,2013,2.17733
AUS,2015,1.91969
AUS,2017,1.88102
AUS,2019,1.82826
AUS,2021,1.85783
AUT,2010,2.74321
AUT,2011,2.68567
AUT,2012,2.93372
AUT,2013,2.97993
AUT,2014,3.11263
AUT,2015,3.06917
AUT,2016,3.13356
AUT,2017,3.07376
AUT,2018,3.10828
AUT,2019,3.14405
AUT,2020,3.20758
AUT,2021,3.25565
AUT,2022,3.17775
AUT,2023,3.25517
AZE,2010,0.21848
AZE,2011,0.21084
AZE,2012,0.21427
AZE,2013,0.20969
AZE,2014,0.20978
AZE,2015,0.22232
AZE,2016,0.20637
AZE,2017,0.18468
AZE,2018,0.18416
AZE,2019,0.20013
AZE,2020,0.2239
AZE,2021,0.20836
AZE,2022,0.1513
AZE,2023,0.1816
AZE,2024,0.20778
BDI,2010,0.13719
BDI,2012,0.10702
BDI,2018,0.21312
BEL,2010,2.0613
BEL,2011,2.15739
BEL,2012,2.27079
BEL,2013,2.32047
BEL,2014,2.35858
BEL,2015,2.43496
BEL,2016,2.53291
BEL,2017,2.67654
BEL,2018,2.86365
BEL,2019,3.15154
BEL,2020,3.36823
BEL,2021,3.40589
BEL,2022,3.19592
BEL,2023,3.27235
BFA,2014,0.19719
BFA,2017,0.61361
BFA,2019,0.17435
BFA,2020,0.25116
BFA,2021,0.25057
BFA,2023,0.09845
BFA,2024,0.10477
BGR,2010,0.56299
BGR,2011,0.5295
BGR,2012,0.60039
BGR,2013,0.63424
BGR,2014,0.79007
BGR,2015,0.94947
BGR,2016,0.77009
BGR,2017,0.74037
BGR,2018,0.75505
BGR,2019,0.83576
BGR,2020,0.84549
BGR,2021,0.76933
BGR,2022,0.75174
BGR,2023,0.79224
BHR,2014,0.09713
BHR,2024,0.19327
BIH,2012,0.26533
BIH,2013,0.32132
BIH,2014,0.25725
BIH,2015,0.21603
BIH,2016,0.21337
BIH,2017,0.1978
BIH,2018,0.19199
BIH,2019,0.19001
BIH,2020,0.20325
BIH,2021,0.19035
BIH,2022,0.18743
BIH,2023,0.18853
BIH,2024,0.21437
BLR,2010,0.66913
BLR,2011,0.6776
BLR,2012,0.64603
BLR,2013,0.65191
BLR,2014,0.50548
BLR,2015,0.49999
BLR,2016,0.50063
BLR,2017,0.58411
BLR,2018,0.60443
BLR,2019,0.57733
BLR,2020,0.53901
BLR,2021,0.45981
BLR,2022,0.47477
BLR,2023,0.57348
BLR,2024,0.5872
BOL,2017,0.07627
BOL,2019,0.06643
BOL,2021,0.06308
BRA,2010,1.15992
BRA,2011,1.13966
BRA,2012,1.12684
BRA,2013,1.19567
BRA,2014,1.26971
BRA,2015,1.28464
BRA,2016,1.19584
BRA,2017,1.1175
BRA,2018,1.15016
BRA,2019,1.15115
BRA,2020,1.21907
BRA,2021,1.13371
BRA,2022,1.18873
BRA,2023,1.1938
BRN,2018,0.27764
BTN,2023,0.10787
BTN,2024,0.09979
BWA,2012,0.26759
BWA,2013,0.561
CAN,2010,1.82504
CAN,2011,1.78714
CAN,2012,1.77303
CAN,2013,1.70624
CAN,2014,1.71482
CAN,2015,1.6936
CAN,2016,1.72903
CAN,2017,1.68702
CAN,2018,1.7372
CAN,2019,1.75578
CAN,2020,1.93413
CAN,2021,1.87064
CAN,2022,1.81291
CAN,2023,1.81048
CAN,2024,1.7908
CHE,2012,2.87456
CHE,2015,3.04577
CHE,2017,3.04671
CHE,2019,3.14983
CHE,2021,3.24862
CHE,2023,3.22178
CHL,2010,0.33165
CHL,2011,0.35288
CHL,2012,0.36213
CHL,2013,0.39031
CHL,2014,0.37668
CHL,2015,0.38296
CHL,2016,0.37103
CHL,2017,0.35679
CHL,2018,0.36916
CHL,2019,0.34243
CHL,2020,0.33525
CHL,2021,0.36063
CHL,2022,0.39205
CHN,2010,1.68456
CHN,2011,1.75244
CHN,2012,1.88095
CHN,2013,1.96246
CHN,2014,1.98475
CHN,2015,2.01703
CHN,2016,2.0595
CHN,2017,2.07771
CHN,2018,2.10232
CHN,2019,2.20144
CHN,2020,2.35712
CHN,2021,2.38165
CHN,2022,2.4945
CHN,2023,2.57729
CIV,2016,0.06975
COD,2015,0.40638
COG,2022,0.38339
COL,2010,0.19358
COL,2011,0.19842
COL,2012,0.22116
COL,2013,0.25761
COL,2014,0.30317
COL,2015,0.36542
COL,2016,0.27051
COL,2017,0.26109
COL,2018,0.31233
COL,2019,0.32201
COL,2020,0.2894
CPV,2011,0.06622
CRI,2010,0.4799
CRI,2011,0.46235
CRI,2012,0.54713
CRI,2013,0.54253
CRI,2014,0.55627
CRI,2015,0.43665
CRI,2016,0.44335
CRI,2017,0.42587
CRI,2018,0.37144
CRI,2020,0.33002
CRI,2021,0.27385
CRI,2022,0.33789
CRI,2023,0.33738
CUB,2010,0.60767
CUB,2011,0.27192
CUB,2012,0.40716
CUB,2013,0.47467
CUB,2014,0.41596
CUB,2015,0.42854
CUB,2016,0.34223
CUB,2017,0.43066
CUB,2018,0.53691
CUB,2019,0.55308
CUB,2020,0.51838
CUB,2021,0.32282
CUB,2022,0.36032
CUB,2023,0.39213
CUB,2024,0.43839
CYP,2010,0.44292
CYP,2011,0.45263
CYP,2012,0.43765
CYP,2013,0.48485
CYP,2014,0.51205
CYP,2015,0.47529
CYP,2016,0.5197
CYP,2017,0.54259
CYP,2018,0.61032
CYP,2019,0.70269
CYP,2020,0.82581
CYP,2021,0.77686
CYP,2022,0.70468
CYP,2023,0.68145
CZE,2010,1.31352
CZE,2011,1.5323
CZE,2012,1.757
CZE,2013,1.86743
CZE,2014,1.94392
CZE,2015,1.906
CZE,2016,1.65411
CZE,2017,1.74513
CZE,2018,1.87652
CZE,2019,1.89547
CZE,2020,1.94537
CZE,2021,1.93302
CZE,2022,1.89089
CZE,2023,1.83369
DEU,2010,2.67632
DEU,2011,2.75016
DEU,2012,2.82499
DEU,2013,2.78067
DEU,2014,2.82218
DEU,2015,2.87725
DEU,2016,2.88393
DEU,2017,2.9886
DEU,2018,3.05057
DEU,2019,3.11256
DEU,2020,3.0897
DEU,2021,3.0786
DEU,2022,3.07096
DEU,2023,3.1539
DNK,2010,2.91389
DNK,2011,2.94198
DNK,2012,2.9845
DNK,2013,2.96145
DNK,2014,2.91543
DNK,2015,3.06422
DNK,2016,3.10209
DNK,2017,2.93576
DNK,2018,2.97895
DNK,2019,2.90605
DNK,2020,2.96533
DNK,2021,2.74323
DNK,2022,2.86709
DNK,2023,3.04841
DZA,2017,0.47865
DZA,2023,0.37787
DZA,2024,0.44395
ECU,2010,0.41127
ECU,2011,0.34115
ECU,2012,0.33308
ECU,2013,0.37423
ECU,2014,0.43839
EGY,2010,0.43345
EGY,2011,0.53154
EGY,2012,0.50899
EGY,2013,0.63895
EGY,2014,0.63649
EGY,2015,0.71858
EGY,2016,0.70848
EGY,2017,0.64486
EGY,2018,0.68839
EGY,2019,0.79617
EGY,2020,0.91564
EGY,2021,0.91175
EGY,2022,1.01968
EGY,2023,1.03356
EGY,2024,1.01757
ESP,2010,1.35436
ESP,2011,1.32726
ESP,2012,1.29268
ESP,2013,1.26864
ESP,2014,1.23401
ESP,2015,1.21165
ESP,2016,1.1808
ESP,2017,1.20198
ESP,2018,1.23288
ESP,2019,1.24207
ESP,2020,1.39637
ESP,2021,1.39617
ESP,2022,1.40684
ESP,2023,1.49362
EST,2010,1.57892
EST,2011,2.29632
EST,2012,2.10485
EST,2013,1.70141
EST,2014,1.40794
EST,2015,1.44125
EST,2016,1.21835
EST,2017,1.25152
EST,2018,1.38298
EST,2019,1.59093
EST,2020,1.72614
EST,2021,1.75152
EST,2022,1.76094
EST,2023,1.83878
ETH,2010,0.24137
ETH,2013,0.60474
ETH,2017,0.27437
FIN,2010,3.70524
FIN,2011,3.62434
FIN,2012,3.4095
FIN,2013,3.28462
FIN,2014,3.16344
FIN,2015,2.88826
FIN,2016,2.74716
FIN,2017,2.74723
FIN,2018,2.77601
FIN,2019,2.81534
FIN,2020,2.93278
FIN,2021,3.01133
FIN,2022,2.982
FIN,2023,3.0938
FRA,2010,2.17771
FRA,2011,2.18761
FRA,2012,2.22761
FRA,2013,2.23369
FRA,2014,2.27173
FRA,2015,2.22401
FRA,2016,2.22468
FRA,2017,2.20422
FRA,2018,2.20407
FRA,2019,2.19668
FRA,2020,2.2742
FRA,2021,2.21278
FRA,2022,2.21937
FRA,2023,2.17832
GBR,2010,1.63887
GBR,2011,1.64681
GBR,2012,1.57587
GBR,2013,1.62096
GBR,2014,2.26488
GBR,2015,2.27566
GBR,2016,2.32051
GBR,2017,2.32602
GBR,2018,2.70889
GBR,2019,2.6707
GBR,2020,2.93993
GBR,2021,2.89968
GBR,2022,2.75224
GBR,2023,2.67614
GEO,2013,0.0771
GEO,2014,0.16991
GEO,2015,0.29397
GEO,2016,0.28025
GEO,2017,0.26645
GEO,2018,0.27573
GEO,2019,0.28197
GEO,2020,0.29765
GEO,2021,0.24875
GEO,2022,0.2347
GEO,2023,0.25084
GEO,2024,0.26435
GHA,2010,0.37655
GMB,2011,0.0848
GMB,2018,0.06933
GRC,2010,0.60491
GRC,2011,0.6837
GRC,2012,0.71953
GRC,2013,0.82288
GRC,2014,0.84553
GRC,2015,0.9716
GRC,2016,1.00556
GRC,2017,1.1492
GRC,2018,1.2066
GRC,2019,1.26236
GRC,2020,1.48872
GRC,2021,1.43353
GRC,2022,1.47714
GRC,2023,1.4943
GTM,2010,0.04421
GTM,2011,0.04894
GTM,2012,0.04543
GTM,2013,0.03916
GTM,2014,0.02949
GTM,2015,0.03064
GTM,2016,0.02311
GTM,2017,0.02955
GTM,2018,0.02938
GTM,2019,0.02642
GTM,2020,0.04887
GTM,2021,0.05835
GTM,2022,0.00549
GTM,2023,0.00609
HND,2015,0.01497
HND,2017,0.03994
HND,2018,0.06394
HND,2019,0.05997
HRV,2010,0.72875
HRV,2011,0.73493
HRV,2012,0.73545
HRV,2013,0.79163
HRV,2014,0.76744
HRV,2015,0.82388
HRV,2016,0.84569
HRV,2017,0.84354
HRV,2018,0.94608
HRV,2019,1.07723
HRV,2020,1.23536
HRV,2021,1.24187
HRV,2022,1.41896
HRV,2023,1.38621
HUN,2010,1.13102
HUN,2011,1.18116
HUN,2012,1.25758
HUN,2013,1.38449
HUN,2014,1.3437
HUN,2015,1.33884
HUN,2016,1.17645
HUN,2017,1.31498
HUN,2018,1.50196
HUN,2019,1.46473
HUN,2020,1.58067
HUN,2021,1.63327
HUN,2022,1.39056
HUN,2023,1.37748
IDN,2013,0.0847
IDN,2016,0.24535
IDN,2017,0.23805
IDN,2018,0.22632
IDN,2019,0.27129
IDN,2020,0.28068
IND,2010,0.78849
IND,2011,0.75502
IND,2012,0.74399
IND,2013,0.70642
IND,2014,0.70158
IND,2015,0.6931
IND,2016,0.66984
IND,2017,0.66603
IND,2018,0.66001
IND,2019,0.65942
IND,2020,0.64558
IRL,2010,1.59425
IRL,2011,1.53761
IRL,2012,1.5455
IRL,2013,1.53562
IRL,2014,1.47756
IRL,2015,1.14062
IRL,2016,1.14954
IRL,2017,1.20821
IRL,2018,1.08244
IRL,2019,1.13733
IRL,2020,1.12466
IRL,2021,1.0732
IRL,2022,1.53215
IRL,2023,1.58829
IRN,2010,0.26442
IRN,2012,0.29435
IRN,2013,0.23601
IRN,2015,0.39383
IRN,2017,0.75983
IRN,2019,0.78829
IRN,2021,0.72665
IRQ,2010,0.03684
IRQ,2011,0.03476
IRQ,2014,0.03835
IRQ,2015,0.04017
IRQ,2016,0.03737
IRQ,2017,0.04596
IRQ,2018,0.04279
IRQ,2019,0.03266
IRQ,2020,0.04053
IRQ,2021,0.0407
ISL,2011,2.40366
ISL,2013,1.69237
ISL,2014,1.93616
ISL,2015,2.18137
ISL,2016,2.11011
ISL,2017,2.08365
ISL,2018,2.00081
ISL,2019,2.34018
ISL,2020,2.4864
ISL,2021,2.78171
ISL,2022,2.60089
ISL,2023,2.64005
ISR,2010,3.8421
ISR,2011,3.91608
ISR,2012,4.06028
ISR,2013,4.10651
ISR,2014,4.19613
ISR,2015,4.29761
ISR,2016,4.59051
ISR,2017,4.74032
ISR,2018,4.91965
ISR,2019,5.35528
ISR,2020,5.83209
ISR,2021,5.75725
ISR,2022,6.17831
ISR,2023,6.34589
ITA,2010,1.21296
ITA,2011,1.19531
ITA,2012,1.25559
ITA,2013,1.29425
ITA,2014,1.33148
ITA,2015,1.33213
ITA,2016,1.35915
ITA,2017,1.36393
ITA,2018,1.41934
ITA,2019,1.45558
ITA,2020,1.49869
ITA,2021,1.41065
ITA,2022,1.36563
ITA,2023,1.37935
JOR,2016,0.69547
JPN,2010,3.10495
JPN,2011,3.20537
JPN,2012,3.1737
JPN,2013,3.27895
JPN,2014,3.36788
JPN,2015,3.24071
JPN,2016,3.10665
JPN,2017,3.16636
JPN,2018,3.2192
JPN,2019,3.21824
JPN,2020,3.26556
JPN,2021,3.27383
JPN,2022,3.40053
JPN,2023,3.44125
KAZ,2010,0.15341
KAZ,2011,0.15349
KAZ,2012,0.16525
KAZ,2013,0.17132
KAZ,2014,0.16722
KAZ,2015,0.16951
KAZ,2016,0.14179
KAZ,2017,0.12667
KAZ,2018,0.11683
KAZ,2019,0.11841
KAZ,2020,0.12602
KAZ,2021,0.13023
KAZ,2022,0.11715
KAZ,2023,0.14449
KAZ,2024,0.16242
KEN,2010,0.69222
KEN,2022,0.40651
KEN,2023,0.80427
KEN,2024,0.81069
KGZ,2010,0.15547
KGZ,2011,0.15633
KGZ,2012,0.1661
KGZ,2013,0.14914
KGZ,2014,0.12536
KGZ,2015,0.11903
KGZ,2016,0.11121
KGZ,2017,0.10707
KGZ,2018,0.10107
KGZ,2019,0.08535
KGZ,2020,0.08356
KGZ,2021,0.07102
KGZ,2022,0.06922
KGZ,2023,0.05414
KGZ,2024,0.05269
KHM,2015,0.08828
KOR,2010,3.17913
KOR,2011,3.44409
KOR,2012,3.6852
KOR,2013,3.77487
KOR,2014,3.88983
KOR,2015,3.78907
KOR,2016,3.78638
KOR,2017,4.07341
KOR,2018,4.27155
KOR,2019,4.36379
KOR,2020,4.5214
KOR,2021,4.59673
KOR,2022,4.84753
KOR,2023,4.94352
KWT,2010,0.1014
KWT,2011,0.09898
KWT,2012,0.09721
KWT,2013,0.30153
KWT,2014,0.42705
KWT,2015,0.0966
KWT,2016,0.07985
KWT,2017,0.0804
KWT,2018,0.06329
KWT,2019,0.18512
KWT,2020,0.17805
KWT,2022,0.0801
KWT,2023,0.09547
KWT,2024,0.08954
LIE,2019,5.86833
LIE,2023,6.00984
LKA,2010,0.13241
LKA,2013,0.0973
LKA,2014,0.09605
LKA,2015,0.10291
LKA,2016,0.12034
LKA,2017,0.11818
LKA,2018,0.11949
LKA,2020,0.11616
LKA,2022,0.10506
LSO,2011,0.01255
LSO,2015,0.05101
LSO,2023,0.09453
LTU,2010,0.79379
LTU,2011,0.90998
LTU,2012,0.8976
LTU,2013,0.95322
LTU,2014,1.03495
LTU,2015,1.04077
LTU,2016,0.84391
LTU,2017,0.8963
LTU,2018,0.92781
LTU,2019,0.98701
LTU,2020,1.12379
LTU,2021,1.10044
LTU,2022,1.05289
LTU,2023,1.04977
LUX,2010,1.42373
LUX,2011,1.42453
LUX,2012,1.20664
LUX,2013,1.23381
LUX,2014,1.217
LUX,2015,1.25226
LUX,2016,1.2669
LUX,2017,1.23898
LUX,2018,1.17039
LUX,2019,1.18209
LUX,2020,1.09627
LUX,2021,1.03153
LUX,2022,1.0653
LUX,2023,1.07045
LVA,2010,0.6183
LVA,2011,0.73982
LVA,2012,0.68884
LVA,2013,0.63536
LVA,2014,0.71433
LVA,2015,0.641
LVA,2016,0.45065
LVA,2017,0.53004
LVA,2018,0.66138
LVA,2019,0.6602
LVA,2020,0.75663
LVA,2021,0.77085
LVA,2022,0.8122
LVA,2023,0.8236
MAR,2010,0.66036
MDA,2010,0.3665
MDA,2011,0.33764
MDA,2012,0.34907
MDA,2013,0.29783
MDA,2014,0.31463
MDA,2015,0.30735
MDA,2016,0.28005
MDA,2017,0.25789
MDA,2018,0.25626
MDA,2019,0.24145
MDA,2020,0.23511
MDA,2021,0.23154
MDA,2022,0.22959
MDA,2023,0.22111
MDA,2024,0.21589
MDG,2010,0.09903
MDG,2011,0.09067
MDG,2014,0.01321
MDG,2016,0.01264
MDG,2017,0.01275
MEX,2010,0.47353
MEX,2011,0.45268
MEX,2012,0.40284
MEX,2013,0.40806
MEX,2014,0.41962
MEX,2015,0.41477
MEX,2016,0.37601
MEX,2017,0.31955
MEX,2018,0.29816
MEX,2019,0.27629
MEX,2020,0.29185
MEX,2021,0.27305
MEX,2022,0.25727
MEX,2023,0.26746
MEX,2024,0.25372
MKD,2010,0.21634
MKD,2011,0.22276
MKD,2012,0.32676
MKD,2013,0.43894
MKD,2014,0.51646
MKD,2015,0.44412
MKD,2016,0.43585
MKD,2017,0.35439
MKD,2018,0.36367
MKD,2019,0.36783
MKD,2020,0.37264
MKD,2021,0.37252
MKD,2022,0.37372
MKD,2023,0.3699
MKD,2024,0.37363
MLI,2010,0.47271
MLI,2015,0.26458
MLI,2017,0.24505
MLI,2019,0.13306
MLI,2021,0.14596
MLI,2023,0.14743
MLT,2010,0.58346
MLT,2011,0.65483
MLT,2012,0.79196
MLT,2013,0.72644
MLT,2014,0.67653
MLT,2015,0.69942
MLT,2016,0.54032
MLT,2017,0.52592
MLT,2018,0.54557
MLT,2019,0.54851
MLT,2020,0.60002
MLT,2021,0.59682
MLT,2022,0.5745
MLT,2023,0.64792
MMR,2017,0.03218
MMR,2018,0.05881
MMR,2019,0.08341
MMR,2020,0.15568
MMR,2021,0.12402
MMR,2022,0.03519
MMR,2023,0.02307
MNE,2011,0.31485
MNE,2013,0.37431
MNE,2014,0.3632
MNE,2015,0.374
MNE,2016,0.32454
MNE,2017,0.34898
MNE,2018,0.50374
MNE,2019,0.36328
MNG,2010,0.24438
MNG,2011,0.23054
MNG,2012,0.23913
MNG,2013,0.23246
MNG,2014,0.2234
MNG,2015,0.1564
MNG,2016,0.18346
MNG,2017,0.1342
MNG,2018,0.10161
MNG,2019,0.0927
MNG,2020,0.13301
MNG,2021,0.10008
MNG,2022,0.08365
MOZ,2010,0.37595
MOZ,2015,0.30814
MRT,2018,0.01019
MUS,2012,0.17773
MUS,2017,0.35423
MUS,2018,0.33387
MUS,2019,0.35699
MUS,2020,0.40299
MUS,2021,0.36784
MUS,2022,0.30879
MUS,2023,0.23892
MUS,2024,0.26181
MWI,2019,0.17752
MYS,2010,1.03608
MYS,2011,1.03342
MYS,2012,1.09269
MYS,2014,1.26275
MYS,2015,1.27945
MYS,2016,1.41517
MYS,2018,1.04026
MYS,2020,0.95055
MYS,2022,1.0121
NAM,2010,0.13963
NAM,2014,0.34986
NAM,2022,0.64636
NGA,2019,0.28444
NIC,2011,0.08344
NIC,2012,0.10449
NIC,2013,0.10284
NIC,2014,0.08935
NIC,2015,0.10742
NLD,2010,1.69388
NLD,2011,1.8651
NLD,2012,1.90094
NLD,2013,2.13953
NLD,2014,2.15067
NLD,2015,2.11792
NLD,2016,2.11546
NLD,2017,2.14167
NLD,2018,2.1027
NLD,2019,2.14036
NLD,2020,2.26514
NLD,2021,2.21542
NLD,2022,2.17529
NLD,2023,2.26719
NOR,2010,1.6412
NOR,2011,1.61714
NOR,2012,1.61053
NOR,2013,1.64216
NOR,2014,1.70369
NOR,2015,1.92351
NOR,2016,2.03286
NOR,2017,2.08168
NOR,2018,2.03482
NOR,2019,2.13599
NOR,2020,2.24436
NOR,2021,1.88764
NOR,2022,1.55081
NOR,2023,1.85142
NPL,2010,0.30221
NZL,2011,1.23083
NZL,2013,1.15275
NZL,2015,1.22707
NZL,2017,1.34788
NZL,2019,1.4642
NZL,2021,1.48604
NZL,2023,1.54848
OMN,2011,0.11962
OMN,2012,0.18281
OMN,2013,0.14854
OMN,2014,0.18588
OMN,2015,0.21866
OMN,2016,0.22691
OMN,2017,0.19925
OMN,2018,0.19031
OMN,2019,0.27255
OMN,2020,0.31599
OMN,2021,0.29266
OMN,2022,0.28711
OMN,2023,0.37526
OMN,2024,0.38979
PAK,2011,0.30491
PAK,2013,0.26179
PAK,2015,0.22193
PAK,2017,0.21214
PAK,2019,0.17475
PAK,2021,0.16431
PAK,2023,0.16399
PAN,2010,0.14075
PAN,2011,0.16818
PAN,2012,0.07323
PAN,2013,0.06028
PAN,2014,0.11935
PAN,2015,0.10422
PAN,2016,0.12829
PAN,2017,0.13083
PAN,2018,0.13355
PAN,2019,0.13613
PAN,2020,0.23246
PAN,2021,0.17691
PAN,2022,0.18302
PAN,2023,0.15803
PAN,2024,0.19708
PER,2011,0.08282
PER,2012,0.0553
PER,2013,0.08174
PER,2014,0.10805
PER,2015,0.11702
PER,2016,0.12008
PER,2017,0.12085
PER,2018,0.12683
PER,2019,0.15696
PER,2020,0.17229
PER,2021,0.13754
PER,2022,0.16206
PER,2023,0.17611
PHL,2011,0.11222
PHL,2013,0.13207
PHL,2015,0.15683
PHL,2018,0.32222
PHL,2019,0.25926
PHL,2020,0.27625
PNG,2016,0.03158
POL,2010,0.72252
POL,2011,0.74726
POL,2012,0.88476
POL,2013,0.8807
POL,2014,0.9454
POL,2015,0.99807
POL,2016,0.9616
POL,2017,1.03055
POL,2018,1.19426
POL,2019,1.3088
POL,2020,1.37128
POL,2021,1.41558
POL,2022,1.44162
POL,2023,1.55525
PRT,2010,1.53317
PRT,2011,1.45558
PRT,2012,1.37661
PRT,2013,1.32325
PRT,2014,1.28892
PRT,2015,1.24552
PRT,2016,1.2815
PRT,2017,1.32224
PRT,2018,1.35078
PRT,2019,1.39487
PRT,2020,1.60979
PRT,2021,1.66711
PRT,2022,1.69051
PRT,2023,1.69491
PRY,2011,0.04216
PRY,2012,0.06517
PRY,2013,0.07163
PRY,2014,0.07901
PRY,2015,0.09674
PRY,2016,0.11676
PRY,2017,0.14888
PRY,2018,0.14684
PRY,2019,0.13751
PRY,2020,0.15697
PRY,2021,0.14398
PRY,2022,0.11944
PRY,2023,0.14117
PSE,2010,0.36156
PSE,2013,0.45434
QAT,2012,0.4786
QAT,2015,0.51883
QAT,2018,0.53129
QAT,2021,0.68058
ROU,2010,0.44657
ROU,2011,0.47457
ROU,2012,0.46244
ROU,2013,0.39022
ROU,2014,0.38207
ROU,2015,0.48796
ROU,2016,0.48863
ROU,2017,0.50693
ROU,2018,0.49698
ROU,2019,0.47491
ROU,2020,0.46414
ROU,2021,0.47108
ROU,2022,0.46274
ROU,2023,0.51656
RUS,2010,1.1302
RUS,2011,1.01545
RUS,2012,1.02766
RUS,2013,1.02732
RUS,2014,1.07241
RUS,2015,1.10085
RUS,2016,1.10238
RUS,2017,1.10967
RUS,2018,0.99001
RUS,2019,1.03531
RUS,2020,1.09099
RUS,2021,0.96602
RUS,2022,0.91494
RUS,2023,0.93518
RUS,2024,0.93706
RWA,2016,0.64945
RWA,2019,0.75853
RWA,2023,0.78149
SAU,2010,0.884
SAU,2011,0.88541
SAU,2012,0.85824
SAU,2013,0.79069
SAU,2020,0.47618
SAU,2021,0.39379
SAU,2022,0.41439
SAU,2023,0.49487
SAU,2024,0.63522
SEN,2010,0.4343
SEN,2015,0.5772
SGP,2010,1.92918
SGP,2011,2.06955
SGP,2012,1.91833
SGP,2013,1.92104
SGP,2014,2.08228
SGP,2015,2.17445
SGP,2016,2.06892
SGP,2017,1.89683
SGP,2018,1.80836
SGP,2019,1.88845
SGP,2020,2.15983
SGP,2021,1.93761
SGP,2022,1.80821
SLV,2010,0.07806
SLV,2011,0.0355
SLV,2012,0.03397
SLV,2013,0.06387
SLV,2014,0.09377
SLV,2015,0.14348
SLV,2016,0.14493
SLV,2017,0.18078
SLV,2018,0.16531
SLV,2019,0.17477
SLV,2020,0.16299
SLV,2021,0.16252
SLV,2022,0.14333
SLV,2023,0.10152
SRB,2010,0.67458
SRB,2011,0.65677
SRB,2012,0.81922
SRB,2013,0.65574
SRB,2014,0.69287
SRB,2015,0.77867
SRB,2016,0.80779
SRB,2017,0.83834
SRB,2018,0.88154
SRB,2019,0.84798
SRB,2020,0.86478
SRB,2021,0.94784
SRB,2022,0.91938
SRB,2023,0.87816
SRB,2024,0.93978
SVK,2010,0.60583
SVK,2011,0.65398
SVK,2012,0.79377
SVK,2013,0.8184
SVK,2014,0.87462
SVK,2015,1.15366
SVK,2016,0.78513
SVK,2017,0.88153
SVK,2018,0.83184
SVK,2019,0.82138
SVK,2020,0.88944
SVK,2021,0.90093
SVK,2022,0.97686
SVK,2023,1.03359
SVN,2010,2.06914
SVN,2011,2.4311
SVN,2012,2.58339
SVN,2013,2.59426
SVN,2014,2.38854
SVN,2015,2.21611
SVN,2016,2.02922
SVN,2017,1.88219
SVN,2018,1.96365
SVN,2019,2.05725
SVN,2020,2.15559
SVN,2021,2.13847
SVN,2022,2.1
SVN,2023,2.13385
SWE,2010,3.18756
SWE,2011,3.20686
SWE,2012,3.24636
SWE,2013,3.27557
SWE,2014,3.12457
SWE,2015,3.24088
SWE,2016,3.25643
SWE,2017,3.39374
SWE,2018,3.34602
SWE,2019,3.39847
SWE,2020,3.50181
SWE,2021,3.41565
SWE,2022,3.47239
SWE,2023,3.59978
SWZ,2015,0.27807
SYC,2016,0.2017
SYR,2015,0.01942
SYR,2022,0.04217
TCD,2016,0.23294
TGO,2010,0.16962
TGO,2012,0.15973
TGO,2014,0.19074
TGO,2024,0.22229
THA,2011,0.36146
THA,2013,0.44163
THA,2014,0.47988
THA,2015,0.61609
THA,2016,0.77829
THA,2017,1.00165
THA,2018,1.11375
THA,2019,1.14317
THA,2020,1.32818
THA,2021,1.20822
THA,2022,1.15902
THA,2023,0.93628
TJK,2010,0.08914
TJK,2011,0.12148
TJK,2012,0.11432
TJK,2013,0.11851
TJK,2014,0.11624
TJK,2015,0.1034
TJK,2016,0.10622
TJK,2017,0.10957
TJK,2018,0.09401
TJK,2019,0.09367
TJK,2020,0.08969
TKM,2015,0.11
TKM,2016,0.16
TKM,2017,0.09
TKM,2018,0.08
TKM,2019,0.11
TKM,2020,0.13
TKM,2021,0.1
TKM,2022,0.14
TKM,2023,0.09
TTO,2010,0.04771
TTO,2011,0.04024
TTO,2012,0.04155
TTO,2013,0.0541
TTO,2014,0.07657
TTO,2015,0.08051
TTO,2016,0.08662
TTO,2017,0.08587
TTO,2018,0.08371
TTO,2019,0.06007
TTO,2020,0.06455
TTO,2021,0.05445
TTO,2022,0.05039
TUN,2010,0.65806
TUN,2011,0.67458
TUN,2012,0.64937
TUN,2013,0.637
TUN,2014,0.61988
TUN,2015,0.59413
TUN,2016,0.56539
TUN,2017,0.69953
TUN,2018,0.71645
TUN,2019,0.74658
TUR,2010,0.79369
TUR,2011,0.79393
TUR,2012,0.82595
TUR,2013,0.81206
TUR,2014,0.8564
TUR,2015,0.96732
TUR,2016,1.11979
TUR,2017,1.17632
TUR,2018,1.27093
TUR,2019,1.3196
TUR,2020,1.36748
TUR,2021,1.40209
TUR,2022,1.32342
TUR,2023,1.42224
TZA,2010,0.37307
TZA,2013,0.51456
UGA,2010,0.3599
UGA,2014,0.14265
UGA,2023,0.4383
UKR,2010,0.80278
UKR,2011,0.7109
UKR,2012,0.72363
UKR,2013,0.733
UKR,2014,0.65034
UKR,2015,0.61477
UKR,2016,0.48339
UKR,2017,0.44878
UKR,2018,0.47113
UKR,2019,0.43384
UKR,2020,0.40318
UKR,2021,0.38478
UKR,2022,0.32673
UKR,2023,0.32209
UKR,2024,0.36988
URY,2010,0.32882
URY,2011,0.32962
URY,2012,0.30808
URY,2013,0.29118
URY,2014,0.31707
URY,2015,0.35109
URY,2016,0.37391
URY,2017,0.44052
URY,2018,0.50484
URY,2019,0.56805
URY,2020,0.67606
URY,2021,0.61467
URY,2022,0.62206
URY,2023,0.70196
USA,2010,2.71443
USA,2011,2.73803
USA,2012,2.67272
USA,2013,2.69591
USA,2014,2.70882
USA,2015,2.77328
USA,2016,2.83677
USA,2017,2.88315
USA,2018,2.98956
USA,2019,3.14297
USA,2020,3.41788
USA,2021,3.4689
USA,2022,3.48736
USA,2023,3.44716
UZB,2010,0.1543
UZB,2011,0.14877
UZB,2012,0.15512
UZB,2013,0.155
UZB,2014,0.15335
UZB,2015,0.16497
UZB,2016,0.17238
UZB,2017,0.13212
UZB,2018,0.11164
UZB,2019,0.10128
UZB,2020,0.12554
UZB,2021,0.11843
UZB,2022,0.14297
UZB,2023,0.11093
UZB,2024,0.10416
VEN,2010,0.18823
VEN,2011,0.15296
VEN,2012,0.2501
VEN,2013,0.31853
VEN,2014,0.33713
VNM,2011,0.14955
VNM,2013,0.29932
VNM,2015,0.35629
VNM,2017,0.41895
VNM,2019,0.41652
VNM,2021,0.42494
VNM,2023,0.41456
WLD,2010,1.99889242984883
WLD,2011,1.98165761122278
WLD,2012,2.01288483345794
WLD,2013,1.975191691907
WLD,2014,2.08659703677765
WLD,2015,2.10431830423067
WLD,2016,2.14865606825884
WLD,2017,2.14199917077902
WLD,2018,2.21817463707231
WLD,2019,2.26339308318271
WLD,2020,2.45606936077903
WLD,2021,2.5227995854217
WLD,2022,2.5711591602204
WLD,2023,2.59737836465431
ZAF,2010,0.66284
ZAF,2011,0.66753
ZAF,2012,0.66934
ZAF,2013,0.6633
ZAF,2014,0.70987
ZAF,2015,0.73147
ZAF,2016,0.74992
ZAF,2017,0.76257
ZAF,2018,0.68586
ZAF,2019,0.61304
ZAF,2020,0.60296
ZAF,2021,0.6139
ZAF,2022,0.61479
