# World Bank Open Data GC.REV.XGRT.GD.ZS, last updated 2026-07-13, CC BY 4.0
iso3,year,value
AFG,2010,11.0919491573205
AFG,2011,11.5101607150307
AFG,2012,10.2006246425162
AFG,2013,9.40560933162746
AFG,2014,8.61373050462046
AFG,2015,10.1311181683697
AFG,2016,12.678009904576
AFG,2017,13.0392622227544
AGO,2010,30.6918953386008
AGO,2011,39.7044635588189
AGO,2012,32.3095163148602
AGO,2013,31.7462842173706
AGO,2014,27.3657681886712
AGO,2015,16.5707852796874
AGO,2016,13.649046195293
AGO,2017,14.0794133975377
AGO,2018,19.829071751077
AGO,2019,20.6657353100848
AGO,2020,49.5935108954714
AGO,2021,24.1304236948741
AGO,2022,26.6205259336847
AGO,2023,20.8541637735846
AGO,2024,18.2349474745157
ALB,2011,23.7474245414303
ALB,2012,23.1887422981373
ALB,2013,22.2687627274835
ALB,2014,24.3993490170592
ALB,2015,24.5584536023957
ALB,2016,24.0204329650426
ALB,2017,25.270139390791
ALB,2018,25.1079091252149
ALB,2019,24.8457158029254
ALB,2020,23.7009816066438
ALB,2021,25.0469777259433
ALB,2022,24.7316613846173
ALB,2023,24.7554692949957
ALB,2024,26.1165231553122
AND,2018,27.9144162860928
AND,2019,27.7592002561719
AND,2020,28.213551330059
AND,2021,26.4846992298031
AND,2022,28.0166478589307
AND,2023,28.0090830750899
AND,2024,29.7848210556037
ARE,2011,3.24445219705015
ARE,2012,3.09477083649389
ARE,2013,2.98530200626927
ARE,2014,2.85499229222865
ARE,2015,3.31008193260938
ARE,2016,3.77082499375101
ARE,2017,3.33949399648681
ARE,2018,3.24819671319898
ARE,2019,4.49772383286364
ARE,2020,6.22846446016128
ARE,2021,4.30984551694988
ARE,2022,3.21274975255741
ARE,2023,3.67852938486363
ARE,2024,3.03252419550258
ARG,2010,21.2413164267537
ARG,2011,20.196408074281
ARG,2012,21.182234604867
ARG,2013,21.5652829643596
ARG,2014,22.3322943705014
ARG,2015,22.1490803040164
ARG,2016,21.2567013071388
ARG,2017,19.3371239744582
ARG,2018,17.7024488717292
ARG,2019,17.7888990504455
ARG,2020,17.4777322783093
ARG,2021,18.0764989044589
ARG,2022,17.893195301026
ARG,2023,17.7753274051522
ARG,2024,16.8606958335516
ARM,2010,22.6479513525881
ARM,2011,22.7264264431653
ARM,2012,22.597804052938
ARM,2013,24.1168167453311
ARM,2014,24.5145567085198
ARM,2015,23.0924926716717
ARM,2016,22.8347288893173
ARM,2017,22.5254651052115
ARM,2018,22.4536343721739
ARM,2019,23.9412409977605
ARM,2020,24.1447323127042
ARM,2021,23.3878288710777
ARM,2022,23.4564175842604
ARM,2023,23.8758078241652
ARM,2024,24.1409039589361
AUS,2010,23.2230972332076
AUS,2011,22.6375487543484
AUS,2012,23.3563801280004
AUS,2013,24.3509501087634
AUS,2014,24.2574161887099
AUS,2015,24.4091962960215
AUS,2016,24.7656119982625
AUS,2017,24.7425472872619
AUS,2018,25.7471757974481
AUS,2019,25.9715065326299
AUS,2020,25.1891145627514
AUS,2021,25.6293211504608
AUS,2022,26.131348255083
AUT,2010,43.7691939325573
AUT,2011,43.8483096075377
AUT,2012,44.4741976682037
AUT,2013,45.3167706143996
AUT,2014,45.2975197017324
AUT,2015,45.5782350708836
AUT,2016,44.0859644565007
AUT,2017,43.9889142703404
AUT,2018,44.0361607804554
AUT,2019,44.2834046028578
AUT,2020,43.7622339600816
AUT,2021,44.9093466889103
AUT,2022,44.2589017091123
AUT,2023,44.1930440570061
AUT,2024,45.0704267484122
AZE,2010,46.8289179324149
AZE,2011,45.4813563227219
AZE,2012,41.2739730781807
AZE,2013,40.4057956068887
AZE,2014,39.8963976405639
AZE,2015,34.1837072453108
AZE,2016,34.9198678696967
AZE,2017,35.075876697878
AZE,2018,39.416628377366
AZE,2019,42.8140744014985
AZE,2020,35.0400465154089
AZE,2021,36.518973597473
AZE,2022,38.4484212082014
AZE,2023,39.7805537585155
AZE,2024,38.8905867810269
BDI,2010,14.7764116388057
BDI,2011,16.7205528309034
BDI,2012,16.013982702125
BDI,2013,14.5452628315444
BDI,2014,15.7223979144654
BDI,2015,15.4151361263975
BDI,2016,15.0173672049326
BDI,2017,17.034065945496
BDI,2019,14.8634486641276
BDI,2020,14.691122999069
BDI,2021,14.2247547882187
BEL,2010,40.3468592873519
BEL,2011,40.9037311080214
BEL,2012,42.1161643358203
BEL,2013,42.6272558938898
BEL,2014,42.3851048367202
BEL,2015,40.5212519673291
BEL,2016,38.4784035927146
BEL,2017,38.9060439253129
BEL,2018,39.1730820876455
BEL,2019,37.5544301336817
BEL,2020,36.8695564795669
BEL,2021,37.7408273378452
BEL,2022,37.1738301397491
BEL,2023,37.1853725037031
BEL,2024,37.9023842489196
BFA,2010,13.6196368298569
BFA,2011,13.9407112530199
BFA,2012,15.5744972185096
BFA,2013,16.8259532010796
BFA,2014,15.4651331178926
BFA,2015,14.9763866393624
BFA,2016,16.1772531489629
BFA,2017,16.7979690110934
BFA,2018,16.8227576880022
BFA,2019,18.6065470476465
BFA,2020,16.8724830389714
BFA,2021,18.6747468722147
BFA,2022,19.8726301802779
BFA,2023,21.417160726933
BFA,2024,21.2297195147783
BGD,2010,9.74382934646306
BGD,2011,10.4626574311705
BGD,2012,11.1452302743835
BGD,2013,11.1604123713742
BGD,2014,10.8668856085968
BGD,2015,9.84448413886165
BGD,2016,8.52279611186147
BGD,2017,8.0712626971168
BGD,2018,8.70480535725308
BGD,2019,8.85578039462247
BGD,2020,8.64089809540505
BGD,2021,9.53881335234034
BGR,2010,30.0777422997579
BGR,2011,29.1244573118665
BGR,2012,30.5765204372674
BGR,2013,32.5085561994489
BGR,2014,33.3619375841046
BGR,2015,33.5396182779889
BGR,2016,32.7398898535384
BGR,2017,32.9908668107233
BGR,2018,34.9039875058284
BGR,2019,35.9667303321236
BGR,2020,33.281823495566
BGR,2021,33.8860140311467
BGR,2022,36.555940890438
BGR,2023,34.8460239268817
BGR,2024,34.4167562572997
BHR,2010,21.3017099825876
BHR,2011,24.1746022286787
BHR,2012,24.7546313788874
BHR,2013,23.1294185917593
BHR,2014,23.4144863998311
BHR,2015,16.4692086523899
BHR,2016,14.6728962978312
BHR,2017,15.5333861024476
BHR,2018,18.6547826478267
BHR,2019,19.0844025588506
BHR,2020,15.4536755504399
BHS,2010,12.8102398366245
BHS,2011,14.4186586504079
BHS,2012,14.1735769947017
BHS,2013,13.2025976995408
BHS,2014,13.1968460856802
BHS,2015,14.6273782452524
BHS,2016,16.7435935230496
BHS,2017,16.6326878235545
BHS,2018,15.9117105591613
BHS,2019,18.2742562325827
BHS,2020,20.1369104813185
BHS,2021,15.8516580958711
BHS,2022,18.7489017543607
BHS,2023,18.691039629894
BHS,2024,19.3844099653883
BIH,2010,38.3701983394205
BIH,2011,38.8356040603384
BIH,2012,39.4812765699371
BIH,2013,38.4486771846189
BIH,2014,39.4168535041153
BIH,2015,38.1354862974554
BIH,2016,37.6865280279569
BIH,2017,38.1862529416267
BIH,2018,38.3277043254621
BIH,2019,37.5581545595764
BIH,2020,37.4495767930161
BIH,2021,36.7707868145722
BIH,2022,35.8744352834405
BIH,2023,36.5745690008205
BIH,2024,37.638443080688
BLR,2010,30.3154229945244
BLR,2011,28.0633696235903
BLR,2012,29.0395636217814
BLR,2013,28.7220108739005
BLR,2014,27.9218863983255
BLR,2015,29.6768850917047
BLR,2016,28.9426479589148
BLR,2017,29.4671842726401
BLR,2018,30.8473176687811
BLR,2019,29.6011060252308
BLR,2020,28.1031584689836
BLR,2021,27.2467073526987
BLR,2022,26.0725715874079
BLR,2023,27.9244603961664
BLR,2024,28.145394572957
BLZ,2010,21.7922278672632
BLZ,2011,21.418668188998
BLZ,2012,20.4663703051874
BLZ,2013,21.3647755258751
BLZ,2014,22.3526507215823
BLZ,2015,22.1980924438071
BLZ,2016,22.4029818854459
BLZ,2017,23.8070928559695
BRA,2010,25.9013840892228
BRA,2011,25.9974425384475
BRA,2012,26.3713866400929
BRA,2013,25.4407118580192
BRA,2014,24.0410606265761
BRA,2015,25.8123252141563
BRA,2016,26.1732253880186
BRA,2017,24.3609920784363
BRA,2018,25.2724385285785
BRA,2019,25.5600401304457
BRA,2020,22.194867345509
BRA,2021,24.6358299212382
BRA,2022,26.9365134619689
BRA,2023,25.3707484836868
BRA,2024,26.4469343560674
BRB,2010,22.1747395005962
BRB,2011,23.2093484136418
BRB,2012,21.8123788469535
BRB,2013,20.4363602207235
BRB,2014,20.5789670391797
BRB,2015,22.099221620799
BRB,2016,25.2076303196491
BTN,2010,19.9289922163896
BTN,2011,18.8323281221887
BTN,2012,19.2447817278721
BTN,2013,18.4820508479278
BTN,2014,18.1881641677472
BTN,2015,17.9726478010617
BTN,2016,17.219089411842
BTN,2017,17.6516412454807
BTN,2018,21.74787975571
BTN,2019,18.8336293842559
BTN,2020,20.0284807729715
BWA,2010,36.7014523809306
BWA,2011,36.6273712506881
BWA,2012,38.6639085967945
BWA,2013,40.5085278342788
BWA,2014,39.9417118719375
BWA,2015,35.3203900030189
BWA,2016,34.7739399743256
BWA,2017,33.580848391334
BWA,2018,30.7078306497006
BWA,2019,30.1289743359126
BWA,2020,28.7657212895211
BWA,2021,32.8655884443376
BWA,2022,29.457238249704
BWA,2023,28.0881353746134
CAF,2010,9.20742098068466
CAF,2011,8.62528933619754
CAF,2012,9.55407347188312
CAF,2014,4.58128207147806
CAF,2015,5.66316008874996
CAF,2016,7.30022999816924
CAF,2017,7.19819455148522
CAF,2018,8.81798776425636
CAF,2019,8.79208439882621
CAF,2020,9.51223596724716
CAF,2021,9.20477924788893
CAN,2010,16.8961112858422
CAN,2011,16.9254122718807
CAN,2012,16.9203884855391
CAN,2013,16.9527424319288
CAN,2014,16.9792054635347
CAN,2015,17.8508915598731
CAN,2016,17.8650578735988
CAN,2017,18.0104043358874
CAN,2018,18.5291773308631
CAN,2019,18.2775695376146
CAN,2020,18.9901595520707
CAN,2021,19.8623873290341
CAN,2022,18.9042624468735
CAN,2023,19.6073048673598
CAN,2024,19.9311190326297
CHE,2010,16.7570309618411
CHE,2011,17.0204705782466
CHE,2012,16.8820707672757
CHE,2013,17.0630175856024
CHE,2014,16.7940659042687
CHE,2015,17.4425711163385
CHE,2016,17.1825578506438
CHE,2017,17.8602264522892
CHE,2018,17.3128292549519
CHE,2019,17.5412813619987
CHE,2020,17.5596126960116
CHE,2021,17.8759318349441
CHE,2022,16.5821202856393
CHE,2023,16.4314755896018
CHE,2024,17.0377930492166
CHL,2010,21.550084613536
CHL,2011,22.6609132637705
CHL,2012,22.1048865678584
CHL,2013,20.9927906067468
CHL,2014,20.6564876974145
CHL,2015,21.1423576597254
CHL,2016,20.8570992758656
CHL,2017,21.1680432165628
CHL,2018,22.1740306166793
CHL,2019,21.7381008463193
CHL,2020,19.9334371335958
CHL,2021,24.1534727045706
CHL,2022,26.0922721173182
CHL,2023,22.9270778409941
CHL,2024,21.8550506046341
CHN,2010,11.0399710818906
CHN,2011,11.0626224007863
CHN,2012,10.9572673113543
CHN,2013,10.762086414812
CHN,2014,15.5234236261726
CHN,2015,15.7312275700006
CHN,2016,15.326073498047
CHN,2017,15.595511924101
CHN,2018,16.2403554427458
CHN,2019,15.7907279889576
CHN,2020,13.7961540297522
CHN,2021,14.6241117527941
CHN,2022,14.6559605630141
CHN,2023,15.0661250338704
CHN,2024,14.9328173497711
CIV,2010,11.260655664762
CIV,2011,8.66048493851633
CIV,2012,12.111023471161
CIV,2013,11.7130027509214
CIV,2014,10.6443386512511
CIV,2015,12.1641165457389
CIV,2016,11.7312326383944
CIV,2017,11.9545089218456
CIV,2018,11.9666616003208
CIV,2019,11.9628624765096
CIV,2020,12.1120100537383
CIV,2021,12.6643284318456
CIV,2022,12.0455846447337
CIV,2023,13.3681230477413
CMR,2012,15.8693647931459
CMR,2013,15.8187025580093
CMR,2014,16.3329616163743
CMR,2015,15.4849009804887
CMR,2016,14.5180049310914
CMR,2017,14.691664680823
CMR,2018,15.1505199201345
CMR,2019,14.8479225320649
CMR,2020,13.1216430210324
CMR,2021,13.7428346466617
COD,2010,12.7329340062447
COD,2012,12.246028973946
COD,2013,10.5685554926185
COD,2014,10.3524509553027
COD,2015,10.1504233424202
COD,2016,8.9102231569232
COD,2017,8.079126167184
COD,2018,8.88835973175866
COD,2019,8.51740396731084
COD,2020,8.06501607044117
COD,2021,9.89750726222457
COD,2022,13.2352471174197
COG,2010,34.5970818741756
COG,2011,38.7472961925445
COG,2012,32.8290855960018
COG,2013,34.9102425487905
COG,2014,31.6545368473144
COG,2015,19.9457149231407
COG,2016,19.4852908143228
COG,2017,16.3081736484861
COG,2018,23.0310575250024
COG,2019,23.6381461363848
COG,2020,18.7448714349599
COG,2021,20.0514136790167
COL,2010,21.5744254310186
COL,2011,23.4920085360318
COL,2012,26.3354797473995
COL,2013,24.4985703542816
COL,2014,23.4469943054822
COL,2015,24.1024162766989
COL,2016,24.2234212780588
COL,2017,22.5842861999584
COL,2018,23.4751871722398
COL,2019,25.575368512731
COL,2020,23.6871303712315
COL,2021,24.1312117221098
COL,2022,25.4074707206706
COL,2023,28.3664666231519
COL,2024,25.8487304639693
CPV,2010,18.2762288979331
CPV,2011,19.3427428811571
CPV,2012,18.1479114076542
CPV,2013,18.7311114447081
CPV,2014,17.8406234262261
CPV,2015,20.9324134955748
CPV,2016,19.7921439895619
CPV,2017,20.6675964587062
CPV,2018,22.8052381290892
CPV,2019,21.6480134487985
CPV,2020,21.5670295735424
CRI,2010,22.8675831896243
CRI,2011,23.2976635604881
CRI,2012,23.3615138048133
CRI,2013,23.5886935334401
CRI,2014,23.0707492545813
CRI,2015,23.4572080301226
CRI,2016,24.007993469082
CRI,2017,23.3185966603477
CRI,2018,24.2594135931064
CRI,2019,27.3926092983665
CRI,2020,27.0064411263639
CRI,2021,27.9359762139141
CRI,2022,28.1762328387187
CRI,2023,28.9988586100631
CRI,2024,27.4192113879727
CYP,2010,37.8426182615221
CYP,2011,37.4250758230556
CYP,2012,37.7961497733924
CYP,2013,38.8917152697626
CYP,2014,41.5236713526249
CYP,2015,40.4248670862314
CYP,2016,38.3242374913063
CYP,2017,38.4124173745333
CYP,2018,38.3179535865917
CYP,2019,39.3207855012135
CYP,2020,38.373285560444
CYP,2021,38.3938605337321
CYP,2022,38.2305530784052
CYP,2023,39.9569594214153
CYP,2024,39.9002949913761
CZE,2010,34.2808691995342
CZE,2011,35.4300420842638
CZE,2012,35.9762295229248
CZE,2013,36.3583113596966
CZE,2014,35.4284647912707
CZE,2015,35.6940831456467
CZE,2016,36.3608113102748
CZE,2017,36.223892446611
CZE,2018,36.885057141704
CZE,2019,36.6049236279496
CZE,2020,36.4584773857569
CZE,2021,36.0647013081516
CZE,2022,35.7542661767476
CZE,2023,35.7340115187956
CZE,2024,36.5370100710361
DEU,2010,28.017826143481
DEU,2011,28.4908861229527
DEU,2012,28.7461775885228
DEU,2013,28.9264882364433
DEU,2014,28.9254038405479
DEU,2015,28.8827449036776
DEU,2016,28.8217362865039
DEU,2017,28.9820017941202
DEU,2018,29.2858536471726
DEU,2019,29.5495126198661
DEU,2020,29.5059871563036
DEU,2021,29.2255467990463
DEU,2022,28.5689040179075
DEU,2023,28.4183906847328
DEU,2024,29.3708896111546
DNK,2010,39.0501760317115
DNK,2011,39.7283549528451
DNK,2012,39.9316830870602
DNK,2013,39.7295306701476
DNK,2014,41.8748795594501
DNK,2015,38.90354146663
DNK,2016,38.0360359648306
DNK,2017,38.0879168879288
DNK,2018,37.4293825413279
DNK,2019,39.7772359663564
DNK,2020,39.2120703827283
DNK,2021,40.5563394227763
DNK,2022,35.8696678745175
DNK,2023,37.2844380973472
DNK,2024,38.2868050493917
DOM,2010,13.8621559687475
DOM,2011,13.7530564552843
DOM,2012,14.5714737313022
DOM,2013,15.0596357502335
DOM,2014,15.0782995327954
DOM,2015,14.5186216543802
DOM,2016,14.827297566694
DOM,2017,14.9920997503639
DOM,2018,15.269462908084
DOM,2019,15.5470600045533
DOM,2020,14.8813590480588
DOM,2021,16.4297863174204
DOM,2022,16.3623217477379
DOM,2023,17.015284341071
DOM,2024,17.4959013786011
ECU,2013,30.5658423371221
ECU,2014,28.8901339676781
ECU,2015,30.8458833789351
ECU,2016,28.6412079584013
ECU,2017,27.9863154861129
ECU,2018,31.2062328120813
ECU,2019,29.6599984642663
ECU,2020,27.1210867326524
ECU,2021,29.6714820409688
ECU,2022,30.9625405355437
EGY,2010,24.7838223106249
EGY,2011,21.9307417402086
EGY,2012,20.2282199796979
EGY,2013,21.4163083207912
EGY,2014,19.8767136150235
EGY,2015,20.9886247391464
ESP,2010,26.4248545924643
ESP,2011,25.9231395446762
ESP,2012,25.8732928943477
ESP,2013,27.9219462351753
ESP,2014,28.3139018373375
ESP,2015,27.5393887658309
ESP,2016,27.1288470631817
ESP,2017,27.0360266114199
ESP,2018,27.752508504664
ESP,2019,27.8396917947532
ESP,2020,29.2233358778761
ESP,2021,30.1223659907048
ESP,2022,29.7429322541561
ESP,2023,29.6492564568045
ESP,2024,29.6705826271851
EST,2010,35.7060341345806
EST,2011,33.517189879235
EST,2012,34.204405603078
EST,2013,33.785534391356
EST,2014,34.6334354337073
EST,2015,35.5344384589226
EST,2016,35.4410497581252
EST,2017,34.6786425909497
EST,2018,34.4274812856053
EST,2019,35.2025773474862
EST,2020,35.2026212872841
EST,2021,35.6426682302115
EST,2022,35.1062660190468
EST,2023,36.2390154827152
EST,2024,38.3078148665079
ETH,2010,10.7618375171957
ETH,2011,10.8764740793191
ETH,2012,11.0704406589647
ETH,2013,10.4402875798581
ETH,2014,9.73745298640636
ETH,2015,9.94334434408776
ETH,2016,9.35821730271435
ETH,2017,9.44482835647072
ETH,2018,8.97336534691479
ETH,2019,7.78821928824931
ETH,2020,7.10462875413624
ETH,2021,6.55460436002926
ETH,2022,5.05571917896134
ETH,2023,4.50496318857986
ETH,2024,4.07207549840636
FIN,2010,35.3027154299564
FIN,2011,36.8450077154638
FIN,2012,37.3673756600026
FIN,2013,37.7352000275188
FIN,2014,37.7605596172063
FIN,2015,37.6194146304331
FIN,2016,37.9719725380939
FIN,2017,36.995006808897
FIN,2018,37.0151570686272
FIN,2019,36.8814932206374
FIN,2020,35.469801638838
FIN,2021,37.0226399318229
FIN,2022,37.1815056268435
FIN,2023,42.2578341056025
FIN,2024,41.7920019710645
FJI,2010,24.3650066416798
FJI,2011,25.3575957861965
FJI,2012,25.0670322733988
FJI,2013,25.3909683380951
FJI,2014,25.9927531840075
FJI,2015,26.9109829526146
FJI,2016,25.6979640414781
FJI,2017,27.2286335314833
FJI,2018,26.2378048405692
FJI,2019,25.6792160064432
FJI,2020,20.2725749260015
FJI,2021,18.8626505402079
FJI,2022,20.7707097923036
FJI,2023,23.1702116618249
FJI,2024,26.6155546921514
FRA,2010,43.2656767272935
FRA,2011,42.9691339303891
FRA,2012,43.8790803963843
FRA,2013,44.7264579054071
FRA,2014,44.9324802595085
FRA,2015,44.6530065209365
FRA,2016,44.4509842015877
FRA,2017,45.0848754876607
FRA,2018,44.7259377621146
FRA,2019,43.3488714857635
FRA,2020,42.9822123869451
FRA,2021,42.5814409563757
FRA,2022,43.4321332366138
FRA,2023,41.6513891623385
FRA,2024,42.1079880169865
FSM,2010,12.3983301369863
FSM,2011,12.1586165584416
FSM,2012,14.6503648148148
FSM,2013,17.9706350318471
FSM,2014,28.9859496835443
FSM,2015,28.7821371794872
FSM,2016,27.5808131498471
FSM,2017,31.8813689750693
FSM,2018,45.5883505076142
FSM,2019,40.0142159493671
FSM,2020,29.7040142106775
GAB,2012,29.7921686297394
GAB,2013,29.8577367055226
GAB,2014,25.6652848775731
GAB,2015,20.0751681373457
GAB,2016,17.392060572169
GAB,2017,17.6545271161171
GAB,2018,16.7820062631389
GAB,2019,19.4073418934518
GAB,2020,17.4201458735185
GAB,2021,15.1149123543053
GBR,2010,38.1021871609733
GBR,2011,33.3655300024851
GBR,2012,32.7247709832329
GBR,2013,33.5802583685844
GBR,2014,32.663223587863
GBR,2015,32.9060547215376
GBR,2016,33.3897658317351
GBR,2017,33.7644274187473
GBR,2018,33.6717998451804
GBR,2019,33.2703051672887
GBR,2020,33.4086844384201
GBR,2021,34.5638089563137
GBR,2022,35.8232572592484
GBR,2023,35.307815958642
GBR,2024,34.8309702695262
GEO,2010,22.7256309539934
GEO,2011,23.9016820567838
GEO,2012,24.6087392909632
GEO,2013,25.4626261239618
GEO,2014,25.4539436353319
GEO,2015,27.1506310061364
GEO,2016,27.8302738489317
GEO,2017,28.0307208514756
GEO,2018,25.4057389694539
GEO,2019,26.1000281542855
GEO,2020,24.6016188314688
GEO,2021,24.8550820104077
GEO,2022,26.4891572879495
GEO,2023,27.9670222981518
GEO,2024,28.7080700981306
GHA,2010,16.6915374696386
GHA,2011,19.3717131890671
GHA,2012,19.3392683497525
GHA,2013,14.2262590306295
GHA,2014,14.2150318928858
GHA,2015,14.5298039024017
GHA,2016,14.1589434337656
GHA,2017,14.5205312646041
GHA,2018,15.0692892914466
GHA,2019,14.6948055474354
GHA,2020,13.754507358813
GHA,2021,14.9263731247694
GHA,2022,15.5505506868353
GHA,2023,15.0222642375304
GNB,2017,11.6254653916043
GNB,2018,11.037411129839
GNB,2019,11.1783788568488
GNB,2020,10.209242799335
GNB,2021,10.112254360367
GNB,2022,10.7086609943088
GNB,2023,11.017724982359
GNB,2024,10.2453743587086
GNQ,2010,26.6458526716015
GNQ,2011,28.307356347246
GNQ,2012,27.9489643145056
GNQ,2013,25.0110410233655
GNQ,2014,24.2062020364203
GNQ,2015,26.3646574648791
GNQ,2016,16.8112858452036
GNQ,2017,17.3967020065656
GNQ,2018,19.7974179470357
GNQ,2019,18.5889421236756
GNQ,2020,14.3473179384033
GNQ,2021,15.3235243595859
GNQ,2022,26.4498757804947
GRC,2010,37.9537602345474
GRC,2011,40.7396508078936
GRC,2012,44.3401671241512
GRC,2013,43.7607628112252
GRC,2014,43.194299954025
GRC,2015,44.5316596594634
GRC,2016,46.389132681432
GRC,2017,45.7146833789404
GRC,2018,45.6676911773363
GRC,2019,44.1162458081939
GRC,2020,43.9717153776221
GRC,2021,43.7774247196601
GRC,2022,45.2662217583919
GRC,2023,43.4063064252109
GRC,2024,44.763796397246
GTM,2010,11.2508952061192
GTM,2011,11.5886315232722
GTM,2012,11.6536287653464
GTM,2013,11.6748137710785
GTM,2014,12.2754766501706
GTM,2015,11.6684130766311
GTM,2016,11.9784847026855
GTM,2017,11.8855616228225
GTM,2018,11.7783778069365
GTM,2019,11.7162477369852
GTM,2020,11.118681180436
GTM,2021,12.6596673834992
GTM,2022,12.8979630928356
GTM,2023,12.8586008437589
GTM,2024,12.7770245838902
HND,2010,20.5549207112929
HND,2011,20.8951305715526
HND,2012,21.186906822638
HND,2013,22.3379430792634
HND,2014,23.1134335421745
HND,2015,23.363155171353
HND,2020,22.2099126100845
HRV,2010,34.6945106325586
HRV,2011,34.4797361606056
HRV,2012,34.7208144493313
HRV,2013,35.2263548000533
HRV,2014,36.534946955514
HRV,2015,37.8001131270939
HRV,2016,38.608880292646
HRV,2017,38.6668543392584
HRV,2018,37.8777026638834
HRV,2019,39.0769679087896
HRV,2020,39.2064086394451
HRV,2021,38.9642287849442
HRV,2022,38.2574357002352
HRV,2023,35.0804422498927
HUN,2010,38.0561378872276
HUN,2011,37.337531975566
HUN,2012,40.4480477722874
HUN,2013,40.1556202902356
HUN,2014,40.0343862646249
HUN,2015,40.1987491408758
HUN,2016,40.4933310809944
HUN,2017,39.6857971754017
HUN,2018,38.2884038805727
HUN,2019,37.8705777261879
HUN,2020,37.7383132020425
HUN,2021,35.7532926379703
HUN,2022,37.9213348196215
HUN,2023,38.2138546590464
HUN,2024,37.9393899993163
IND,2010,13.1835965373763
IND,2011,11.4959960090891
IND,2012,12.599872776486
IND,2013,12.6089934124693
IND,2014,11.550620644555
IND,2015,12.4152095425778
IND,2016,12.8510169890546
IND,2017,12.7267619005257
IND,2018,13.1885329486481
IND,2022,9.37969496475912
IRL,2010,30.9450124089816
IRL,2011,31.615451014255
IRL,2012,32.0972637658446
IRL,2013,32.0054342325003
IRL,2014,31.6529031874045
IRL,2015,25.0692936461699
IRL,2016,25.6783218366655
IRL,2017,23.9755067901416
IRL,2018,23.8449794272597
IRL,2019,23.3464430759974
IRL,2020,21.1570158285167
IRL,2021,21.5182850812272
IRL,2022,21.5136245436984
IRL,2023,22.8345406161391
IRL,2024,25.6760104651326
IRQ,2014,39.169436418088
IRQ,2015,30.5958116187453
IRQ,2016,27.5845069892397
IRQ,2017,34.5637256795617
IRQ,2018,39.0612217990099
IRQ,2019,38.6038295065324
ISL,2010,31.4647538462667
ISL,2011,32.7658617779933
ISL,2012,33.670305727655
ISL,2013,33.3982101848412
ISL,2014,34.8438848950151
ISL,2015,32.0283607401015
ISL,2016,47.3067430379113
ISL,2017,33.3394489927088
ISL,2018,32.4990443848276
ISL,2019,30.0597687054453
ISL,2020,28.9254504546926
ISL,2021,28.381747914336
ISL,2022,30.6560937835839
ISL,2023,31.4470448237918
ISR,2010,31.2640269955737
ISR,2011,31.2701575218164
ISR,2012,30.5664105516648
ISR,2013,31.2399456418519
ISR,2014,31.5989918099679
ISR,2015,31.8632808535751
ISR,2016,31.6322714468574
ISR,2017,33.0625732672043
ISR,2018,31.4554347945404
ISR,2019,30.8583957687818
ISR,2020,30.3786738402746
ISR,2021,32.7044655209763
ISR,2022,33.2108684981106
ISR,2023,30.3375118512281
ISR,2024,31.4782685625198
ITA,2010,38.6830279180741
ITA,2011,38.3677146733526
ITA,2012,39.7540937173988
ITA,2013,40.2052550832818
ITA,2014,39.9331071826154
ITA,2015,39.8182456242875
ITA,2016,39.8892763245145
ITA,2017,39.4241765372518
ITA,2018,39.2904064273807
ITA,2019,40.0859879467878
ITA,2020,40.5950400712713
ITA,2021,40.3368257842547
ITA,2022,39.6180298954102
ITA,2023,39.0716690240796
ITA,2024,40.1403031891646
JAM,2010,27.4155610153779
JAM,2011,25.9651231873402
JAM,2012,26.2286682812297
JAM,2013,27.7201651561805
JAM,2014,26.7018053518149
JAM,2015,26.0434729497215
JAM,2016,26.8205974834377
JAM,2017,27.7646551590305
JAM,2018,28.956310897592
JAM,2019,28.6261738973365
JAM,2020,26.937333176305
JOR,2010,19.8699222157062
JOR,2011,18.1185381050906
JOR,2012,19.1018048490031
JOR,2013,19.0393577630466
JOR,2014,20.9559303847961
JOR,2015,19.6346982660169
JOR,2016,20.0965000164207
JOR,2017,20.7774220074798
JOR,2018,21.4261194461533
JOR,2019,20.1707885122867
JOR,2020,18.3300456299423
JOR,2021,20.347209850574
JOR,2022,21.3748339067134
JOR,2023,21.1608383017633
KAZ,2010,21.4115519953052
KAZ,2011,24.0030665208961
KAZ,2012,22.5240272320204
KAZ,2013,20.5323161254745
KAZ,2014,19.4543873797191
KAZ,2015,13.6664367402631
KAZ,2016,13.7478560018445
KAZ,2017,16.1673016065409
KAZ,2018,16.0036830878528
KAZ,2019,14.9385166774639
KAZ,2020,11.8421559935191
KAZ,2021,12.3381823490202
KAZ,2022,16.8877605760788
KAZ,2023,16.5366535632741
KEN,2014,19.5621058827303
KEN,2015,19.3515429430809
KEN,2016,19.0657755266586
KEN,2017,21.1458721961561
KEN,2018,18.6789342149032
KEN,2019,19.0978050742836
KEN,2020,17.6588131025385
KEN,2021,17.3452383502575
KEN,2022,17.8826094865972
KEN,2023,18.6388294257783
KGZ,2014,29.448606667432
KGZ,2015,30.066013239815
KGZ,2016,28.1308467721619
KGZ,2017,27.9702350173627
KGZ,2018,28.0042382526007
KGZ,2019,25.8113419993908
KGZ,2020,24.629473738036
KGZ,2021,27.311949649406
KGZ,2022,29.8791490055397
KGZ,2023,30.6665367053302
KGZ,2024,30.4230383166655
KHM,2010,9.33881916331001
KHM,2011,9.24417182251418
KHM,2012,9.96365204682428
KHM,2013,10.5671122962647
KHM,2014,12.5632368801517
KHM,2015,12.3785283054753
KHM,2016,13.0895413623745
KHM,2017,14.0202169932915
KHM,2018,14.7667733438902
KHM,2019,16.8310426053455
KHM,2020,14.8219376724455
KHM,2021,13.2985003699248
KHM,2022,14.9538509771771
KHM,2023,13.7594390632248
KIR,2011,50.6759520185193
KIR,2012,62.3585445880725
KIR,2013,70.6310164312565
KIR,2014,87.0006310643126
KIR,2015,107.636223286433
KIR,2016,79.933890958345
KIR,2017,83.6098509656357
KIR,2018,95.3308778658147
KIR,2019,103.02203588141
KIR,2020,89.0350410124611
KIR,2021,75.61848085
KIR,2022,65.8411689309463
KIR,2023,80.2276181389522
KNA,2010,24.1522831346847
KNA,2011,28.7925740915635
KNA,2012,28.9536449649206
KNA,2013,34.4197232098692
KNA,2014,34.5894114443537
KNA,2015,34.3048945637454
KNA,2016,28.1318859186068
KNA,2017,26.299301993104
KNA,2020,28.4590147448871
KOR,2010,19.2669365886743
KOR,2011,19.840430558129
KOR,2012,25.5086081431188
KOR,2013,24.9494763702353
KOR,2014,23.8361453515722
KOR,2015,23.6343458597577
KOR,2016,24.4609578600766
KOR,2017,24.8507535910186
KOR,2018,25.9611385420606
KOR,2019,26.2939664582305
KOR,2020,26.3065329311566
KOR,2021,28.0245804485222
KOR,2022,29.7729228756878
KOR,2023,27.3522982777032
KOR,2024,25.7690025538074
LAO,2010,14.5046102489181
LAO,2011,14.4914902770389
LAO,2012,15.2282456381955
LAO,2013,15.6329490555884
LAO,2014,16.092664363216
LAO,2015,15.8072953979463
LAO,2016,14.6965906330648
LAO,2017,14.6214039802357
LAO,2018,14.3221960942513
LAO,2019,13.9608743130828
LAO,2020,11.2201347844546
LAO,2021,12.8208649065233
LAO,2022,13.9139885255551
LBN,2010,20.0747521911706
LBN,2011,21.8602330242067
LBN,2012,19.9441294969934
LBN,2013,18.505520242264
LBN,2014,19.9176468501458
LBN,2015,17.1247679637961
LBN,2016,17.7400851322845
LBN,2017,19.9683725672213
LBN,2018,19.2691713666082
LBN,2019,19.3381419758165
LBN,2020,11.5574436171576
LBN,2021,6.86804526963188
LBN,2024,13.4502729024075
LCA,2010,19.3942879843296
LCA,2011,19.2821944929863
LCA,2012,18.7798194968437
LCA,2013,19.3039392067026
LCA,2014,19.0857203565681
LCA,2015,19.7095456938961
LCA,2016,20.1305432828484
LCA,2017,19.4078532828264
LKA,2010,12.3276099679356
LKA,2011,12.4783946177691
LKA,2012,11.6875492527087
LKA,2013,11.445022773289
LKA,2014,10.9286954834459
LKA,2015,12.5770043165306
LKA,2016,13.1558457997918
LKA,2017,12.7301741327153
LKA,2018,12.5063969532141
LKA,2019,11.8842431171452
LKA,2020,8.74304865475585
LKA,2021,8.27299656914406
LKA,2022,8.22495409658443
LKA,2023,11.0708934240873
LSO,2010,41.306159255742
LSO,2011,37.1898688094273
LSO,2012,43.766329167757
LSO,2013,42.3694860915918
LSO,2014,42.0285705734308
LSO,2015,39.178516237273
LSO,2016,35.4153992132621
LSO,2017,38.3283799291198
LSO,2018,37.0235318922454
LSO,2019,36.8042495429231
LSO,2020,41.3924101856888
LSO,2021,37.5814118211382
LSO,2022,35.9600821418698
LSO,2023,47.393353582004
LSO,2024,42.0267402861119
LTU,2010,30.710214791121
LTU,2011,29.2193147221872
LTU,2012,29.1903555642825
LTU,2013,29.0714920877936
LTU,2014,29.5673217746633
LTU,2015,30.8685352528266
LTU,2016,31.7748038314408
LTU,2017,31.2005679256061
LTU,2018,31.5539038602942
LTU,2019,31.9379467182196
LTU,2020,32.796635612808
LTU,2021,33.4499971018772
LTU,2022,33.3740675935295
LTU,2023,33.876782525123
LTU,2024,35.0738412147572
LUX,2010,39.0847260605836
LUX,2011,39.4675362256192
LUX,2012,39.7868058878949
LUX,2013,39.7908164397026
LUX,2014,39.7195928028409
LUX,2015,39.4391768034105
LUX,2016,39.5213156943946
LUX,2017,39.9305046500542
LUX,2018,42.4344624173931
LUX,2019,42.584457621826
LUX,2020,41.1521013092232
LUX,2021,40.8986937328253
LUX,2022,41.979275834294
LUX,2023,42.8790104958298
LUX,2024,44.5883907548223
LVA,2010,27.3024621267701
LVA,2011,28.5531242447924
LVA,2012,28.7902868824145
LVA,2013,28.7867892216105
LVA,2014,28.9606921829946
LVA,2015,28.8140465762193
LVA,2016,29.8586049719461
LVA,2017,29.5842915482447
LVA,2018,29.4984524628125
LVA,2019,29.645265679803
LVA,2020,31.3524787899402
LVA,2021,30.7984824205369
LVA,2022,30.9194502218698
LVA,2023,31.9578742622027
LVA,2024,33.8555306981511
MAR,2010,24.5607565201085
MAR,2011,24.8990280279243
MAR,2012,25.7160764708046
MAR,2013,25.0718932544909
MAR,2014,24.5151674465327
MAR,2015,23.6911121128558
MAR,2016,23.3285547214574
MAR,2017,23.3675941641332
MAR,2018,23.8782132748568
MAR,2019,23.683448536742
MAR,2020,26.5649143632863
MAR,2021,24.2112248579969
MAR,2022,26.8278450298459
MAR,2023,26.1522312520082
MDA,2010,26.3316147487522
MDA,2011,25.6061350063637
MDA,2012,26.1270875543098
MDA,2013,25.0976989210718
MDA,2014,26.2499864887658
MDA,2015,26.1932303744659
MDA,2016,25.7144155907706
MDA,2017,27.5460176684531
MDA,2018,28.2132967058371
MDA,2019,27.6442061685764
MDA,2020,28.730607144958
MDA,2021,28.6306561988997
MDA,2022,29.3139159206351
MDA,2023,29.4018819805652
MDG,2010,10.6494964367752
MDG,2011,9.69460356704252
MDG,2012,9.16639323442013
MDG,2013,9.53516757996452
MDG,2014,9.29169930746224
MDG,2015,9.78975810539539
MDG,2016,10.0501781622727
MDG,2017,10.8751557569481
MDG,2018,11.4412914064544
MDG,2019,11.5681282372208
MDG,2020,10.6066108567565
MDG,2021,11.2156784361642
MDG,2022,10.1809924692036
MDG,2023,10.6530804983454
MDG,2024,12.2221565443851
MDV,2010,19.1468693407657
MDV,2011,21.3217769356971
MDV,2014,26.0913186315134
MDV,2015,26.1603223303538
MDV,2016,26.9559744615757
MDV,2017,26.7077698806284
MDV,2018,25.6093491335633
MDV,2019,24.8248361269829
MDV,2020,24.7062436461416
MDV,2021,24.7786698558959
MEX,2010,17.2660921775704
MEX,2011,18.1690562712129
MEX,2012,17.9381165856887
MEX,2013,18.0538404139904
MEX,2014,17.6885991082662
MEX,2015,18.36819687242
MEX,2016,19.1915888785393
MEX,2017,19.4469058471141
MEX,2018,18.334242739213
MEX,2019,18.5191670610515
MEX,2020,18.6445328321225
MEX,2021,18.3430886466271
MEX,2022,19.2711611455968
MEX,2023,19.0864675810305
MEX,2024,19.4336463996755
MHL,2010,20.3919515828678
MHL,2011,20.1760423679629
MHL,2012,19.8588129496403
MHL,2013,22.064239806867
MHL,2014,23.6097177419355
MHL,2015,27.2342553075667
MHL,2016,31.3977760158573
MHL,2017,37.7784815161441
MHL,2018,32.4854545454545
MHL,2019,32.8694416555504
MHL,2020,31.277088502895
MKD,2010,28.9291463905455
MKD,2011,28.3319617567096
MKD,2012,27.8566883006966
MKD,2013,26.327538379947
MKD,2014,26.0592139842049
MKD,2015,26.957175033187
MKD,2016,26.4266581420489
MKD,2017,26.4700723016764
MKD,2018,26.8205511623931
MKD,2019,28.333923745494
MKD,2020,27.6965267786278
MKD,2021,28.8368005812638
MKD,2022,28.9769065097465
MKD,2023,29.3769017621119
MKD,2024,30.9338093133118
MLI,2010,12.8210566874634
MLI,2011,11.0483409708909
MLI,2012,11.6002743898054
MLI,2013,12.3851747906647
MLI,2014,11.0988519142712
MLI,2015,12.4996007361261
MLI,2016,13.4432280356057
MLI,2017,14.6018097853478
MLI,2018,10.4186897205088
MLI,2019,13.024065373326
MLI,2020,12.6624125935281
MLT,2010,37.3521802876116
MLT,2011,37.9392915880264
MLT,2012,37.6898665465868
MLT,2013,37.2635883151533
MLT,2014,37.5316177478321
MLT,2015,36.4763651272801
MLT,2016,36.1052605767814
MLT,2017,35.6445228209664
MLT,2018,35.7785564109876
MLT,2019,34.9804331649424
MLT,2020,32.846224920184
MLT,2021,32.0141232608187
MLT,2022,32.5063386860015
MLT,2023,30.7491588927971
MLT,2024,33.2177881893269
MMR,2012,19.7007501337319
MMR,2013,20.0136948721279
MMR,2014,22.0275608393637
MMR,2015,18.5063974234776
MMR,2016,16.789835742121
MMR,2017,15.9852528823652
MMR,2018,7.01300899608592
MMR,2019,14.3891961645863
MNG,2010,29.0280155715086
MNG,2011,28.5930240405597
MNG,2012,25.6174161277785
MNG,2013,27.6871274568143
MNG,2014,25.155191062282
MNG,2015,22.8150159606259
MNG,2016,21.1456921237602
MNG,2017,24.8214247022326
MNG,2018,28.5069631375435
MNG,2019,30.7123689903759
MNG,2020,29.2280677437767
MNG,2021,28.9902166507322
MNG,2022,29.8421433530881
MNG,2023,28.933391527154
MNG,2024,31.6089010017176
MOZ,2010,15.9198449318707
MOZ,2011,18.6942440150919
MOZ,2012,20.5118903918834
MOZ,2013,23.9478045192348
MOZ,2014,27.223385140269
MOZ,2015,24.0547674733887
MOZ,2016,21.3937577828951
MOZ,2017,23.9228257718468
MOZ,2018,23.0097573144796
MOZ,2019,28.5160622638108
MOZ,2020,22.6889665288537
MOZ,2021,25.1104162863117
MOZ,2022,24.5687682760021
MOZ,2023,24.736717017785
MOZ,2024,24.515377349918
MUS,2010,21.8047896406969
MUS,2011,21.6164906628483
MUS,2012,22.2580372988039
MUS,2013,21.842864215382
MUS,2014,22.1928523296943
MUS,2015,11.0188100861464
MUS,2016,21.9084045678294
MUS,2017,21.2662478154621
MUS,2018,21.5634109705955
MUS,2019,22.0213559491683
MUS,2020,23.9102789112507
MUS,2021,21.2660553753189
MUS,2022,23.8407553257005
MUS,2023,24.653830048004
MUS,2024,24.7072442899272
MWI,2010,11.6734090885258
MWI,2011,11.4006485954383
MWI,2012,9.82244916034164
MWI,2013,10.1007501918162
MWI,2014,11.7964542832246
MWI,2015,11.5105715128485
MWI,2016,11.1687741550083
MWI,2017,13.0565371469458
MWI,2018,12.9525502279637
MWI,2019,12.4204473652036
MWI,2020,12.9073757320637
MWI,2021,12.288329272589
MWI,2022,14.1361846816996
MWI,2023,14.6243180983165
MWI,2024,15.9265082707286
MYS,2010,19.4358718043738
MYS,2011,20.3369846215943
MYS,2012,21.4065968461326
MYS,2013,20.9471104854243
MYS,2014,19.9400646937981
MYS,2015,18.6151187858803
MYS,2016,16.9977908273231
MYS,2017,16.0609680474948
MYS,2018,16.0856501545673
MYS,2019,17.47921971095
MYS,2020,15.8672577102456
MYS,2021,15.0934538926416
MYS,2022,16.399628113794
MYS,2023,17.2673137301998
MYS,2024,16.7996896751835
NAM,2010,27.8618459649058
NAM,2011,32.529309615367
NAM,2012,35.3952733984384
NAM,2013,35.833824571169
NAM,2014,36.9658777299673
NAM,2015,35.6552012546896
NAM,2016,31.0662242067809
NAM,2017,32.6896921958431
NAM,2018,30.7315444486879
NAM,2019,32.2396187199815
NAM,2020,33.0317167416936
NAM,2021,30.206766036628
NAM,2022,31.2897457427708
NAM,2023,35.3095008081637
NAM,2024,35.5559396083072
NIC,2010,14.74186021641
NIC,2011,15.7606753903619
NIC,2012,16.4206470497813
NIC,2013,16.216857119378
NIC,2014,16.4345919850694
NIC,2015,16.7280500642775
NIC,2016,17.3827290426753
NIC,2017,17.8258154423666
NIC,2018,16.9620048772188
NIC,2019,18.8466464658517
NIC,2020,18.4889521054397
NIC,2021,20.5214787591035
NIC,2022,21.5053890391615
NIC,2023,21.5078651967659
NIC,2024,21.5193850593362
NLD,2010,38.6106540678235
NLD,2011,38.4714937051552
NLD,2012,38.9283717595012
NLD,2013,39.8548906421142
NLD,2014,39.799035405311
NLD,2015,38.6479779740408
NLD,2016,39.4801263581768
NLD,2017,39.5813605980335
NLD,2018,39.5247900029596
NLD,2019,39.7164505216525
NLD,2020,39.7313779068984
NLD,2021,39.3800684201671
NLD,2022,39.1818437946509
NLD,2023,39.4093890964287
NLD,2024,39.4245249624847
NOR,2010,45.9823053026954
NOR,2011,47.5637405298517
NOR,2012,47.2892652888855
NOR,2013,45.077659466854
NOR,2014,44.6144172158497
NOR,2015,43.9715350644664
NOR,2016,43.7289763342243
NOR,2017,43.6482748792285
NOR,2018,45.1355227452729
NOR,2019,45.7409488248506
NOR,2020,42.908642024702
NOR,2021,45.7797462189852
NOR,2022,54.4201171517944
NOR,2023,52.2589102375718
NOR,2024,51.4500576968702
NPL,2010,14.8983557656354
NPL,2011,13.0566910729399
NPL,2012,13.8909014659574
NPL,2013,15.1688801608539
NPL,2014,16.2338856665405
NPL,2015,16.9926063388756
NPL,2016,18.5759336570502
NPL,2017,19.9373283662624
NPL,2018,22.0168965987014
NPL,2019,22.4013479087979
NPL,2020,19.3654266718347
NPL,2021,19.882121562856
NPL,2023,16.5336746124699
NRU,2014,85.2893522777778
NRU,2015,86.1096392352941
NRU,2016,93.8404129179105
NRU,2017,92.3966420965517
NRU,2018,102.697082473373
NRU,2019,128.767600457143
NRU,2020,138.822319145161
NRU,2021,133.2335
NRU,2022,124.128915662651
NRU,2023,118.122083333333
NRU,2024,115.548018359375
NZL,2010,32.3176703163017
NZL,2011,33.8257713248639
NZL,2012,33.0947714368336
NZL,2013,32.4947044726376
NZL,2014,32.6587841872686
NZL,2015,32.7266332366446
NZL,2016,32.361414494889
NZL,2017,32.1541877495984
NZL,2018,32.1066743108027
NZL,2019,32.8008662611843
NZL,2020,31.517866715058
NZL,2021,32.7397023797074
NZL,2022,32.8241696446299
NZL,2023,32.1877560934371
NZL,2024,34.2451111701211
PAN,2014,13.2308283618392
PAN,2015,12.8142246963562
PAN,2016,12.6851464212311
PAN,2017,13.4436094044467
PAN,2018,13.1867976086809
PAN,2019,11.8337769971945
PAN,2020,11.5055207412799
PAN,2021,11.3727886842756
PAN,2022,11.9868353876048
PAN,2023,12.0037500077077
PAN,2024,10.6956400496819
PER,2010,20.286038761212
PER,2011,20.8025617676613
PER,2012,21.5132965845721
PER,2013,21.5492040891251
PER,2014,21.8296907288523
PER,2015,19.679565807863
PER,2016,18.2765652206734
PER,2017,17.8234033989894
PER,2018,19.0379642707319
PER,2019,19.5290026661565
PER,2020,18.0501223065786
PER,2021,20.6701362394943
PHL,2010,12.8470591641686
PHL,2011,13.3982787223193
PHL,2012,13.8032343791337
PHL,2013,14.2155505906419
PHL,2014,14.4354568990067
PHL,2015,14.6770502818935
PHL,2016,14.5097320228406
PHL,2017,14.93213807295
PHL,2018,15.518451436483
PHL,2019,16.0691583520658
PHL,2020,15.9052544996477
PHL,2021,15.4805124388839
PHL,2022,16.0827426789485
PHL,2023,15.7220468648187
PHL,2024,16.6932227681666
PLW,2010,19.5760442865576
PLW,2011,21.1540639729323
PLW,2012,21.804235235346
PLW,2013,22.1386678391979
PLW,2014,24.2376780301986
PLW,2015,25.1293974253525
PLW,2016,24.8741538683501
PLW,2017,26.6171676701176
PLW,2018,26.8344455739333
PLW,2019,24.5146786355221
PLW,2020,24.2163800569469
PNG,2014,19.2671991455953
PNG,2015,16.933240692062
PNG,2016,13.9232871005037
PNG,2017,13.906441828533
PNG,2018,15.4274780350673
PNG,2019,14.1989017393894
PNG,2020,12.9289799059491
PNG,2021,12.8483603668064
PNG,2022,15.3203624359406
PNG,2023,16.8608576743896
PNG,2024,16.5534297070832
POL,2010,31.9706586203309
POL,2011,32.537093932932
POL,2012,32.7536212229741
POL,2013,32.4418965323538
POL,2014,32.2897733286165
POL,2015,32.4821172392908
POL,2016,32.8126112028125
POL,2017,33.5318974617845
POL,2018,34.1003647349327
POL,2019,34.1467261960069
POL,2020,34.7081923171819
POL,2021,35.7886364097481
POL,2022,33.8091813534998
POL,2023,35.8946310017879
PRT,2010,34.5712657927594
PRT,2011,36.4502204173696
PRT,2012,36.4004717016117
PRT,2013,38.6751715237362
PRT,2014,38.3937765369021
PRT,2015,37.9656455268759
PRT,2016,37.2639343776862
PRT,2017,37.2991776711652
PRT,2018,37.6059440214255
PRT,2019,37.4542586260299
PRT,2020,37.7665912618546
PRT,2021,37.7052925940193
PRT,2022,38.0831323751752
PRT,2023,37.5005435031579
PRT,2024,37.3837000985806
PRY,2010,14.663454416389
PRY,2011,15.5615483849859
PRY,2012,16.6920046610406
PRY,2013,15.779985613146
PRY,2014,16.7182017190764
PRY,2015,17.3584836645057
PRY,2016,16.8648796628657
PRY,2017,17.4431333716623
PRY,2018,17.331779790204
PRY,2019,17.5461211473474
PRY,2020,16.7319714533172
PRY,2021,16.8925783551728
PRY,2022,17.4421824565221
PRY,2023,17.5638366633057
PRY,2024,18.6696355900134
ROU,2010,29.0805674926797
ROU,2011,29.2983899120454
ROU,2012,28.9321550182248
ROU,2013,29.8798196423878
ROU,2014,30.5307330637385
ROU,2015,31.304531368106
ROU,2016,29.4048588201148
ROU,2017,28.3423275576002
ROU,2018,29.1257576209077
ROU,2019,29.1082248615121
ROU,2020,28.9507166215375
ROU,2021,28.9728868613342
ROU,2022,30.0804970223122
ROU,2023,29.196836409305
ROU,2024,30.7097958467432
RUS,2010,26.054156943742
RUS,2011,29.1482849253086
RUS,2012,27.2377003203952
RUS,2013,26.5415005953221
RUS,2014,27.1517347071711
RUS,2015,24.4720476684928
RUS,2016,24.2684308208386
RUS,2017,24.4845856851678
RUS,2018,27.5163963231875
RUS,2019,27.4804517541099
RUS,2020,27.6767173115632
RUS,2021,26.5756609925752
RUS,2022,26.9931011274882
RUS,2023,29.0875573953717
RUS,2024,27.8283526409365
RWA,2014,18.4970880396752
RWA,2015,19.1597140638369
RWA,2016,20.2534095639587
RWA,2017,19.9836455895839
RWA,2018,20.3967950490974
RWA,2019,20.405942351343
RWA,2020,20.7441841252412
RWA,2021,21.1010695542121
RWA,2022,19.0884858308362
RWA,2023,18.6745564075669
SAU,2010,37.4031314968159
SAU,2011,43.7821599245909
SAU,2012,44.2080643187851
SAU,2013,39.9298617327609
SAU,2014,35.2372295909241
SAU,2015,23.5623988579797
SAU,2016,20.0963081210981
SAU,2017,24.8765686836184
SAU,2018,27.2458971226168
SAU,2019,27.8140023653833
SAU,2020,27.1487389649999
SAU,2021,26.2005739264251
SAU,2022,27.2926932054767
SAU,2023,26.5289068800738
SAU,2024,26.7720165625072
SDN,2010,11.4350538263501
SDN,2011,11.3060875333572
SDN,2012,9.41241516683834
SDN,2013,10.2774069502536
SDN,2014,11.0418206251384
SDN,2015,10.314396584643
SDN,2016,8.77413482505213
SEN,2015,19.1978528881255
SEN,2016,20.8189569514001
SEN,2017,21.3733590007235
SEN,2018,19.7715974515781
SEN,2019,21.2096729266894
SEN,2020,20.2302779535469
SEN,2021,20.8139102456868
SEN,2022,22.1495867807185
SEN,2023,24.1739336241686
SGP,2010,16.7790639246853
SGP,2011,17.0209629280307
SGP,2012,17.4768046793331
SGP,2013,17.2396519035114
SGP,2014,18.0208994708332
SGP,2015,17.9971098900658
SGP,2016,18.3679721865711
SGP,2017,20.0984795106946
SGP,2018,18.1363800456617
SGP,2019,20.9049346284011
SGP,2020,17.9630738979833
SGP,2021,16.9554758068058
SGP,2022,15.7228590892291
SGP,2023,18.0096881546498
SGP,2024,17.7270176198845
SLB,2011,27.4839662556294
SLB,2012,29.0401765252793
SLB,2013,30.0201123336369
SLB,2014,29.2322045495204
SLB,2015,30.9120279669269
SLB,2016,27.5713499257654
SLB,2017,28.9821057845064
SLB,2018,29.1970409864465
SLB,2019,25.8366420778126
SLB,2020,24.5942257810752
SLB,2021,24.2494774240016
SLB,2022,24.6272216717746
SLB,2023,25.1307524138681
SLB,2024,25.4203591870694
SLV,2010,22.0295838230001
SLV,2011,23.2282558637
SLV,2012,22.6560609136287
SLV,2013,21.1068548167065
SLV,2014,20.5922799936442
SLV,2015,20.8150431413365
SLV,2016,23.6888663993406
SLV,2017,25.0974253686368
SLV,2018,24.9488391040262
SLV,2019,24.1024004190298
SLV,2020,23.5586663397695
SLV,2021,28.5747339991475
SLV,2022,28.1919328173012
SLV,2023,26.2750657238117
SLV,2024,27.2590986226098
SMR,2010,37.3979701338971
SMR,2011,40.1624647689946
SMR,2012,44.2974057990392
SMR,2013,41.7640332990506
SMR,2014,43.6972721452381
SMR,2015,43.0493289285825
SMR,2016,42.3911895536632
SMR,2017,40.8355906566922
SMR,2018,41.1493368665446
SMR,2019,41.6501551455129
SMR,2020,39.6583256605927
SMR,2021,40.3285700844418
SMR,2022,44.4115853216703
SMR,2023,41.2456882051905
SOM,2017,1.87159810479441
SOM,2018,2.32971958083069
SOM,2019,2.65408365811063
SOM,2020,2.44873298624839
SOM,2021,2.42076773989115
SOM,2022,2.57443639234191
SOM,2023,3.00954168302458
SOM,2024,3.08643595525991
SRB,2010,33.098297772586
SRB,2011,31.7220568030059
SRB,2012,31.5382682858758
SRB,2013,35.9021241759536
SRB,2014,37.3230768522299
SRB,2015,37.4578854866977
SRB,2016,38.3245677884817
SRB,2017,39.0176736635876
SRB,2018,38.6414959649739
SRB,2019,39.2908234713367
SRB,2020,39.4299683143155
SRB,2021,34.5619415663687
SRB,2022,38.6499916194589
SVK,2010,31.5031888178808
SVK,2011,33.9574139063562
SVK,2012,33.1016168746668
SVK,2013,35.5079174484525
SVK,2014,36.023154999262
SVK,2015,38.18666488372
SVK,2016,35.5754611590247
SVK,2017,36.5193524934037
SVK,2018,36.4511446145216
SVK,2019,37.3077733089122
SVK,2020,37.0308080050777
SVK,2021,37.7021998748493
SVK,2022,39.2667210059404
SVK,2023,40.1894910694299
SVK,2024,39.3323818777902
SVN,2010,42.8894766154561
SVN,2011,42.4717213181273
SVN,2012,43.4411262914035
SVN,2013,44.1054666585389
SVN,2014,43.723864185323
SVN,2015,44.4393657164977
SVN,2016,42.6928843776503
SVN,2017,42.3960148904371
SVN,2018,42.6985994041014
SVN,2019,42.248384816706
SVN,2020,42.1064159274095
SVN,2021,43.1446565877025
SVN,2022,42.3403234348526
SVN,2023,41.8074014916595
SVN,2024,43.5255856136637
SWE,2010,33.9466773888544
SWE,2011,33.3419977289027
SWE,2012,32.9586695645987
SWE,2013,33.0381321721872
SWE,2014,32.6832028732996
SWE,2015,33.1938133784108
SWE,2016,34.1313890613301
SWE,2017,34.1366138636108
SWE,2018,34.0516011743389
SWE,2019,33.4318719428237
SWE,2020,32.8011881452785
SWE,2021,33.6215705383775
SWE,2022,34.3619222493581
SWE,2023,32.9996466003721
SWE,2024,33.0044796323172
SWZ,2010,17.4213311314999
SWZ,2011,17.4751284695605
SWZ,2012,29.6802299788205
SWZ,2014,30.4071584593444
SWZ,2015,28.6375360072177
SWZ,2016,25.2664783127525
SWZ,2017,27.403115916595
SWZ,2018,24.8118360530166
SWZ,2019,25.8079043031861
SWZ,2020,27.2731606684613
SWZ,2021,25.0880373762125
TGO,2010,12.6459060336344
TGO,2011,12.3910262405799
TGO,2012,12.9491532410419
TGO,2013,13.6526816245423
TGO,2014,14.2869174863926
TGO,2015,14.8446796796597
TGO,2016,14.6929766202087
TGO,2017,14.0684471149723
TGO,2018,15.4929506425375
TGO,2019,15.241779335802
TGO,2020,14.0219375177317
TGO,2021,14.4925280343861
TGO,2022,14.2234258590487
TGO,2023,15.6588495732138
THA,2010,18.9981068906829
THA,2011,19.8124475584625
THA,2012,18.9380707949502
THA,2013,21.3359792359589
THA,2014,20.3797627910924
THA,2015,21.2559663894193
THA,2016,20.5484735955978
THA,2017,19.8604658024679
THA,2018,20.1769525888598
THA,2019,20.0041229020508
THA,2020,20.0733730214482
THA,2021,19.2326637591497
THA,2022,18.9750645034963
THA,2023,19.9419131391138
THA,2024,20.236099600792
TJK,2021,17.7526722762903
TJK,2022,17.0698949930488
TJK,2023,18.4315380367248
TJK,2024,18.6905411284478
TLS,2010,274.430480836295
TLS,2011,344.999450811513
TLS,2012,337.757045957322
TLS,2013,248.916801375398
TLS,2014,158.389094579531
TLS,2015,93.019732847449
TLS,2016,47.2205857428438
TLS,2017,60.3270199167619
TLS,2018,68.6107575023367
TLS,2019,67.4755723744906
TLS,2020,39.6503072205222
TLS,2021,33.7655247717926
TLS,2022,51.4675236638262
TON,2013,19.3274593600117
TON,2014,20.1678760830527
TON,2015,22.2225334077505
TON,2016,23.9322384516322
TON,2017,23.939160596088
TON,2018,24.684359789818
TON,2019,23.7028913145304
TON,2020,24.035194449994
TON,2021,23.4187836075959
TON,2022,22.3197253030917
TON,2023,22.6409786872749
TTO,2010,32.9279100716369
TTO,2011,28.693596257357
TTO,2012,29.9078729096396
TTO,2013,30.4573880953046
TTO,2014,32.820367688773
TTO,2015,35.8629396068095
TTO,2016,31.2390699061462
TTO,2017,28.7268899879201
TTO,2018,29.5653403216796
TTO,2019,24.2635768758849
TUN,2010,27.6713275294303
TUN,2011,31.1612878465826
TUN,2012,29.8761896900073
TUR,2010,31.3740275795167
TUR,2011,30.5733274427087
TUR,2012,30.621624698759
TUR,2013,30.8565141953979
TUR,2014,30.3276548015133
TUR,2015,30.4983562189661
TUR,2016,30.9443928097308
TUR,2017,29.501534894828
TUR,2018,30.207791762814
TUR,2019,29.2876680740266
TUR,2020,29.5197315875713
TUR,2021,29.4977695405094
TUR,2022,27.2711691129616
TUR,2023,33.0413461477558
TUR,2024,31.4818867249691
TZA,2010,10.3966652547079
TZA,2011,10.320132545457
TZA,2012,11.3234662123153
TZA,2013,11.3628314322499
TZA,2014,12.2379339025816
TZA,2015,11.3831208411787
TZA,2016,12.4026980577624
TZA,2017,13.5824690329332
TZA,2018,13.9060325936847
TZA,2019,13.2700185532593
TZA,2020,13.3579651832576
TZA,2021,12.630579947155
TZA,2022,13.996990502322
TZA,2023,13.41063694983
TZA,2024,14.4774451489003
UGA,2015,11.5774109946973
UGA,2016,11.9616232828184
UGA,2017,12.3659847369423
UGA,2018,12.4765065851732
UGA,2019,13.0957063452079
UGA,2020,12.8539945724217
UGA,2021,13.9862387540555
UGA,2022,13.7785940939712
UGA,2023,14.3793546945055
UGA,2024,14.0445688090372
UKR,2010,33.1679703012266
UKR,2011,34.9854815302354
UKR,2012,36.0950783910037
UKR,2013,34.7676228164977
UKR,2014,33.6845451709764
UKR,2015,35.7583940812977
UKR,2016,31.2027331643307
UKR,2017,32.5709984513088
UKR,2018,32.1350394028568
UKR,2019,31.8658437422527
UKR,2020,32.3167384568451
UKR,2021,30.0547859608659
UKR,2022,29.2810864585119
UKR,2023,30.8349656855253
UKR,2024,33.6543769191175
URY,2010,28.7222949826024
URY,2011,28.6039900181098
URY,2012,28.3021326547872
URY,2013,29.1776601490145
URY,2014,28.7136319724121
URY,2015,28.1236212798537
URY,2016,33.1100434313663
URY,2017,29.7074918010415
URY,2018,31.3533848442693
URY,2019,30.6396588714299
URY,2020,30.8483185300747
URY,2021,29.1017843547967
URY,2022,29.419422679848
URY,2023,30.3565640525814
URY,2024,30.5962469310343
USA,2010,16.4034431324241
USA,2011,16.6294350441405
USA,2012,16.7477397829576
USA,2013,18.7407120908556
USA,2014,18.8588452680232
USA,2015,18.9953587913738
USA,2016,18.540821220497
USA,2017,19.2095273622379
USA,2018,17.4793585714067
USA,2019,17.2913779593688
USA,2020,17.6890680407897
USA,2021,18.7959378975788
USA,2022,19.8715966392747
USA,2023,17.4885947429621
USA,2024,17.7796750243779
UZB,2011,20.4504022965488
UZB,2012,22.4337451048206
UZB,2013,19.2082821510386
UZB,2014,18.5113941370606
UZB,2015,17.3563652514993
UZB,2016,17.3636423845651
UZB,2017,14.9964001669678
UZB,2018,18.3618721452391
UZB,2019,17.3161342582396
UZB,2020,18.3600418406121
UZB,2021,18.5423647146043
UZB,2022,20.155434648709
UZB,2023,19.3602832692413
VCT,2010,24.8715120270091
VCT,2011,23.9967722405736
VCT,2012,23.9777970846558
VCT,2013,22.4020741055273
VCT,2014,25.7121306025185
VCT,2015,24.4295333615859
VCT,2016,26.9523610264621
VCT,2017,25.5657309854272
VUT,2010,18.7493076497015
VUT,2011,19.0565271025325
VUT,2012,19.6489689367476
VUT,2013,17.8667465640812
VUT,2014,17.9396047759655
VUT,2015,17.8879184768034
VUT,2016,19.9176750461582
VUT,2017,21.2906941103257
VUT,2018,26.7720750761265
VUT,2019,27.5666801312051
VUT,2020,26.748134391931
VUT,2021,26.5380970498321
VUT,2022,21.5247208636884
VUT,2023,24.1643668341318
WLD,2010,22.3561825435241
WLD,2011,22.3100752107125
WLD,2012,22.5544432107265
WLD,2013,23.1296264020685
WLD,2014,23.7501302293004
WLD,2015,23.5883903200811
WLD,2016,23.3783349836722
WLD,2017,23.648321472946
WLD,2018,23.5251814681263
WLD,2019,23.7531445889608
WLD,2020,23.3366312062853
WLD,2021,23.9564543549936
WLD,2022,24.0657365485958
WLD,2023,23.8123980996292
WLD,2024,23.8994620757722
WSM,2012,26.8860125917681
WSM,2013,27.9563681196482
WSM,2014,29.7515263303069
WSM,2015,28.5849211012879
WSM,2016,28.8003811964109
WSM,2017,30.6185471665526
WSM,2018,31.0158150581627
WSM,2019,33.2520817452473
WSM,2020,32.6048627606348
WSM,2021,32.852872418174
WSM,2022,31.0681161649239
WSM,2023,30.7232802045394
ZAF,2010,25.5192267165858
ZAF,2011,25.9740547550987
ZAF,2012,26.5227856834625
ZAF,2013,27.4101862231804
ZAF,2014,28.8726130567165
ZAF,2015,29.6472581887112
ZAF,2016,29.0406590015195
ZAF,2017,28.9131558196206
ZAF,2018,28.3643368318902
ZAF,2019,28.8976157499402
ZAF,2020,27.8138753889078
ZAF,2021,30.0292040850951
ZAF,2022,29.9911603935889
ZAF,2023,29.9221961377987
ZAF,2024,29.3983175912785
ZMB,2010,14.3625876180455
ZMB,2011,17.4683770602892
ZMB,2012,16.6680892991001
ZMB,2013,16.2362093688669
ZMB,2014,17.7376341640078
ZMB,2015,18.2957716448269
ZMB,2016,18.1324357467445
ZMB,2017,16.8512124005775
ZMB,2018,19.4109624853589
ZMB,2019,19.5961045589077
ZMB,2020,19.5813891552591
ZMB,2021,21.9673977518021
ZMB,2022,20.5075493981699
ZMB,2023,20.709101905525
ZMB,2024,23.4062502477948
ZWE,2010,19.4073887048806
ZWE,2011,20.6729789100811
ZWE,2012,20.3951540415202
ZWE,2015,19.0034625917759
ZWE,2016,17.1946521196172
ZWE,2017,5.95790585953862
ZWE,2018,8.11695829520314
