# World Bank Open Data GC.TAX.TOTL.GD.ZS, last updated 2026-07-13, CC BY 4.0
iso3,year,value
AFG,2010,9.16975191915408
AFG,2011,8.91679399595736
AFG,2012,7.70780060287773
AFG,2013,7.12277329020889
AFG,2014,6.88210294277301
AFG,2015,7.58538233129798
AFG,2016,9.50265278288094
AFG,2017,9.89845089688421
AGO,2010,14.5589920537042
AGO,2011,14.3382952931375
AGO,2012,13.2204079061426
AGO,2013,12.6117526343538
AGO,2014,11.9996728299866
AGO,2015,9.70951386995514
AGO,2016,8.44993710614083
AGO,2017,7.93769449364452
AGO,2018,9.81991476441704
AGO,2019,11.2249811205741
AGO,2020,20.6369789054807
AGO,2021,10.8777386115433
AGO,2022,13.0275094295514
AGO,2023,8.96325444669812
AGO,2024,7.58797309525612
ALB,2011,17.9067230671409
ALB,2012,17.5879265953551
ALB,2013,16.4764962744668
ALB,2014,18.2080954662381
ALB,2015,18.3812921492969
ALB,2016,17.4032025232446
ALB,2017,18.5476631833556
ALB,2018,18.2769527327116
ALB,2019,17.9309939892851
ALB,2020,16.8955410663729
ALB,2021,18.0962279133573
ALB,2022,18.0607759287802
ALB,2023,17.8021587949933
ALB,2024,18.0152934113212
AND,2018,14.3001746806738
AND,2019,13.9343493620539
AND,2020,12.1715243804049
AND,2021,12.8529840101457
AND,2022,13.6196203276331
AND,2023,14.09633463826
AND,2024,15.5693338504029
ARE,2011,0.305542747364174
ARE,2012,0.34692764731157
ARE,2013,0.352793151993451
ARE,2014,0.33747494973265
ARE,2015,0.0541309745951462
ARE,2016,0.040683437400096
ARE,2017,0.0635311817705108
ARE,2018,0.056840595689712
ARE,2019,0.936531687616157
ARE,2020,0.667404694007498
ARE,2021,0.526041912665844
ARE,2022,0.568698431385193
ARE,2023,0.616670519752557
ARE,2024,0.647516088466425
ARG,2010,12.8530426903255
ARG,2011,12.6636277012315
ARG,2012,12.9528415127413
ARG,2013,12.4529027558077
ARG,2014,12.6109666067191
ARG,2015,12.3365069418291
ARG,2016,12.0972836411962
ARG,2017,10.939623860491
ARG,2018,9.79144712037089
ARG,2019,10.3919973375121
ARG,2020,10.70812114449
ARG,2021,11.3410740330927
ARG,2022,11.0647708090182
ARG,2023,9.92889407757488
ARG,2024,10.4293148817726
ARM,2010,17.0700513990102
ARM,2011,17.2194190490991
ARM,2012,17.4916420766113
ARM,2013,21.5862138752919
ARM,2014,21.5991745525223
ARM,2015,20.931220827141
ARM,2016,21.2773752756378
ARM,2017,20.7806533587524
ARM,2018,20.8701039031814
ARM,2019,22.2851709900772
ARM,2020,21.8604192761626
ARM,2021,22.0010047423132
ARM,2022,21.8271552378304
ARM,2023,22.3886922474902
ARM,2024,22.3660356767883
AUS,2010,20.411751894265
AUS,2011,20.2598123616431
AUS,2012,21.028478984604
AUS,2013,21.8526958939392
AUS,2014,21.8026703321947
AUS,2015,21.7852484720567
AUS,2016,22.1881700823279
AUS,2017,22.0221874286349
AUS,2018,23.1220344318251
AUS,2019,23.3142643790741
AUS,2020,22.507523858651
AUS,2021,23.0039076566829
AUS,2022,23.5614929509239
AUT,2010,25.495733887384
AUT,2011,25.6466391466356
AUT,2012,26.1830994283732
AUT,2013,26.7741686943731
AUT,2014,26.8419027283415
AUT,2015,27.2160274066387
AUT,2016,25.8220277699052
AUT,2017,25.7616861075799
AUT,2018,25.7216448598991
AUT,2019,25.8096620383826
AUT,2020,24.666005775658
AUT,2021,26.0148539837239
AUT,2022,26.1260712279325
AUT,2023,25.6473559790513
AUT,2024,25.7804428492832
AZE,2010,12.1577769928176
AZE,2011,12.2247609538804
AZE,2012,12.7786393685483
AZE,2013,13.3883331614589
AZE,2014,14.2125356482603
AZE,2015,15.6031629275469
AZE,2016,14.520266378928
AZE,2017,13.1334787269434
AZE,2018,12.9435536632872
AZE,2019,14.1900356793111
AZE,2020,15.1855725074093
AZE,2021,13.4213202980155
AZE,2022,15.4476897158899
AZE,2023,17.7860607300996
AZE,2024,17.3014403568645
BDI,2010,13.855957125156
BDI,2011,15.5318060779053
BDI,2012,14.5331459203268
BDI,2013,13.4877674722013
BDI,2014,13.6898075518283
BDI,2015,14.498972475504
BDI,2016,14.0031515069336
BDI,2017,13.8214527656916
BDI,2019,13.5121247971463
BDI,2020,13.1204555247932
BDI,2021,12.6719556010603
BEL,2010,24.4642971194993
BEL,2011,24.7565250957503
BEL,2012,25.7090042684997
BEL,2013,26.0759882447836
BEL,2014,26.0023315980929
BEL,2015,24.4105472905005
BEL,2016,22.900964858212
BEL,2017,23.4813733290754
BEL,2018,23.9585559524675
BEL,2019,22.4711327620755
BEL,2020,21.7037422461067
BEL,2021,23.0538574267381
BEL,2022,22.6698668383427
BEL,2023,22.4836404750887
BEL,2024,22.9598994570701
BFA,2010,11.3100646526483
BFA,2011,12.2194913583116
BFA,2012,13.889962428562
BFA,2013,14.9486419589637
BFA,2014,13.6638275123408
BFA,2015,13.2802007024398
BFA,2016,14.1391533049498
BFA,2017,15.2607212259008
BFA,2018,15.2924120845571
BFA,2019,15.6406078633915
BFA,2020,13.7423701735785
BFA,2021,16.019787781564
BFA,2022,17.8607653469348
BFA,2023,18.5575329202503
BFA,2024,18.6826372667856
BGD,2010,7.83468474946733
BGD,2011,8.68592470557816
BGD,2012,9.02456269019499
BGD,2013,8.96241331541821
BGD,2014,8.6353777373447
BGD,2015,8.49834882820801
BGD,2016,7.31691184755758
BGD,2017,6.99714263243688
BGD,2018,7.73177216647423
BGD,2019,7.63863895493657
BGD,2020,7.00153674405437
BGD,2021,7.64236301017901
BGR,2010,17.8714307967066
BGR,2011,17.8827145966643
BGR,2012,18.3853361329214
BGR,2013,19.6862824134423
BGR,2014,19.5666201796398
BGR,2015,20.077804276825
BGR,2016,20.3330308112228
BGR,2017,20.5232251884627
BGR,2018,19.9835387737086
BGR,2019,20.5951033538617
BGR,2020,20.1966634423721
BGR,2021,20.5917859903497
BGR,2022,21.7263551010023
BGR,2023,20.5150881353998
BGR,2024,20.6721408609361
BHR,2010,1.12828093917582
BHR,2011,1.07176697647209
BHR,2012,1.13708147249514
BHR,2013,1.02928468252976
BHR,2014,0.792383936021881
BHR,2015,0.990043144194505
BHR,2016,0.808517153690866
BHR,2017,0.936278227051092
BHR,2018,1.09260242365011
BHR,2019,2.87818871935823
BHR,2020,2.82317547849899
BHS,2010,10.7623149327044
BHS,2011,13.0110208622256
BHS,2012,12.0393694675572
BHS,2013,11.7717003741182
BHS,2014,11.2869800015262
BHS,2015,12.7014255261202
BHS,2016,14.1340479509128
BHS,2017,14.7905517872723
BHS,2018,14.3197235396905
BHS,2019,16.5602018528282
BHS,2020,17.9313432819978
BHS,2021,13.3895376505774
BHS,2022,15.5305623380922
BHS,2023,16.1980053499047
BHS,2024,17.2812199989894
BIH,2010,19.685676403117
BIH,2011,20.3056652821355
BIH,2012,20.4775399413527
BIH,2013,19.7515439048604
BIH,2014,19.7779011945026
BIH,2015,19.7000106527246
BIH,2016,19.713745311694
BIH,2017,19.9876501162954
BIH,2018,20.1410184410233
BIH,2019,19.8265969682994
BIH,2020,18.7506430555408
BIH,2021,19.0981492953639
BIH,2022,19.0910598727413
BIH,2023,19.0586852166841
BIH,2024,20.221417887462
BLR,2010,16.321438373621
BLR,2011,14.5090725642403
BLR,2012,14.6629750334495
BLR,2013,13.3549628478795
BLR,2014,12.6977245264198
BLR,2015,14.1730944654204
BLR,2016,13.7882356123814
BLR,2017,13.0190056104974
BLR,2018,14.6725689698389
BLR,2019,13.3015061393462
BLR,2020,12.0229232594937
BLR,2021,12.8250049647951
BLR,2022,11.2335456198223
BLR,2023,12.7010633447646
BLR,2024,13.0394528160402
BLZ,2010,18.8492959701734
BLZ,2011,18.3208816753347
BLZ,2012,18.3628959521064
BLZ,2013,18.4715397681628
BLZ,2014,19.8625602473845
BLZ,2015,19.7057091467281
BLZ,2016,20.6436561307386
BLZ,2017,21.346693969945
BRA,2010,14.249575957302
BRA,2011,14.85129878353
BRA,2012,14.3324110913977
BRA,2013,14.1253057440862
BRA,2014,13.4900745188201
BRA,2015,13.6296293660896
BRA,2016,13.7104309800754
BRA,2017,13.6052285149994
BRA,2018,13.9401079937096
BRA,2019,13.7376948371937
BRA,2020,12.7193878561953
BRA,2021,14.1366751329603
BRA,2022,14.7258479184963
BRA,2023,14.041862416944
BRA,2024,15.4102340832552
BRB,2010,20.6218653759178
BRB,2011,21.7279440385886
BRB,2012,20.5617692735105
BRB,2013,19.0640872215535
BRB,2014,19.4276282559714
BRB,2015,21.005328996412
BRB,2016,23.3839648956214
BTN,2010,12.1941395950822
BTN,2011,12.4317424995474
BTN,2012,13.5887280698338
BTN,2013,13.302594742707
BTN,2014,12.5052991179472
BTN,2015,12.1453454228689
BTN,2016,11.8864300679607
BTN,2017,11.8591944993995
BTN,2018,15.8040236388622
BTN,2019,14.4975527173232
BTN,2020,12.2846363802964
BWA,2010,23.8833642056949
BWA,2011,24.0453261607064
BWA,2012,28.0365776616041
BWA,2013,26.7403906303594
BWA,2014,27.0928299660417
BWA,2015,26.3110988512498
BWA,2016,21.6300553227647
BWA,2017,23.9334963141963
BWA,2018,21.740494569157
BWA,2019,21.0985509979513
BWA,2020,22.2747050330683
BWA,2021,22.2304202220167
BWA,2022,19.6495295038272
BWA,2023,22.4198951581769
CAF,2010,8.4078921966114
CAF,2011,7.54040362417486
CAF,2012,8.17237728051962
CAF,2014,4.09850069590061
CAF,2015,5.44899138512974
CAF,2016,6.80758893701064
CAF,2017,7.08124424919758
CAF,2018,8.63983071970915
CAF,2019,8.31845804475991
CAF,2020,8.70964482691346
CAF,2021,8.20629229709995
CAN,2010,11.732767044486
CAN,2011,11.8038613990864
CAN,2012,11.6644720495535
CAN,2013,11.6235901452765
CAN,2014,11.8083672406473
CAN,2015,12.3897984570277
CAN,2016,12.4965502941198
CAN,2017,12.6119872225487
CAN,2018,13.0576729881011
CAN,2019,12.7416613646109
CAN,2020,13.5185804823986
CAN,2021,13.9963002003697
CAN,2022,13.6967194140816
CAN,2023,13.7377870842483
CAN,2024,13.7145570395982
CHE,2010,9.19286817269329
CHE,2011,9.1765464380625
CHE,2012,9.01847801766021
CHE,2013,9.09506270036349
CHE,2014,8.90795970905942
CHE,2015,9.39270313942645
CHE,2016,9.26039475722743
CHE,2017,9.8984700509562
CHE,2018,9.49219965553179
CHE,2019,9.70515170008792
CHE,2020,9.17064392578746
CHE,2021,9.76589495822998
CHE,2022,8.67608837627688
CHE,2023,8.67373936064534
CHE,2024,9.45066745280502
CHL,2010,17.4710062673519
CHL,2011,18.9360959983723
CHL,2012,18.9910595532311
CHL,2013,17.4587728968776
CHL,2014,17.0445012148873
CHL,2015,17.5460829269259
CHL,2016,17.4689644143561
CHL,2017,17.5057946834574
CHL,2018,18.3955244984111
CHL,2019,17.7173642631894
CHL,2020,16.1922461585547
CHL,2021,19.6648734895169
CHL,2022,21.345490267732
CHL,2023,17.7043787454348
CHL,2024,18.2645857950519
CHN,2010,10.0382796577366
CHN,2011,10.1512000219484
CHN,2012,10.0894667610088
CHN,2013,9.7321625039509
CHN,2014,9.49826837509792
CHN,2015,9.19468038601503
CHN,2016,8.94556190414739
CHN,2017,9.24872439343925
CHN,2018,8.89089034445248
CHN,2019,8.32942550168391
CHN,2020,7.92409749807608
CHN,2021,7.79829641266187
CHN,2022,7.51799464421188
CHN,2023,7.6382330077989
CHN,2024,7.01806095279297
CIV,2010,10.213762113664
CIV,2011,7.57148126100708
CIV,2012,10.619351578358
CIV,2013,10.6359292433206
CIV,2014,10.1172575454966
CIV,2015,11.1757327985719
CIV,2016,11.4603709076892
CIV,2017,11.7563706937153
CIV,2018,11.6659927465613
CIV,2019,11.6654955006353
CIV,2020,11.7866882349007
CIV,2021,12.3894127185479
CIV,2022,11.8184021009685
CIV,2023,13.0371915910548
CMR,2012,11.3444056049257
CMR,2013,11.5221169764532
CMR,2014,12.285343811226
CMR,2015,12.1109695914613
CMR,2016,11.6520313878748
CMR,2017,11.8759411884958
CMR,2018,12.3469457091006
CMR,2019,12.0282727602432
CMR,2020,10.8705828088042
CMR,2021,11.3415157249134
COD,2010,7.45327769625285
COD,2012,8.64379961257257
COD,2013,8.47036896281173
COD,2014,8.08636550131969
COD,2015,8.59028413326879
COD,2016,7.65044332628552
COD,2017,6.67528812377587
COD,2018,7.43715203896905
COD,2019,7.0484177507343
COD,2020,6.70873789308189
COD,2021,7.86739721576173
COD,2022,10.6622824647321
COG,2010,6.90293864613017
COG,2011,8.11448976998956
COG,2012,7.27824633580598
COG,2013,8.62436076451018
COG,2014,9.58092115614526
COG,2015,12.1951444175552
COG,2016,13.089464226841
COG,2017,10.1352630831832
COG,2018,6.82845231849733
COG,2019,7.1015493816633
COG,2020,8.32448488619369
COG,2021,6.50908825817085
COL,2010,12.1421652023674
COL,2011,14.5758811869672
COL,2012,13.2269907142761
COL,2013,14.0221143464507
COL,2014,15.6997483720014
COL,2015,15.797262655066
COL,2016,14.3852129298513
COL,2017,14.8508184081791
COL,2018,14.6098424480272
COL,2019,14.90052462326
COL,2020,14.0452385553971
COL,2021,14.4462991909878
COL,2022,15.2632926829768
COL,2023,17.5330441918086
COL,2024,15.2199717362872
CPV,2010,16.8224328482522
CPV,2011,17.9870830170972
CPV,2012,16.2810827268418
CPV,2013,16.2703554620725
CPV,2014,15.5325589020017
CPV,2015,17.1355967789329
CPV,2016,16.7252781324397
CPV,2017,17.803638365855
CPV,2018,18.9316063388254
CPV,2019,18.2240332372127
CPV,2020,18.3857032934311
CRI,2010,12.952542053892
CRI,2011,13.2089868388603
CRI,2012,13.1052960487442
CRI,2013,13.4168247702095
CRI,2014,13.0455889721896
CRI,2015,13.2539942004996
CRI,2016,13.5108543405134
CRI,2017,13.2441025536855
CRI,2018,13.1510512390081
CRI,2019,13.2510500783969
CRI,2020,12.1579483067788
CRI,2021,13.9061046561004
CRI,2022,13.9988631267866
CRI,2023,13.750227604509
CRI,2024,13.4597568416377
CYP,2010,23.0541633071918
CYP,2011,23.1497754364522
CYP,2012,23.3347688877135
CYP,2013,23.5211674986721
CYP,2014,24.7157220076717
CYP,2015,24.0473874693333
CYP,2016,23.5160580075036
CYP,2017,23.819883399544
CYP,2018,23.8366578406169
CYP,2019,23.0786439213439
CYP,2020,21.9468107958125
CYP,2021,22.5643516266251
CYP,2022,23.0296883506274
CYP,2023,23.2974440918698
CYP,2024,23.9417875708341
CZE,2010,17.6231703228801
CZE,2011,18.6585289919921
CZE,2012,19.1215199352368
CZE,2013,19.5864678697178
CZE,2014,18.9583304305559
CZE,2015,19.2777740635748
CZE,2016,19.660997350832
CZE,2017,19.7270542369845
CZE,2018,19.7959447917216
CZE,2019,19.6608550810011
CZE,2020,19.1431387237278
CZE,2021,18.2484893595265
CZE,2022,18.1487266719169
CZE,2023,18.1439634030514
CZE,2024,18.6481947859548
DEU,2010,11.3044209753524
DEU,2011,11.7508036302609
DEU,2012,11.9144565745477
DEU,2013,12.0952178281376
DEU,2014,12.050213270698
DEU,2015,11.9885456247591
DEU,2016,11.8344647143693
DEU,2017,11.9735022246491
DEU,2018,11.9511186565056
DEU,2019,11.9024504704179
DEU,2020,11.1648583484027
DEU,2021,11.4694189021112
DEU,2022,11.2560065573935
DEU,2023,10.6875057770109
DEU,2024,10.890812364142
DNK,2010,32.7637143283641
DNK,2011,32.8089690985065
DNK,2012,33.5146741563207
DNK,2013,33.7961426931306
DNK,2014,36.5850723841222
DNK,2015,34.1560427381574
DNK,2016,33.4903267444358
DNK,2017,33.2797095205553
DNK,2018,32.3839236687064
DNK,2019,34.9773905428147
DNK,2020,34.470930251185
DNK,2021,35.1568120616605
DNK,2022,30.728476081674
DNK,2023,31.9731854836669
DNK,2024,33.3582767843919
DOM,2010,12.2208185452575
DOM,2011,12.3149237684384
DOM,2012,13.0522728344989
DOM,2013,13.5308947991171
DOM,2014,13.4195317720907
DOM,2015,12.946515701804
DOM,2016,13.0122120950846
DOM,2017,13.2405929902511
DOM,2018,13.1860453348741
DOM,2019,13.3507977295028
DOM,2020,12.5072744144016
DOM,2021,14.363500378044
DOM,2022,13.9061030281253
DOM,2023,14.5126176834005
DOM,2024,14.7034417605733
ECU,2013,14.1232339142175
ECU,2014,14.0206757250712
ECU,2015,16.3890534868359
ECU,2016,14.5417706457609
ECU,2017,13.6893043126773
ECU,2018,14.2925485653785
ECU,2019,13.4008895884716
ECU,2020,12.9414345922817
ECU,2021,12.73586840639
ECU,2022,13.0891981784206
EGY,2010,14.1300762473065
EGY,2011,14.0086354022318
EGY,2012,12.3849047590613
EGY,2013,13.4980649322726
EGY,2014,12.2201408450704
EGY,2015,12.5192110970171
ESP,2010,12.3552539351712
ESP,2011,11.8256931383282
ESP,2012,11.7062948133333
ESP,2013,13.5446525722175
ESP,2014,14.0482352839264
ESP,2015,14.0820816990338
ESP,2016,13.6838393292056
ESP,2017,13.6257034043746
ESP,2018,14.1254961741386
ESP,2019,13.6580229877723
ESP,2020,13.4462555370373
ESP,2021,14.8775287865224
ESP,2022,15.471017099813
ESP,2023,15.0007244146429
ESP,2024,14.934361142298
EST,2010,20.1886259760194
EST,2011,19.4461104284907
EST,2012,20.1620993799871
EST,2013,20.239593208473
EST,2014,20.7046889899527
EST,2015,21.5659169044997
EST,2016,21.6774027118622
EST,2017,20.8680916555804
EST,2018,20.8332765978306
EST,2019,21.0626465669172
EST,2020,20.7215984585967
EST,2021,21.7424154968985
EST,2022,21.098827586414
EST,2023,21.3870655324956
EST,2024,22.6679583165361
ETH,2010,8.1634410798229
ETH,2011,9.20935861701915
ETH,2012,9.37759471505438
ETH,2013,8.76472537700643
ETH,2014,8.81195539315636
ETH,2015,8.35133826701354
ETH,2016,8.08706320892815
ETH,2017,7.60392938472836
ETH,2018,7.51992183038243
ETH,2019,6.66173827838062
ETH,2020,6.19630068672101
ETH,2021,5.32472596208248
ETH,2022,4.49688508977351
ETH,2023,3.93105822729507
ETH,2024,3.39819259732558
FIN,2010,18.60088122585
FIN,2011,20.0526169335458
FIN,2012,20.2018185629161
FIN,2013,20.7270868858018
FIN,2014,20.735954919725
FIN,2015,20.5868919844713
FIN,2016,20.9872193661139
FIN,2017,20.8810623659359
FIN,2018,20.9641879217783
FIN,2019,20.7845948733429
FIN,2020,20.0057532774645
FIN,2021,20.8297824444051
FIN,2022,21.1993912863772
FIN,2023,25.3625391476347
FIN,2024,25.3281786132257
FJI,2010,21.8225644213838
FJI,2011,22.9170933172774
FJI,2012,22.8925761350793
FJI,2013,23.4756627460653
FJI,2014,23.9766794222305
FJI,2015,24.8700529867802
FJI,2016,23.5346235421212
FJI,2017,24.669942067799
FJI,2018,23.9933534165529
FJI,2019,23.2487168096752
FJI,2020,18.01691440065
FJI,2021,16.4195674890553
FJI,2022,18.4958647750107
FJI,2023,20.5379880737958
FJI,2024,23.9464341913943
FRA,2010,21.9860264776611
FRA,2011,21.8260251212647
FRA,2012,22.608974141338
FRA,2013,23.2041011683014
FRA,2014,23.1556593525911
FRA,2015,23.2974119760792
FRA,2016,23.1463283405753
FRA,2017,23.7863349624871
FRA,2018,24.3098642807809
FRA,2019,24.6605263993177
FRA,2020,24.7888064416138
FRA,2021,23.9794445386059
FRA,2022,24.5495737523762
FRA,2023,23.1762031443727
FRA,2024,22.778486344686
FSM,2010,4.74005753424658
FSM,2011,5.01728538961039
FSM,2012,4.94085092592593
FSM,2013,5.52250222929936
FSM,2014,12.6739215189873
FSM,2015,5.49621602564103
FSM,2016,6.10015688073395
FSM,2017,10.5712584487535
FSM,2018,25.7035439086294
FSM,2019,19.8633073417722
FSM,2020,7.03115450759675
GAB,2012,14.0605243331958
GAB,2013,16.0588356064828
GAB,2014,15.1052288790252
GAB,2015,12.8300685455322
GAB,2016,11.4680637070479
GAB,2017,11.0849703006568
GAB,2018,10.2153363843183
GAB,2019,11.4795282431197
GAB,2020,12.4267778515677
GAB,2021,9.49032554464136
GBR,2010,25.167235102012
GBR,2011,25.7274940192641
GBR,2012,24.9984898716856
GBR,2013,25.0275561855532
GBR,2014,24.7140100668456
GBR,2015,24.9162351349781
GBR,2016,25.2889754608419
GBR,2017,25.4175285210626
GBR,2018,25.326551109134
GBR,2019,24.9143682469426
GBR,2020,24.5433751270756
GBR,2021,25.9910653856023
GBR,2022,26.5536048949437
GBR,2023,26.8736892132882
GBR,2024,26.8890215407942
GEO,2010,21.1106596234593
GEO,2011,22.6614046515192
GEO,2012,23.0885041402301
GEO,2013,22.0625986684055
GEO,2014,22.0531492339701
GEO,2015,22.3477480606692
GEO,2016,23.0424315377671
GEO,2017,23.0135462022254
GEO,2018,22.0478688235553
GEO,2019,22.8972770783896
GEO,2020,21.1807829038543
GEO,2021,21.4728937487649
GEO,2022,22.9022783420258
GEO,2023,23.5992189173728
GEO,2024,24.2581681938283
GHA,2010,13.3883874032931
GHA,2011,14.8657903615734
GHA,2012,15.3681810106551
GHA,2013,10.671836497112
GHA,2014,11.2521859793493
GHA,2015,11.6905632099655
GHA,2016,11.058329192094
GHA,2017,11.5770312754335
GHA,2018,12.244241507483
GHA,2019,11.9969959057137
GHA,2020,11.3404319629261
GHA,2021,12.2446867253345
GHA,2022,12.2975358059171
GHA,2023,12.393098457103
GNB,2017,9.48153396321025
GNB,2018,8.85787789138106
GNB,2019,8.53391831790515
GNB,2020,6.94564592086182
GNB,2021,8.79028080495046
GNB,2022,8.713183826538
GNB,2023,8.85389032340494
GNB,2024,8.3038460722115
GNQ,2010,7.5861592239033
GNQ,2011,7.01579011251936
GNQ,2012,8.7422190526891
GNQ,2013,8.51634994290945
GNQ,2014,8.29890080820683
GNQ,2015,11.4567349338539
GNQ,2016,6.38440698934831
GNQ,2017,5.9818468716613
GNQ,2018,6.1689089093843
GNQ,2019,9.30194361410621
GNQ,2020,8.01129013446091
GNQ,2021,5.39509912593539
GNQ,2022,6.5959868257378
GRC,2010,20.4346791237019
GRC,2011,22.4592713947757
GRC,2012,24.9543887136577
GRC,2013,24.7308046940324
GRC,2014,25.3987231791514
GRC,2015,25.3959107582621
GRC,2016,27.0349616993722
GRC,2017,26.7428191688464
GRC,2018,27.1083919768284
GRC,2019,25.9324359654947
GRC,2020,24.9618719805557
GRC,2021,25.2960070315206
GRC,2022,27.5172060191375
GRC,2023,26.4902731362127
GRC,2024,27.3811388505066
GTM,2010,10.6050218415249
GTM,2011,11.0178435431948
GTM,2012,11.0095522578867
GTM,2013,11.1022993562735
GTM,2014,10.7778148114688
GTM,2015,10.3582512652465
GTM,2016,10.4215141321094
GTM,2017,10.6355700135198
GTM,2018,10.5609513482491
GTM,2019,10.4353893772686
GTM,2020,9.95508945102898
GTM,2021,11.5588951015749
GTM,2022,11.8227747296506
GTM,2023,11.5757005318435
GTM,2024,11.6299581317282
HND,2010,14.4250984008607
HND,2011,14.7879787886259
HND,2012,14.7474723155071
HND,2013,15.0632419088149
HND,2014,16.5426382434487
HND,2015,17.3444720611594
HND,2020,15.066131552103
HRV,2010,20.2809603021175
HRV,2011,19.6484782753049
HRV,2012,20.1295684400884
HRV,2013,20.5987750210821
HRV,2014,20.3827204243559
HRV,2015,21.4161380150546
HRV,2016,21.9038199554303
HRV,2017,22.0181754202526
HRV,2018,21.7868108087404
HRV,2019,21.9731340837067
HRV,2020,20.8751911556046
HRV,2021,21.0722366007919
HRV,2022,21.6758788990283
HRV,2023,21.1835412825499
HUN,2010,22.6349958124257
HUN,2011,21.0755779468166
HUN,2012,22.9290319408291
HUN,2013,22.8744366474572
HUN,2014,23.0029515544783
HUN,2015,23.2251876567379
HUN,2016,23.0038696424493
HUN,2017,22.8501937757718
HUN,2018,22.4528392167293
HUN,2019,22.2398241353198
HUN,2020,22.6858959289388
HUN,2021,21.3456992963306
HUN,2022,23.4285893294636
HUN,2023,22.9196603722488
HUN,2024,22.7430789981067
IND,2010,10.3880397905312
IND,2011,10.1773871997608
IND,2012,10.8367717209692
IND,2013,11.0016256942917
IND,2014,9.98465419071312
IND,2015,10.5697090519718
IND,2016,11.1477384183764
IND,2017,11.3874439798131
IND,2018,12.0174277483166
IND,2022,6.93372148022965
IRL,2010,21.8577885441949
IRL,2011,21.6788892286331
IRL,2012,22.3408807114637
IRL,2013,22.4770470912618
IRL,2014,22.4854573798423
IRL,2015,18.1286187339395
IRL,2016,18.6492727236414
IRL,2017,17.6218306435406
IRL,2018,17.626188645583
IRL,2019,17.3596434260253
IRL,2020,15.929927751069
IRL,2021,16.633416481597
IRL,2022,16.7626298923533
IRL,2023,17.519885397856
IRL,2024,17.9419509627541
IRQ,2014,0.91477329322806
IRQ,2015,1.32119614893692
IRQ,2016,2.07780523585979
IRQ,2017,2.68703020692064
IRQ,2018,1.98400716286706
IRQ,2019,1.34459361810327
ISL,2010,19.977216531176
ISL,2011,20.3516970417671
ISL,2012,21.2266695560098
ISL,2013,21.4977898531242
ISL,2014,24.241614133357
ISL,2015,22.4545104400925
ISL,2016,37.0945238265477
ISL,2017,23.6064643551095
ISL,2018,22.619355494019
ISL,2019,21.6648659512502
ISL,2020,21.9901621382979
ISL,2021,21.056150620841
ISL,2022,22.1558065307655
ISL,2023,23.1574850740894
ISR,2010,21.9917663960841
ISR,2011,22.2240602150511
ISR,2012,21.6388414511256
ISR,2013,22.5345981362524
ISR,2014,22.8514127744922
ISR,2015,23.1107523172636
ISR,2016,23.1153795137664
ISR,2017,24.3017298487401
ISR,2018,22.7691188283566
ISR,2019,22.2965020809605
ISR,2020,22.0313447671333
ISR,2021,24.5700890497868
ISR,2022,25.0031602984692
ISR,2023,22.08474916037
ISR,2024,23.2419259606462
ITA,2010,23.7379559387907
ITA,2011,23.6907780327076
ITA,2012,24.9107338882362
ITA,2013,25.1831182980011
ITA,2014,24.9693939747194
ITA,2015,24.8391474255923
ITA,2016,25.0831052252075
ITA,2017,24.697204288008
ITA,2018,24.2435864233351
ITA,2019,24.6616145255819
ITA,2020,24.8458109789517
ITA,2021,24.8769150126615
ITA,2022,24.6064132004012
ITA,2023,24.7358481020881
ITA,2024,25.6045418430039
JAM,2010,24.2781717265526
JAM,2011,23.364368298024
JAM,2012,24.3328930313007
JAM,2013,24.0092921973108
JAM,2014,24.0532304305783
JAM,2015,23.5306406835229
JAM,2016,24.5909226363065
JAM,2017,24.6019201747315
JAM,2018,24.9941390796456
JAM,2019,25.5262580090013
JAM,2020,23.6736609385396
JOR,2010,13.9241945936016
JOR,2011,13.2136005585769
JOR,2012,13.5430058749627
JOR,2013,13.5827002155891
JOR,2014,14.0278360745965
JOR,2015,13.6084073718159
JOR,2016,13.7155380704654
JOR,2017,13.4341526491034
JOR,2018,13.4666673246346
JOR,2019,13.5539451999471
JOR,2020,14.5702999769267
JOR,2021,15.6305070405381
JOR,2022,15.9165111799135
JOR,2023,15.5196043957928
KAZ,2010,15.7123804636498
KAZ,2011,18.2578342100647
KAZ,2012,13.3120981501594
KAZ,2013,16.0301777646187
KAZ,2014,14.1934327397187
KAZ,2015,9.8357115521941
KAZ,2016,9.92425019653
KAZ,2017,10.3030113756124
KAZ,2018,11.7177995865876
KAZ,2019,11.78694274063
KAZ,2020,8.3188093138288
KAZ,2021,9.44711136309549
KAZ,2022,12.0616921106992
KAZ,2023,11.8924774148637
KEN,2014,15.1870212650473
KEN,2015,14.8394826504099
KEN,2016,14.9664727307544
KEN,2017,15.0524641340645
KEN,2018,14.3612789172776
KEN,2019,15.1001093470909
KEN,2020,14.2998226320714
KEN,2021,13.554644324086
KEN,2022,14.5993496343343
KEN,2023,14.0631113797385
KGZ,2014,17.5486530868942
KGZ,2015,16.801668055009
KGZ,2016,16.9491731803417
KGZ,2017,17.0462850607483
KGZ,2018,17.998857013595
KGZ,2019,15.9638338680814
KGZ,2020,14.0363281932396
KGZ,2021,16.4912602816795
KGZ,2022,19.5419794530385
KGZ,2023,19.6084664812218
KGZ,2024,19.6152650825459
KHM,2010,8.14393451129163
KHM,2011,8.12593534266751
KHM,2012,8.73743328155956
KHM,2013,9.28638425469543
KHM,2014,11.0837884465344
KHM,2015,10.8884929320759
KHM,2016,11.1748765224685
KHM,2017,11.9278366185806
KHM,2018,12.6410723071222
KHM,2019,14.5706459610935
KHM,2020,13.2902084649733
KHM,2021,11.9927698946663
KHM,2022,13.5187383949089
KHM,2023,12.2035420550215
KIR,2011,16.3463881353238
KIR,2012,16.8334056030768
KIR,2013,16.5529180207837
KIR,2014,15.9191032007104
KIR,2015,19.7306378783196
KIR,2016,21.5244028552974
KIR,2017,18.4467078041237
KIR,2018,17.886891115016
KIR,2019,22.3086341858974
KIR,2020,21.5244538037383
KIR,2021,21.8284122736842
KIR,2022,20.1672759693095
KIR,2023,17.531915667426
KNA,2010,16.3117664263224
KNA,2011,18.0751717127733
KNA,2012,17.921835480466
KNA,2013,17.8401561953686
KNA,2014,18.4731785116894
KNA,2015,19.6351325207971
KNA,2016,18.3541114107144
KNA,2017,17.4126790569899
KNA,2020,15.0423826463699
KOR,2010,12.8831803193742
KOR,2011,13.2807181068078
KOR,2012,13.4735488568588
KOR,2013,13.022218187832
KOR,2014,12.6305683354976
KOR,2015,12.5326128931493
KOR,2016,13.2783116833452
KOR,2017,13.7554597684846
KOR,2018,14.6942816823529
KOR,2019,14.3348126134581
KOR,2020,14.0112224960532
KOR,2021,15.6673866200663
KOR,2022,17.1586747410902
KOR,2023,14.5990997893708
KOR,2024,13.2937188380388
LAO,2010,13.0271390929762
LAO,2011,13.1464121849439
LAO,2012,13.6053412560259
LAO,2013,13.7388338387583
LAO,2014,13.8301819353549
LAO,2015,13.5061406202026
LAO,2016,12.9431113387434
LAO,2017,12.2393204927448
LAO,2018,11.7206462434218
LAO,2019,11.4655560904234
LAO,2020,9.40187747302716
LAO,2021,10.3910216640385
LAO,2022,12.1129327825423
LBN,2010,16.8444766850707
LBN,2011,16.3773329137847
LBN,2012,15.1980266225285
LBN,2013,14.0661144534751
LBN,2014,14.1095658840407
LBN,2015,13.4650512835689
LBN,2016,13.5253568933955
LBN,2017,15.3598817637047
LBN,2018,15.3254054569312
LBN,2019,15.4053905267612
LBN,2020,8.90172832507978
LBN,2021,5.68479554564454
LBN,2024,11.1389424540703
LCA,2010,18.2143708337914
LCA,2011,18.0488000991829
LCA,2012,17.1543882729725
LCA,2013,18.1628379053593
LCA,2014,18.1143266706191
LCA,2015,18.714797065133
LCA,2016,19.1448285157589
LCA,2017,18.2251165686921
LKA,2010,10.9318686865706
LKA,2011,10.8476049114868
LKA,2012,10.1110307052525
LKA,2013,10.1212570540829
LKA,2014,9.7478598230375
LKA,2015,11.7202648574869
LKA,2016,11.4234897676172
LKA,2017,11.6086827381536
LKA,2018,11.153760646748
LKA,2019,10.903951333201
LKA,2020,7.77529251769384
LKA,2021,7.36992822488401
LKA,2022,7.27723158486532
LKA,2023,9.87891768094967
LSO,2010,30.2987604301988
LSO,2011,30.2137479343975
LSO,2012,38.0837569930604
LSO,2013,35.9075271908447
LSO,2014,36.3284327192766
LSO,2015,33.7701457077629
LSO,2016,29.2862704413974
LSO,2017,33.0073098646091
LSO,2018,31.8151694595976
LSO,2019,32.5421709597017
LSO,2020,35.9943566529363
LSO,2021,31.8702314148952
LSO,2022,30.442548603324
LSO,2023,39.9998479174231
LSO,2024,35.4194711264231
LTU,2010,16.2409988579148
LTU,2011,15.6660449989807
LTU,2012,15.6846191314427
LTU,2013,15.7811714718234
LTU,2014,16.0335026552639
LTU,2015,16.7577252933798
LTU,2016,17.0998350982682
LTU,2017,16.7642158990642
LTU,2018,16.7524651283353
LTU,2019,20.0889400531483
LTU,2020,20.5030171627523
LTU,2021,21.2633953094284
LTU,2022,21.4560996107325
LTU,2023,21.3397813891106
LTU,2024,21.8686469645785
LUX,2010,23.8178404378116
LUX,2011,23.9870478540645
LUX,2012,24.4278271542178
LUX,2013,24.5522669560732
LUX,2014,24.7451561578152
LUX,2015,23.3218593726636
LUX,2016,23.7675096749456
LUX,2017,24.5181470528935
LUX,2018,26.8854541322106
LUX,2019,26.8884834309941
LUX,2020,25.6864231937241
LUX,2021,26.1173902630411
LUX,2022,26.709050992885
LUX,2023,26.983997047085
LUX,2024,28.636905101724
LVA,2010,14.1617549792208
LVA,2011,15.0349474767828
LVA,2012,15.4465961149387
LVA,2013,15.9028434483155
LVA,2014,16.1740602062131
LVA,2015,16.3739257773551
LVA,2016,17.2317291892857
LVA,2017,17.2061420461167
LVA,2018,16.1995106602059
LVA,2019,16.1998506375401
LVA,2020,16.2818527296083
LVA,2021,16.4485824289653
LVA,2022,17.142238825739
LVA,2023,16.6264388220862
LVA,2024,17.6470478263995
MAR,2010,21.0889640891443
MAR,2011,21.4534608720228
MAR,2012,21.9652841058592
MAR,2013,20.6278690149343
MAR,2014,20.3536177532067
MAR,2015,19.4374650876196
MAR,2016,19.8672577619678
MAR,2017,20.1297012322291
MAR,2018,20.2861213777208
MAR,2019,19.9144279438656
MAR,2020,20.0221120456722
MAR,2021,19.6652056359581
MAR,2022,22.0591014118027
MAR,2023,20.7438772391509
MDA,2010,15.1606407229695
MDA,2011,15.2403272229961
MDA,2012,15.5953463406884
MDA,2013,15.4696360019738
MDA,2014,16.8287991530895
MDA,2015,16.2909680870475
MDA,2016,16.4301183204667
MDA,2017,17.7273904313314
MDA,2018,18.014083738484
MDA,2019,17.656290127877
MDA,2020,17.9098984894955
MDA,2021,18.3881163669346
MDA,2022,18.9210049545943
MDA,2023,18.5850270257317
MDG,2010,8.53531911755595
MDG,2011,8.71032363773385
MDG,2012,8.36825554307769
MDG,2013,8.78559177293247
MDG,2014,8.44113338214288
MDG,2015,8.94531037344997
MDG,2016,9.24485187347242
MDG,2017,10.0275447299671
MDG,2018,10.2831286792601
MDG,2019,10.5318646212179
MDG,2020,9.52072872526548
MDG,2021,10.3811967517346
MDG,2022,9.23055941807686
MDG,2023,9.51488785132961
MDG,2024,10.9446747862351
MDV,2010,8.84762793030511
MDV,2011,12.0781339785612
MDV,2014,19.3230032785505
MDV,2015,19.6501550926862
MDV,2016,19.9758256426903
MDV,2017,20.6915788854656
MDV,2018,20.1449360379289
MDV,2019,19.9413849005153
MDV,2020,20.1121885867863
MDV,2021,19.4532482767244
MEX,2010,9.675317453929
MEX,2011,9.61707214633816
MEX,2012,9.35241106304745
MEX,2013,9.88361012140901
MEX,2014,10.2428550430344
MEX,2015,12.3459757821213
MEX,2016,13.1237856071941
MEX,2017,12.6874317286139
MEX,2018,12.7121572963245
MEX,2019,12.7877486089549
MEX,2020,13.8975134556433
MEX,2021,13.411262120908
MEX,2022,13.4041093612799
MEX,2023,14.2244924457043
MEX,2024,14.8241106773063
MHL,2010,17.7219137181875
MHL,2011,17.0381021474173
MHL,2012,16.3862307692308
MHL,2013,16.4876357296137
MHL,2014,15.8567516129032
MHL,2015,17.3577109417529
MHL,2016,17.3583439048563
MHL,2017,17.6218348151614
MHL,2018,17.9181818181818
MHL,2019,18.6008967865081
MHL,2020,17.1555004135649
MKD,2010,16.8656928030442
MKD,2011,16.999651001969
MKD,2012,16.4166504179317
MKD,2013,15.6689580043276
MKD,2014,16.2352837081218
MKD,2015,16.8182331222247
MKD,2016,16.9511578216024
MKD,2017,17.1611135905492
MKD,2018,17.5749363175957
MKD,2019,17.0832810795126
MKD,2020,16.1270346639672
MKD,2021,17.3929631432116
MKD,2022,17.6879383146833
MKD,2023,17.7577976488562
MKD,2024,18.7571347667176
MLI,2010,10.8423156054104
MLI,2011,10.5499687208492
MLI,2012,10.9251185657887
MLI,2013,10.9601470023509
MLI,2014,10.6352635050756
MLI,2015,11.8533619936548
MLI,2016,12.8969929658629
MLI,2017,13.3300422900318
MLI,2018,9.78065544204356
MLI,2019,12.2370535462025
MLI,2020,11.9520024969323
MLT,2010,25.1397908735498
MLT,2011,25.4110072148213
MLT,2012,25.2954088688708
MLT,2013,25.1421033341581
MLT,2014,25.5760346210372
MLT,2015,24.3217053391404
MLT,2016,26.2493786095596
MLT,2017,26.0056800216801
MLT,2018,25.4268199377914
MLT,2019,25.1029745880045
MLT,2020,22.4923846366951
MLT,2021,22.4193457501334
MLT,2022,22.9781648948001
MLT,2023,21.4475598333078
MLT,2024,24.0777855096016
MMR,2012,4.52409369741194
MMR,2013,5.52956758874506
MMR,2014,5.84092892509683
MMR,2015,6.01128503979227
MMR,2016,7.17585983640205
MMR,2017,6.07774232896579
MMR,2018,2.75697125272766
MMR,2019,6.01765247726484
MNG,2010,19.5931192505774
MNG,2011,18.466991091551
MNG,2012,15.3121421838175
MNG,2013,15.7312080369785
MNG,2014,12.9016342446788
MNG,2015,11.8941379230625
MNG,2016,11.3509934515419
MNG,2017,13.5469084468923
MNG,2018,16.6885283141983
MNG,2019,16.8505209165187
MNG,2020,14.1457872325812
MNG,2021,16.9088495192029
MNG,2022,15.7742886700947
MNG,2023,14.2955117749394
MNG,2024,16.8548718595202
MOZ,2010,14.3466100309506
MOZ,2011,16.7995295127161
MOZ,2012,18.6287778328985
MOZ,2013,21.5406521425782
MOZ,2014,23.9653838768408
MOZ,2015,20.0064845206447
MOZ,2016,20.0767622116195
MOZ,2017,22.1120849463555
MOZ,2018,21.1926368441561
MOZ,2019,26.6828600594733
MOZ,2020,21.5267029366581
MOZ,2021,22.7477557091156
MOZ,2022,22.6607460399356
MOZ,2023,22.3527660904071
MOZ,2024,21.8458736303603
MUS,2010,17.7662208332399
MUS,2011,17.7589045999642
MUS,2012,18.3641906733303
MUS,2013,17.9161984393295
MUS,2014,17.8701383969452
MUS,2015,8.64644777855697
MUS,2016,17.3820985285556
MUS,2017,17.6959427372669
MUS,2018,18.1330623848692
MUS,2019,19.13062550287
MUS,2020,20.4233655246973
MUS,2021,18.0479952450531
MUS,2022,19.0380322201383
MUS,2023,20.5916033847192
MUS,2024,20.5321450223193
MWI,2010,10.5634650209755
MWI,2011,10.6177069783918
MWI,2012,9.31571514240387
MWI,2013,9.7087435618013
MWI,2014,10.9491092554382
MWI,2015,10.5365817797809
MWI,2016,10.638963161967
MWI,2017,12.1843017846966
MWI,2018,12.1756578865314
MWI,2019,11.9752126690082
MWI,2020,12.130562742797
MWI,2021,11.5877528800224
MWI,2022,13.5038573942269
MWI,2023,14.165405229106
MWI,2024,15.5978477117661
MYS,2010,13.3321953103767
MYS,2011,14.794353171378
MYS,2012,15.613146742555
MYS,2013,15.310235280489
MYS,2014,14.8407907140268
MYS,2015,14.0568621293393
MYS,2016,13.5507251724192
MYS,2017,12.9459662411797
MYS,2018,12.0226658594691
MYS,2019,11.9363488299347
MYS,2020,10.8846712054019
MYS,2021,11.2160748437663
MYS,2022,11.6310545373191
MYS,2023,12.5648395418319
MYS,2024,12.4304744518644
NAM,2010,25.5423159777691
NAM,2011,29.5505904218204
NAM,2012,32.9327514425925
NAM,2013,32.9807193371969
NAM,2014,34.6286881010585
NAM,2015,33.4223868666157
NAM,2016,29.673463838066
NAM,2017,31.3076966346094
NAM,2018,28.9317139130964
NAM,2019,30.3930951920007
NAM,2020,31.2059110714252
NAM,2021,28.0639865897267
NAM,2022,27.1668398520557
NAM,2023,32.6634895737435
NAM,2024,33.8715291719611
NIC,2010,13.6783665497108
NIC,2011,14.5197030493667
NIC,2012,15.0091410767164
NIC,2013,15.0204349649964
NIC,2014,15.3162602503007
NIC,2015,15.5895752369993
NIC,2016,16.1664558122422
NIC,2017,16.5737893236188
NIC,2018,15.6994321039163
NIC,2019,17.4217765048676
NIC,2020,17.0109140687159
NIC,2021,18.8207936634526
NIC,2022,19.860638103575
NIC,2023,19.9424179948982
NIC,2024,20.0900618147754
NLD,2010,20.7736282739937
NLD,2011,20.6627002818542
NLD,2012,20.3256602535276
NLD,2013,20.5483444942433
NLD,2014,21.6080409414892
NLD,2015,21.7393356455823
NLD,2016,22.3460964348943
NLD,2017,23.0992154340151
NLD,2018,22.9733523187001
NLD,2019,23.7024369491677
NLD,2020,23.8138164252391
NLD,2021,24.2474342437328
NLD,2022,23.9133847175545
NLD,2023,25.2407076056081
NLD,2024,25.2758922306144
NOR,2010,26.1920388898412
NOR,2011,26.9337158327555
NOR,2012,26.2427692680388
NOR,2013,24.3564302769661
NOR,2014,22.7723862712754
NOR,2015,21.3989018474725
NOR,2016,21.2540680696214
NOR,2017,21.5431709182709
NOR,2018,22.5545748055691
NOR,2019,22.4322358843453
NOR,2020,20.440366901106
NOR,2021,24.6143658364946
NOR,2022,30.3097285862678
NOR,2023,26.1159675400824
NOR,2024,24.5424706002351
NPL,2010,13.3961154418188
NPL,2011,11.6246777452046
NPL,2012,12.040804546654
NPL,2013,13.297885857998
NPL,2014,13.9949104858592
NPL,2015,14.6863045680746
NPL,2016,16.143749756907
NPL,2017,17.9993621205853
NPL,2018,19.0828260583935
NPL,2019,19.8090602391943
NPL,2020,15.7736497317824
NPL,2021,17.4853032787772
NPL,2023,13.9448572556808
NRU,2014,20.0283114814815
NRU,2015,16.9784831764706
NRU,2016,25.2437180373134
NRU,2017,22.550184862069
NRU,2018,28.8438039171598
NRU,2019,34.1487355771429
NRU,2020,44.3468321505376
NRU,2021,47.051
NRU,2022,35.2032128514056
NRU,2023,32.0966666666667
NRU,2024,21.4203125
NZL,2010,26.0863599795934
NZL,2011,25.6417132111219
NZL,2012,26.8641151927146
NZL,2013,26.7109363591854
NZL,2014,26.8374660752748
NZL,2015,27.4050630433847
NZL,2016,27.2653098812045
NZL,2017,27.3317005885449
NZL,2018,27.4977885974904
NZL,2019,28.2681893473482
NZL,2020,27.2792769430229
NZL,2021,29.0088264380774
NZL,2022,29.2294907338832
NZL,2023,28.0632737383432
NZL,2024,29.5208304137113
PAN,2014,9.95964875100329
PAN,2015,9.79801961592855
PAN,2016,10.0557385161368
PAN,2017,9.66574469547863
PAN,2018,9.59096781317913
PAN,2019,8.84966523838195
PAN,2020,8.26975249539096
PAN,2021,7.87305118283594
PAN,2022,8.59935637620763
PAN,2023,8.40805818898689
PAN,2024,7.17760169037387
PER,2010,15.4665717570431
PER,2011,15.9688951452089
PER,2012,16.5466871027669
PER,2013,16.4330066930272
PER,2014,16.7209266785318
PER,2015,14.9196513179116
PER,2016,13.7875476429229
PER,2017,13.1743416510927
PER,2018,14.2863713099787
PER,2019,14.5254040570996
PER,2020,13.2210909618819
PER,2021,15.9189020036855
PHL,2010,11.63527559371
PHL,2011,11.8490007825541
PHL,2012,12.3059271151495
PHL,2013,12.7438220628562
PHL,2014,13.0155171797493
PHL,2015,13.0196105917208
PHL,2016,13.0871006913218
PHL,2017,13.5937937490496
PHL,2018,14.0475332790366
PHL,2019,14.4884730214742
PHL,2020,13.9509857073772
PHL,2021,14.1300039313539
PHL,2022,14.6190058206626
PHL,2023,14.1044353413729
PHL,2024,14.369653991008
PLW,2010,16.947742886253
PLW,2011,17.7826732939202
PLW,2012,18.1393039119145
PLW,2013,18.3159408769194
PLW,2014,19.1576941570756
PLW,2015,19.9678086164648
PLW,2016,19.4885752275391
PLW,2017,19.6278427329471
PLW,2018,20.9773363180015
PLW,2019,18.3659430261674
PLW,2020,18.0812960649698
PNG,2014,17.9099621510466
PNG,2015,15.227287056527
PNG,2016,12.9486285832779
PNG,2017,12.6050017623511
PNG,2018,13.1930287477157
PNG,2019,13.0219558672863
PNG,2020,11.8791955060818
PNG,2021,12.1465642194246
PNG,2022,14.7704742088123
PNG,2023,15.9348190908641
PNG,2024,15.5435093385912
POL,2010,16.5370235494052
POL,2011,16.6696825635336
POL,2012,16.0052569222101
POL,2013,15.6742591136229
POL,2014,15.6271982270924
POL,2015,15.6135953190934
POL,2016,16.2090291324573
POL,2017,16.7355756807269
POL,2018,17.1848218488937
POL,2019,17.1407592886385
POL,2020,17.291144093996
POL,2021,18.9590677200004
POL,2022,17.1225309189416
POL,2023,17.9988487014512
PRT,2010,19.8714612760875
PRT,2011,21.3595814303725
PRT,2012,21.0111817015375
PRT,2013,22.8736947705996
PRT,2014,22.8746795754976
PRT,2015,23.078466918073
PRT,2016,22.6170386298855
PRT,2017,22.6364061063622
PRT,2018,22.8445730542681
PRT,2019,22.4472570141358
PRT,2020,22.2595830862446
PRT,2021,22.2832932193953
PRT,2022,23.1729317343953
PRT,2023,22.6749724614278
PRT,2024,22.3472676749446
PRY,2010,8.87121347606682
PRY,2011,9.36683510297004
PRY,2012,9.45777835121958
PRY,2013,8.92936256761543
PRY,2014,9.74517637965316
PRY,2015,9.64227469729351
PRY,2016,9.55906333660439
PRY,2017,9.95647441372393
PRY,2018,10.0750585766838
PRY,2019,9.99575607479091
PRY,2020,9.5149992858083
PRY,2021,9.79757481088462
PRY,2022,10.2935453125076
PRY,2023,10.1330079341148
PRY,2024,11.3333046408497
ROU,2010,16.2393386961731
ROU,2011,17.2153737430501
ROU,2012,17.1451995582204
ROU,2013,17.7604277160507
ROU,2014,17.9382124516934
ROU,2015,18.9161834013848
ROU,2016,17.1093366816947
ROU,2017,15.5817390983731
ROU,2018,14.4681093064241
ROU,2019,14.5462809277142
ROU,2020,14.2496122082184
ROU,2021,14.9923011117731
ROU,2022,16.4561867713498
ROU,2023,15.6722108460327
ROU,2024,16.2063555287274
RUS,2010,13.048348846076
RUS,2011,13.9542036796753
RUS,2012,13.7546730412872
RUS,2013,12.933492451261
RUS,2014,13.2553613046452
RUS,2015,10.6420948088217
RUS,2016,9.18312209969854
RUS,2017,10.2884056740183
RUS,2018,11.4687676015317
RUS,2019,10.938399737976
RUS,2020,10.7991196203537
RUS,2021,11.6966312097742
RUS,2022,10.843690994035
RUS,2023,12.2216011826161
RUS,2024,10.8718510370824
RWA,2014,13.1211909663201
RWA,2015,13.4460741554096
RWA,2016,14.5812585483905
RWA,2017,13.5812542054672
RWA,2018,14.2316124348467
RWA,2019,14.3693618690349
RWA,2020,14.6249011387897
RWA,2021,14.2399233769806
RWA,2022,13.2509202142098
RWA,2023,13.0749257552592
SAU,2010,2.52961210191147
SAU,2011,2.29968681414688
SAU,2012,2.48458615351606
SAU,2013,2.65185423323901
SAU,2014,2.66292976817046
SAU,2015,3.1461706015912
SAU,2016,3.1718920134997
SAU,2017,3.14428407190292
SAU,2018,7.91853379846948
SAU,2019,6.60159133895093
SAU,2020,7.87620064642857
SAU,2021,8.60534583399363
SAU,2022,6.95344592187722
SAU,2023,7.80440222909766
SAU,2024,8.09115587851805
SDN,2010,5.86247467546648
SDN,2011,3.85621016052459
SDN,2012,6.89440699516488
SDN,2013,7.68401639387585
SDN,2014,7.98231786209787
SDN,2015,8.19443800491008
SDN,2016,7.39027026174951
SEN,2015,15.7743360472944
SEN,2016,16.3711764463022
SEN,2017,15.9303460563693
SEN,2018,16.3782524667298
SEN,2019,18.4192836371669
SEN,2020,17.4488278981927
SEN,2021,17.5501329724803
SEN,2022,18.5924841956883
SEN,2023,19.5370790023371
SGP,2010,12.7858239691039
SGP,2011,13.1057219512653
SGP,2012,13.5806687357042
SGP,2013,13.2712500808714
SGP,2014,13.5565571344028
SGP,2015,13.1397745298612
SGP,2016,13.2379148800818
SGP,2017,13.927682163213
SGP,2018,12.9758391948793
SGP,2019,13.1540929239546
SGP,2020,12.6685387711801
SGP,2021,12.6095887829953
SGP,2022,11.6639975988634
SGP,2023,13.7387885776561
SGP,2024,13.5602685073681
SLB,2011,25.1585288587512
SLB,2012,26.1766182670631
SLB,2013,26.606373477774
SLB,2014,25.5955725631139
SLB,2015,25.7391630911721
SLB,2016,23.843162057465
SLB,2017,24.7650441152276
SLB,2018,25.5276877922201
SLB,2019,22.2322071383814
SLB,2020,21.0515655697618
SLB,2021,20.959797994658
SLB,2022,22.0746646402949
SLB,2023,22.9942429249803
SLB,2024,23.2738445550553
SLV,2010,15.8120807115382
SLV,2011,15.3440335085472
SLV,2012,16.1824358287957
SLV,2013,17.0547352184716
SLV,2014,16.7087952019765
SLV,2015,16.7526849094045
SLV,2016,17.3547756189279
SLV,2017,17.7537510645061
SLV,2018,18.128923536318
SLV,2019,18.0814504146774
SLV,2020,18.3907750793602
SLV,2021,19.6896754276569
SLV,2022,21.1624622569549
SLV,2023,20.8832086851859
SLV,2024,21.7960402789815
SMR,2010,15.5920229527836
SMR,2011,16.1530355640829
SMR,2012,18.0162574059247
SMR,2013,17.0662396360759
SMR,2014,18.3455831253968
SMR,2015,17.8902229835758
SMR,2016,16.6895197107948
SMR,2017,16.4688470309773
SMR,2018,17.9568164942676
SMR,2019,16.912733956372
SMR,2020,16.1362612196271
SMR,2021,17.2959730002597
SMR,2022,17.8114072244949
SMR,2023,17.2694010431737
SOM,2017,1.86996306977159
SOM,2018,2.27753089093413
SOM,2019,2.00151962160416
SOM,2020,1.61766405068974
SOM,2021,1.71640825122723
SOM,2022,1.7807688149627
SOM,2023,2.06869784612314
SOM,2024,2.23869244477274
SRB,2010,19.4313895022311
SRB,2011,18.3137738004771
SRB,2012,17.8145603317234
SRB,2013,19.9874009064063
SRB,2014,21.0521740869991
SRB,2015,21.4666537370513
SRB,2016,22.4444642528224
SRB,2017,23.1289563600506
SRB,2018,22.6384537211685
SRB,2019,23.0002958047357
SRB,2020,22.4302344933492
SRB,2021,19.6609961159321
SRB,2022,23.8929959453301
SVK,2010,15.0118814047322
SVK,2011,16.0042157471556
SVK,2012,15.4994966810736
SVK,2013,16.6590836493512
SVK,2014,17.3884614229196
SVK,2015,18.0514912186747
SVK,2016,18.0127305314246
SVK,2017,18.5023794034795
SVK,2018,18.4643033716736
SVK,2019,18.7604262425428
SVK,2020,18.4644586007277
SVK,2021,18.9752480894666
SVK,2022,19.8495900641177
SVK,2023,19.4161031226021
SVK,2024,19.1422953144335
SVN,2010,22.0180158109209
SVN,2011,21.6954700360199
SVN,2012,21.7020526038348
SVN,2013,21.8958895091008
SVN,2014,22.0340192699754
SVN,2015,22.1224219708005
SVN,2016,22.1634784860129
SVN,2017,21.9054599223497
SVN,2018,22.033082917798
SVN,2019,21.6992617438153
SVN,2020,20.4885506119886
SVN,2021,21.6087104347701
SVN,2022,21.0310570417072
SVN,2023,20.3262503886026
SVN,2024,20.9851312589996
SWE,2010,27.8145320559063
SWE,2011,27.1369948907058
SWE,2012,26.7821006606265
SWE,2013,26.844295469932
SWE,2014,26.9323651387377
SWE,2015,27.5056157786362
SWE,2016,28.3765415278316
SWE,2017,28.5539988730335
SWE,2018,28.3406068478267
SWE,2019,27.7012981685122
SWE,2020,27.0128699114576
SWE,2021,28.0126472933463
SWE,2022,28.1710469421456
SWE,2023,27.3763764638778
SWE,2024,27.2263453447308
SWZ,2010,16.2869148362489
SWZ,2011,16.6438996974831
SWZ,2012,29.0584014944038
SWZ,2014,29.7662142717783
SWZ,2015,27.4288566515424
SWZ,2016,23.910027948535
SWZ,2017,26.3421774842848
SWZ,2018,24.3292631138973
SWZ,2019,24.5275112520495
SWZ,2020,27.0899428652042
SWZ,2021,24.3477036785235
TGO,2010,10.507793254332
TGO,2011,11.4052385672697
TGO,2012,11.3616620345372
TGO,2013,12.1000763248412
TGO,2014,13.1664000700405
TGO,2015,13.7687186077561
TGO,2016,13.8673821156382
TGO,2017,13.05865998156
TGO,2018,12.859589627012
TGO,2019,13.583073444107
TGO,2020,12.7192270527961
TGO,2021,13.8708614440327
TGO,2022,13.4049128202074
TGO,2023,13.9214440832607
THA,2010,14.9326475542288
THA,2011,16.3618347937093
THA,2012,15.4409356740255
THA,2013,17.738624655461
THA,2014,16.4984954942888
THA,2015,16.8518811081038
THA,2016,16.1000351509677
THA,2017,15.5187398285405
THA,2018,15.6981581348008
THA,2019,15.3979482209566
THA,2020,15.1988303906346
THA,2021,15.0887626116152
THA,2022,15.1376314815638
THA,2023,15.4536102115328
THA,2024,15.1750172236637
TJK,2021,10.345980548358
TJK,2022,10.3442793393563
TJK,2023,10.752156064593
TJK,2024,10.7110753929
TLS,2010,110.17258804732
TLS,2011,135.484450541018
TLS,2012,147.640195539203
TLS,2013,93.8650341033643
TLS,2014,62.7906664376797
TLS,2015,36.1661146473104
TLS,2016,15.0879497052238
TLS,2017,20.2285225863385
TLS,2018,25.2502194553353
TLS,2019,22.8133907685635
TLS,2020,12.6427117196592
TLS,2021,15.0875381632614
TLS,2022,21.6431378705086
TON,2013,16.932473943848
TON,2014,17.1045938777492
TON,2015,18.679256935737
TON,2016,20.2565188203124
TON,2017,20.8151797078136
TON,2018,21.7401897820439
TON,2019,21.1401211974133
TON,2020,20.3875993369306
TON,2021,20.6951002239598
TON,2022,20.4015705448829
TON,2023,20.4538609329217
TTO,2010,26.2440184613642
TTO,2011,25.6437422012934
TTO,2012,24.961173338278
TTO,2013,24.2610872060137
TTO,2014,25.0322361916549
TTO,2015,24.7100347255843
TTO,2016,21.3969136294522
TTO,2017,18.4033698963368
TTO,2018,19.8778353384922
TTO,2019,16.7568469467377
TUN,2010,19.199750829309
TUN,2011,20.1748559350054
TUN,2012,20.1154877238471
TUR,2010,18.814982327029
TUR,2011,18.5508150286553
TUR,2012,18.1051408438041
TUR,2013,18.3984701714655
TUR,2014,17.9488969703643
TUR,2015,18.1419244166015
TUR,2016,18.3280078863935
TUR,2017,17.7025349976444
TUR,2018,17.1432984711192
TUR,2019,16.5299780625183
TUR,2020,17.4856241853484
TUR,2021,17.4752698156496
TUR,2022,17.1801094099965
TUR,2023,18.2219303847288
TUR,2024,17.6239296509985
TZA,2010,9.91226158242781
TZA,2011,9.79398200038448
TZA,2012,10.4330040159572
TZA,2013,10.7219234484868
TZA,2014,11.3637968874428
TZA,2015,10.4924954944653
TZA,2016,11.3903399368077
TZA,2017,11.8367190192838
TZA,2018,11.695083058288
TZA,2019,11.0191174811563
TZA,2020,11.6267688543522
TZA,2021,10.8557996439654
TZA,2022,11.7926807934669
TZA,2023,11.4914890183773
TZA,2024,12.7396805065136
UGA,2015,10.8017708078475
UGA,2016,11.1195629663514
UGA,2017,11.6047236723344
UGA,2018,11.6828686475731
UGA,2019,12.2363794693037
UGA,2020,11.3911633065296
UGA,2021,12.4588666784696
UGA,2022,12.5499042669422
UGA,2023,12.9683684792696
UGA,2024,12.6255559227731
UKR,2010,14.997505767077
UKR,2011,17.8400492744471
UKR,2012,17.6333154227001
UKR,2013,16.8986843392832
UKR,2014,17.294347838416
UKR,2015,20.4513654211322
UKR,2016,19.6301198096561
UKR,2017,20.0523676996082
UKR,2018,20.1425525138036
UKR,2019,19.1961400966208
UKR,2020,19.1514002992876
UKR,2021,19.0823227721039
UKR,2022,16.6915073808281
UKR,2023,17.4590616933322
UKR,2024,21.0177678568632
URY,2010,18.1364190185862
URY,2011,18.1987734858938
URY,2012,17.7918744506058
URY,2013,17.8597397264673
URY,2014,17.275289380084
URY,2015,17.0956158572883
URY,2016,21.7322482220825
URY,2017,18.0774643867797
URY,2018,18.3247041806937
URY,2019,17.8650911499171
URY,2020,18.5526493454305
URY,2021,17.8174198433473
URY,2022,18.4286904212869
URY,2023,18.3713150000613
URY,2024,17.862010224025
USA,2010,8.56322203026373
USA,2011,9.53892861749163
USA,2012,9.76391736911044
USA,2013,10.4602254541478
USA,2014,10.8997481732594
USA,2015,11.1828279598944
USA,2016,10.8545149876524
USA,2017,11.5038867327939
USA,2018,9.92953894064227
USA,2019,9.88478959731721
USA,2020,10.1439864112196
USA,2021,11.3902635734455
USA,2022,12.6110285111113
USA,2023,10.6177678118026
USA,2024,10.7694743667429
UZB,2011,11.0406061388561
UZB,2012,11.8098075891696
UZB,2013,12.2156598573511
UZB,2014,11.9274283635435
UZB,2015,11.9779933248966
UZB,2016,11.8225842419954
UZB,2017,9.99959927680726
UZB,2018,12.1523439459502
UZB,2019,10.8385804197128
UZB,2020,12.6980031102139
UZB,2021,12.7323768169909
UZB,2022,11.4559169679525
UZB,2023,11.0059302187391
VCT,2010,21.6672659337995
VCT,2011,21.3847933703678
VCT,2012,21.8446859298012
VCT,2013,20.3705811015244
VCT,2014,22.4999159231874
VCT,2015,22.6595093468946
VCT,2016,24.3520935859767
VCT,2017,23.7995357429648
VUT,2010,16.1945350483107
VUT,2011,16.4423481605108
VUT,2012,17.3819159040388
VUT,2013,16.0118116217243
VUT,2014,16.108544595988
VUT,2015,14.4461002949852
VUT,2016,14.4368017935764
VUT,2017,15.0968299230005
VUT,2018,15.7737477284893
VUT,2019,15.5224910627781
VUT,2020,12.550090298838
VUT,2021,13.7952088354688
VUT,2022,14.4024663984888
VUT,2023,16.5024007087237
WLD,2010,13.336357860189
WLD,2011,13.6814078686554
WLD,2012,13.7709804729145
WLD,2013,14.0020171271469
WLD,2014,13.9954698918603
WLD,2015,13.9991298404442
WLD,2016,13.8804833785027
WLD,2017,14.1647718214002
WLD,2018,13.8554648215013
WLD,2019,13.7681233659414
WLD,2020,13.664018088879
WLD,2021,14.3326612054398
WLD,2022,14.501034540388
WLD,2023,13.8913025196452
WLD,2024,13.8198940212417
WSM,2012,20.5386088005112
WSM,2013,22.6941862778156
WSM,2014,23.6829224198467
WSM,2015,22.5386594198963
WSM,2016,22.9707859903819
WSM,2017,23.4832839094525
WSM,2018,23.8815118577505
WSM,2019,24.3947483390575
WSM,2020,24.4229937423163
WSM,2021,24.5689454173784
WSM,2022,24.0176542853621
WSM,2023,23.9562772513196
ZAF,2010,22.5206038776132
ZAF,2011,22.8746700116825
ZAF,2012,23.3457659894736
ZAF,2013,23.831391363238
ZAF,2014,24.4319342176034
ZAF,2015,25.0486927031144
ZAF,2016,24.8283559884696
ZAF,2017,24.76928728931
ZAF,2018,24.8948940727422
ZAF,2019,24.8673453267976
ZAF,2020,23.2649440409195
ZAF,2021,25.9501542020771
ZAF,2022,26.0196744256587
ZAF,2023,25.3996646845665
ZAF,2024,25.8775949092475
ZMB,2010,12.834842405292
ZMB,2011,14.7159433183957
ZMB,2012,14.8923642974021
ZMB,2013,14.3471093166635
ZMB,2014,15.7610303316911
ZMB,2015,14.3939639330138
ZMB,2016,13.3531814269452
ZMB,2017,15.1848569608409
ZMB,2018,16.5870654729348
ZMB,2019,16.6776226628035
ZMB,2020,16.418005509662
ZMB,2021,16.7804106778084
ZMB,2022,16.8022325932803
ZMB,2023,17.2736737913323
ZMB,2024,18.8304899930412
ZWE,2010,17.4350010393671
ZWE,2011,17.928407275194
ZWE,2012,17.8355813060669
ZWE,2015,17.6734192783656
ZWE,2016,15.4582805565972
ZWE,2017,5.46550428149671
ZWE,2018,7.21476804985273
