# World Bank Open Data GC.XPN.TOTL.GD.ZS, last updated 2026-07-13, CC BY 4.0
iso3,year,value
AFG,2010,50.8630045999057
AFG,2011,59.4847758807514
AFG,2012,42.3292514484608
AFG,2013,42.0936844468805
AFG,2014,44.5892994893339
AFG,2015,37.0225695736427
AFG,2016,43.9227656125389
AFG,2017,39.2201099807684
AGO,2010,22.4956224962712
AGO,2011,23.7478413251854
AGO,2012,20.9149425556276
AGO,2013,25.0809923561283
AGO,2014,24.7809441862508
AGO,2015,18.3730580743151
AGO,2016,15.2039321329862
AGO,2017,14.34665940129
AGO,2018,13.7011726297107
AGO,2019,14.5692025631292
ALB,2011,22.8639005918422
ALB,2012,23.1453646987216
ALB,2013,24.1215753414946
ALB,2014,24.257646662903
ALB,2015,24.2686000374049
ALB,2016,23.7020106412118
ALB,2017,23.4381629574962
ALB,2018,22.9293224265946
ALB,2019,22.8783961540405
ALB,2020,24.6048161574433
ALB,2021,24.3983237122662
ALB,2022,27.0031497215906
ALB,2023,25.4359718739727
ARE,2011,3.92178680152351
ARE,2012,4.05152652328937
ARE,2013,3.81987342585138
ARE,2014,3.69545823893139
ARE,2015,4.02087203501514
ARE,2016,4.17730264580983
ARE,2017,3.88738973709252
ARE,2018,3.7980896779472
ARE,2019,4.10289459489635
ARE,2020,5.14595540707077
ARE,2021,4.26221557094977
ARE,2022,3.80975760842492
ARE,2023,3.76871680953009
ARG,2014,24.5697808575806
ARG,2015,25.0083932347048
ARG,2016,26.1799164832469
ARG,2017,24.2825320419979
ARG,2018,22.6709430512171
ARG,2019,22.0364845686943
ARG,2020,25.8405452538391
ARG,2021,22.8967903877811
ARG,2022,21.865226929082
ARG,2023,21.00878925888
ARM,2010,22.9973623470093
ARM,2011,22.5680163171222
ARM,2012,21.3736421560682
ARM,2013,22.6371817977093
ARM,2014,23.9875580530759
ARM,2015,25.0779813488419
ARM,2016,25.7115181584805
ARM,2017,22.6297249923647
ARM,2018,22.0768137564949
ARM,2019,21.7584805720085
ARM,2020,26.5812877778437
ARM,2021,24.968529504044
ARM,2022,21.1627548327889
ARM,2023,20.9471499751251
AUS,2010,26.6185983775997
AUS,2011,25.9163709195685
AUS,2012,26.0316102583583
AUS,2013,25.7719998082551
AUS,2014,26.1434698132436
AUS,2015,26.6555350269532
AUS,2016,26.8782732460928
AUS,2017,26.5276169849373
AUS,2018,26.1317227432746
AUS,2019,26.0711901942783
AUS,2020,30.1434988129749
AUS,2021,32.5518179379184
AUS,2022,27.5833132925557
AUT,2010,46.7361288145075
AUT,2011,45.7857004145268
AUT,2012,46.5833364419865
AUT,2013,47.2584334360885
AUT,2014,47.3819786391457
AUT,2015,46.3323461865485
AUT,2016,45.553025088735
AUT,2017,44.8654197632576
AUT,2018,44.1363840597814
AUT,2019,43.9069061163649
AUT,2020,51.1591725615403
AUT,2021,50.0216558788029
AUT,2022,47.3641894652228
AUT,2023,46.0304036608475
AZE,2010,20.8724832214765
AZE,2011,18.4783610460428
AZE,2012,22.1853838889224
AZE,2013,20.9255439826751
AZE,2014,22.1009894245612
AZE,2015,24.7887090842221
AZE,2016,27.1959381185333
AZE,2017,27.9587305829867
AZE,2018,21.402262398242
AZE,2019,24.2843990319453
AZE,2020,33.9314765748897
AZE,2021,27.1444134965323
AZE,2022,23.0088211493834
BDI,2010,21.4202292080077
BDI,2011,19.9993686877643
BDI,2012,17.9838744988147
BDI,2013,17.0163454469103
BDI,2014,16.9371346579719
BDI,2015,20.5457430137858
BDI,2016,17.7819630135
BDI,2017,17.0212969799643
BDI,2019,14.9114067431833
BDI,2020,14.6877026186562
BDI,2021,12.2568570624235
BEL,2010,43.5672983109901
BEL,2011,44.5122501817844
BEL,2012,45.704833465615
BEL,2013,45.341690143058
BEL,2014,44.953912538649
BEL,2015,41.7110348512049
BEL,2016,41.1616434494037
BEL,2017,40.1035662028041
BEL,2018,39.9416268146679
BEL,2019,39.4025048550939
BEL,2020,43.656605302545
BEL,2021,41.4118090170245
BEL,2022,39.7114397532252
BFA,2010,10.5945968597121
BFA,2011,11.0358957782752
BFA,2012,12.9214457539664
BFA,2013,12.3336649866679
BFA,2014,12.8787351779888
BFA,2015,13.1974934417641
BFA,2016,14.7098212612735
BFA,2017,18.4897905554418
BFA,2018,17.3707418259823
BFA,2019,18.2174288376112
BFA,2020,18.017832406322
BFA,2021,19.8586086524281
BFA,2022,22.7730009405025
BFA,2023,19.5749797669613
BGD,2010,9.26625106718959
BGD,2011,9.84388457755423
BGD,2012,9.63853873285246
BGD,2013,9.50711961128958
BGD,2014,9.50443649145954
BGD,2015,9.00588487034226
BGD,2016,7.86276813546215
BGD,2017,7.63987436772557
BGD,2018,7.4941450180451
BGD,2019,8.27231587687115
BGD,2020,8.14832024557625
BGD,2021,8.3242513417429
BGR,2010,31.6315375422715
BGR,2011,29.8496227216657
BGR,2012,30.913270787997
BGR,2013,32.9223991626527
BGR,2014,37.943406160091
BGR,2015,34.2858387519605
BGR,2016,32.026933347933
BGR,2017,31.9919669380181
BGR,2018,33.1587379140956
BGR,2019,33.1928025947697
BGR,2020,36.4964323663751
BGR,2021,37.6984898142522
BGR,2022,39.3220121333571
BGR,2023,35.7558276611108
BHR,2010,18.6739821709387
BHR,2011,21.6471133862972
BHR,2012,20.8985126699084
BHR,2013,22.4686162529477
BHR,2014,23.5115457835002
BHR,2015,25.3293874440254
BHR,2016,24.4996564184373
BHR,2017,22.5215503005502
BHR,2018,22.4700360043582
BHR,2019,21.7538186236849
BHR,2020,26.1085121752585
BHS,2010,15.3934154965055
BHS,2011,16.5592966586399
BHS,2012,16.3549707228275
BHS,2013,16.2498733548443
BHS,2014,15.7965215023655
BHS,2015,16.0689793736906
BHS,2016,17.8870918557517
BHS,2017,19.7385600143007
BHS,2018,17.3844779705442
BHS,2019,18.4739549597048
BHS,2020,25.8412924772271
BHS,2021,24.6633838830273
BHS,2022,22.3247708393299
BHS,2023,20.347142731791
BIH,2010,39.163346131891
BIH,2011,38.1186179452594
BIH,2012,39.0326697243166
BIH,2013,37.3655566660959
BIH,2014,39.9462718086465
BIH,2015,36.4782088395069
BIH,2016,34.901023147998
BIH,2017,33.8899257135821
BIH,2018,34.4993404528261
BIH,2019,34.0521685440035
BIH,2020,38.3614625111768
BIH,2021,34.858904589829
BIH,2022,33.4237705090927
BIH,2023,35.2955105967778
BLR,2010,30.2074804270194
BLR,2011,25.4492994190304
BLR,2012,27.6224227639515
BLR,2013,28.2546964798114
BLR,2014,27.410400205909
BLR,2015,28.110499205426
BLR,2016,29.4170537971155
BLR,2017,29.3216054007539
BLR,2018,28.1637805187554
BLR,2019,28.5883479992147
BLR,2020,29.9281796626654
BLR,2021,27.8747723019691
BLR,2022,28.2689984078899
BLR,2023,28.4675083787373
BLZ,2010,19.7206568093876
BLZ,2011,19.9036982726413
BLZ,2012,18.3239808294735
BLZ,2013,18.8634854519461
BLZ,2014,19.439395693341
BLZ,2015,20.6167584473022
BLZ,2016,21.2715511204331
BLZ,2017,22.3437684830275
BRA,2010,28.0594682317914
BRA,2011,28.662521677616
BRA,2012,28.1749993082199
BRA,2013,28.150486422269
BRA,2014,29.2822360064413
BRA,2015,33.9491788065831
BRA,2016,33.4051681393353
BRA,2017,32.3610510090101
BRA,2018,32.2312978931468
BRA,2019,31.1361557850731
BRA,2020,34.9119748286061
BRA,2021,29.4981043220662
BRA,2022,31.641435845417
BRA,2023,32.4311004876294
BRB,2010,28.6656593475038
BRB,2011,27.0183803561861
BRB,2012,29.8434415525889
BRB,2013,29.3492926585209
BRB,2014,27.6347281861197
BRB,2015,29.1946998949921
BRB,2016,28.7677760677927
BTN,2010,20.1367804659329
BTN,2011,20.1181323773237
BTN,2012,18.8856610730292
BTN,2013,18.6357911039665
BTN,2014,17.0322760399245
BTN,2015,17.9112552177493
BTN,2016,17.6140527540135
BTN,2017,17.6203577247984
BTN,2018,19.3875030428865
BTN,2019,16.630738064931
BTN,2020,24.0761573964997
BWA,2010,33.5156076335395
BWA,2011,29.7867605507382
BWA,2012,31.5200789767544
BWA,2013,29.48597480927
BWA,2014,29.1324048731669
BWA,2015,31.2430941784713
BWA,2016,26.7811392255083
BWA,2017,28.154984240063
BWA,2018,29.0644156467701
BWA,2019,28.800544988701
BWA,2020,33.8588005105797
BWA,2021,28.3894449604592
BWA,2022,25.0924165284784
BWA,2023,23.8939988252669
BWA,2024,26.5275298391025
CAF,2010,16.3366647703798
CAF,2011,13.4640903708419
CAF,2012,8.18447190574619
CAF,2014,8.27197400077813
CAF,2015,9.30655844158761
CAF,2016,9.02134552692702
CAF,2017,8.67679860120799
CAF,2018,10.1233533419528
CAF,2019,9.93933909760806
CAF,2020,13.9733066121224
CAF,2021,11.6613898280077
CAN,2010,19.0846384146473
CAN,2011,17.8501774448839
CAN,2012,17.517587037639
CAN,2013,17.0850078986035
CAN,2014,16.4020333861514
CAN,2015,17.0597615406412
CAN,2016,17.4985867931189
CAN,2017,17.6065542831463
CAN,2018,17.5408847622686
CAN,2019,18.1056705486936
CAN,2020,28.571435004902
CAN,2021,22.4985832945884
CAN,2022,18.1680587594308
CAN,2023,19.0564147253424
CHE,2010,16.4141686791066
CHE,2011,16.3781612014075
CHE,2012,16.2505631475269
CHE,2013,16.4964683737156
CHE,2014,16.3892340586048
CHE,2015,16.77547488268
CHE,2016,16.9764553738414
CHE,2017,16.9370291008923
CHE,2018,16.3752269844466
CHE,2019,16.509409064853
CHE,2020,19.6695070367946
CHE,2021,18.3937026222865
CHE,2022,15.8943158674874
CHE,2023,16.1136054672178
CHL,2010,20.2081834494716
CHL,2011,19.4945095729622
CHL,2012,19.9248545225746
CHL,2013,20.1963012042744
CHL,2014,20.6752522601778
CHL,2015,21.6348148833018
CHL,2016,22.1268634762876
CHL,2017,22.3472564737029
CHL,2018,22.6179870091523
CHL,2019,23.3132400765075
CHL,2020,26.235836275938
CHL,2021,30.7994926592984
CHL,2022,24.1358255611217
CHL,2023,24.5587474981752
CIV,2010,10.6252444022858
CIV,2011,9.60983909951552
CIV,2012,11.3215604705724
CIV,2013,9.93060164103365
CIV,2014,9.21632749724051
CIV,2015,13.4545912156732
CIV,2016,13.4001933039204
CIV,2017,14.9472059883342
CIV,2018,14.7370417836244
CIV,2019,13.6271086543806
CIV,2020,16.0320683194889
CIV,2021,16.3773571246349
CIV,2022,18.4136127955891
CIV,2023,17.8812303499603
CMR,2012,12.7527473631683
CMR,2013,12.9354089682102
CMR,2014,12.8603148223258
CMR,2015,12.421318766701
CMR,2016,11.9000531275541
CMR,2017,10.5272373062848
CMR,2018,11.367382512434
CMR,2019,12.3229207514112
CMR,2020,12.0602939460197
CMR,2021,12.4228090170574
COD,2010,7.470501465356
COD,2012,13.8771262528884
COD,2013,12.2649104883301
COD,2014,11.4850682689983
COD,2015,11.8420364912527
COD,2016,11.8809318137627
COD,2017,7.83630173498413
COD,2018,10.0767940158085
COD,2019,8.8220637577734
COD,2020,9.47234288372236
COD,2021,8.64678328581574
COD,2022,12.4487617400964
COG,2010,10.7590345834017
COG,2011,10.1766500054625
COG,2012,11.6546669888328
COG,2013,10.8769536250591
COG,2014,12.764755103564
COG,2015,14.8958714742342
COG,2016,17.1512744009458
COG,2017,16.0396616415927
COG,2018,16.4220244342388
COG,2019,16.2271081721896
COG,2020,17.7950013756253
COG,2021,16.132138958121
COL,2010,25.4043842590891
COL,2011,24.2247402762094
COL,2012,25.0329863002189
COL,2013,33.2851931387088
COL,2014,30.1625917691368
COL,2015,26.8156770552217
COL,2016,28.6308350994839
COL,2017,27.5049639074473
COL,2018,29.9717907219429
COL,2019,31.3047065647576
COL,2020,36.5543934839744
COL,2021,35.6635486558905
COL,2022,32.3909610062162
COL,2023,33.2804845516298
CPV,2010,17.9820174736895
CPV,2011,17.7865952743898
CPV,2012,16.8342381258496
CPV,2013,16.9586624245546
CPV,2014,17.9305656018519
CPV,2015,19.3035742972947
CPV,2016,19.0741910323081
CPV,2017,18.6694945913411
CPV,2018,22.5105795417778
CPV,2019,23.8766451705691
CPV,2020,30.88206490392
CRI,2010,25.6136283242529
CRI,2011,25.3785206572683
CRI,2012,25.9446831282744
CRI,2013,26.5177396184809
CRI,2014,26.735858128983
CRI,2015,28.5548940371974
CRI,2016,27.1467334272953
CRI,2017,25.3967283735153
CRI,2018,28.8510027145181
CRI,2019,29.3043498521222
CRI,2020,31.6809688040089
CRI,2021,30.5293589380956
CRI,2022,28.0496329893099
CRI,2023,28.5737298467752
CYP,2010,40.6065897416938
CYP,2011,41.8706223100365
CYP,2012,52.6432632319096
CYP,2013,44.9137727181064
CYP,2014,50.8825846479159
CYP,2015,41.7266838953056
CYP,2016,38.1375311510325
CYP,2017,36.8458898245716
CYP,2018,40.3410835750321
CYP,2019,38.505858012453
CYP,2020,43.6947268030349
CYP,2021,40.6785279078526
CYP,2022,36.2005584745208
CYP,2023,38.4593865037483
CZE,2010,34.639613861013
CZE,2011,34.6520142942431
CZE,2012,36.3468844348247
CZE,2013,34.5157400640104
CZE,2014,34.2174755498584
CZE,2015,33.0693000771957
CZE,2016,32.5225943262792
CZE,2017,31.386098316698
CZE,2018,31.8283646893324
CZE,2019,32.0399044366584
CZE,2020,37.6424553361707
CZE,2021,36.8457557403545
CZE,2022,34.4426537105922
DEU,2010,30.7567125257145
DEU,2011,28.3141784769068
DEU,2012,27.9445071589837
DEU,2013,27.9969858502414
DEU,2014,27.5160413741803
DEU,2015,27.43650045513
DEU,2016,27.3748517311851
DEU,2017,27.5226740191593
DEU,2018,27.3644959420855
DEU,2019,27.8804335534648
DEU,2020,32.1505946585061
DEU,2021,32.6685205602959
DEU,2022,31.174891399437
DNK,2010,41.321624841298
DNK,2011,41.3553765306718
DNK,2012,42.5735551510871
DNK,2013,40.3069360551146
DNK,2014,39.8534795726126
DNK,2015,39.4680654843822
DNK,2016,37.3753237986279
DNK,2017,36.281185472149
DNK,2018,36.1767651513151
DNK,2019,35.294411019505
DNK,2020,38.7585745073268
DNK,2021,36.417787972112
DNK,2022,32.1649694515103
DNK,2023,33.3385713177252
DOM,2010,14.2243842044906
DOM,2011,14.0356295447902
DOM,2012,15.8662710050019
DOM,2013,15.4846483694906
DOM,2014,15.6805638273879
DOM,2015,15.3612641247847
DOM,2016,16.4269789437784
DOM,2017,16.8356837461838
DOM,2018,16.0317825388458
DOM,2019,17.5016516701036
DOM,2020,21.4214588048653
DOM,2021,17.3592951719425
DOM,2022,18.0569272165148
DOM,2023,18.066236602366
ECU,2013,33.5309774702576
ECU,2014,33.3268796672496
ECU,2015,34.0758538247243
ECU,2016,35.0549572104551
ECU,2017,31.5192679680287
ECU,2018,33.7250449206698
ECU,2019,33.1468964953936
ECU,2020,34.0396754166882
ECU,2021,31.9261749303125
ECU,2022,30.4365983203311
EGY,2010,28.8602519476214
EGY,2011,29.1899277952009
EGY,2012,28.6894966262614
EGY,2013,32.2017308105784
EGY,2014,32.9206291079812
EGY,2015,30.2303694913867
ESP,2010,31.4678153823301
ESP,2011,31.1937980143915
ESP,2012,38.0321130850107
ESP,2013,35.3397643645213
ESP,2014,34.5306651240821
ESP,2015,32.6560648764801
ESP,2016,32.4323867041507
ESP,2017,31.3619207811122
ESP,2018,31.7256136391383
ESP,2019,32.1149229088067
ESP,2020,40.3694073931071
ESP,2021,38.3621185067432
ESP,2022,35.3378206987178
ESP,2023,34.0441499010857
EST,2010,38.2430436082081
EST,2011,34.8527645409945
EST,2012,34.1955592548035
EST,2013,34.1148108061736
EST,2014,33.6145594674937
EST,2015,35.8209566136791
EST,2016,35.8214191120908
EST,2017,34.6983825831746
EST,2018,35.2168612467468
EST,2019,35.6510871727138
EST,2020,40.9084381155599
EST,2021,38.2360357397009
EST,2022,35.4164509352612
EST,2023,37.6884300915577
ETH,2010,12.5031975516212
ETH,2011,10.583931315438
ETH,2012,8.46637984459639
ETH,2013,10.2119139511192
ETH,2014,9.55243367655399
ETH,2015,10.3776370135472
ETH,2016,10.08929364178
ETH,2017,11.2325037938413
ETH,2018,10.8174774177959
ETH,2019,9.70541576731943
ETH,2020,8.4122686683976
ETH,2021,8.41741927679743
ETH,2022,7.3017831362622
ETH,2023,6.12162158600518
FIN,2010,38.4162383668089
FIN,2011,37.9949912726721
FIN,2012,39.0731517432053
FIN,2013,40.2865889914839
FIN,2014,40.7932768210634
FIN,2015,40.6832800487174
FIN,2016,39.9389014310416
FIN,2017,38.1729904853453
FIN,2018,37.678359673142
FIN,2019,37.3099724129835
FIN,2020,41.4819765892371
FIN,2021,40.1026675885578
FIN,2022,37.9345069231781
FIN,2023,44.9061372502335
FJI,2010,23.8350458055167
FJI,2011,22.2436207511801
FJI,2012,22.9944491731373
FJI,2013,24.3834617971389
FJI,2014,25.8269182612467
FJI,2015,26.5860776011648
FJI,2016,25.3275491706505
FJI,2017,25.3702932755711
FJI,2018,28.0255867196907
FJI,2019,27.9271534768037
FJI,2020,32.529176076387
FJI,2021,36.2945118850375
FJI,2022,29.9393213276694
FJI,2023,27.7596127035997
FRA,2010,49.6925291037396
FRA,2011,47.927974289251
FRA,2012,48.5371716441042
FRA,2013,49.0717319139337
FRA,2014,49.1207847434763
FRA,2015,48.4491880082217
FRA,2016,48.1500427991658
FRA,2017,48.466341621356
FRA,2018,47.1000773214216
FRA,2019,45.8897902925031
FRA,2020,51.9636314257982
FRA,2021,49.9944440065304
FRA,2022,48.8603228368138
FRA,2023,47.2580360132692
FSM,2010,17.0597653356164
FSM,2011,15.8494347402597
FSM,2012,17.6189037037037
FSM,2013,18.3824363057325
FSM,2014,18.2876761993671
FSM,2015,20.9498967275641
FSM,2016,22.522422324159
FSM,2017,22.513560378558
FSM,2018,21.9401586716119
FSM,2019,23.6459227737851
FSM,2020,23.4257647968716
GAB,2012,16.2796182811036
GAB,2013,16.330781875643
GAB,2014,15.2532453291979
GAB,2015,17.1851872348986
GAB,2016,17.0854995180674
GAB,2017,15.6674947805283
GAB,2018,13.6976362674135
GAB,2019,13.5418676122117
GAB,2020,16.4453716158986
GAB,2021,14.0519584891347
GBR,2010,43.9387835050398
GBR,2011,42.5122983092258
GBR,2012,43.130949034331
GBR,2013,40.0310887432144
GBR,2014,39.1461420557996
GBR,2015,38.2133758226073
GBR,2016,37.0119041977698
GBR,2017,36.8434052284403
GBR,2018,37.1969170536007
GBR,2019,36.4058676559426
GBR,2020,47.5326631273768
GBR,2021,42.9472430652547
GBR,2022,40.6510938418388
GBR,2023,41.2292290721047
GEO,2010,25.0571131879543
GEO,2011,23.1399670485459
GEO,2012,24.2728608810983
GEO,2013,24.601894433386
GEO,2014,26.2373116449152
GEO,2015,27.6875651267801
GEO,2016,28.6748009739283
GEO,2017,26.8621190130624
GEO,2018,23.7175474941597
GEO,2019,24.3635120460121
GEO,2020,29.0090180561971
GEO,2021,27.2044002371385
GEO,2022,24.9364534724128
GEO,2023,25.241719707501
GHA,2010,20.1575042881243
GHA,2011,21.1409260461554
GHA,2012,26.8839178478186
GHA,2013,19.2811347818803
GHA,2014,18.2035086076329
GHA,2015,17.3642996458735
GHA,2016,18.2895853622151
GHA,2017,17.355240305187
GHA,2018,17.6018475152484
GHA,2019,17.5109450941033
GHA,2020,21.8835544057028
GHA,2021,20.7508748712557
GHA,2022,22.6789929500877
GNB,2017,13.1636010249212
GNB,2018,12.8106751284621
GNB,2019,13.2098520498003
GNB,2020,15.09453058271
GNB,2021,14.2319519317076
GNB,2022,14.4107379903236
GNB,2023,15.5376266451373
GNQ,2010,5.62325103907898
GNQ,2011,4.97367667879812
GNQ,2012,7.1338148829886
GNQ,2013,8.04260611446995
GNQ,2014,7.09211811356117
GNQ,2015,9.94330276207662
GNQ,2016,10.2457380951843
GNQ,2017,9.90214268336292
GNQ,2018,10.3213929151027
GNQ,2019,11.4103961361878
GNQ,2020,12.2535279171298
GNQ,2021,10.357886752864
GNQ,2022,11.0452921646904
GRC,2010,51.078647377558
GRC,2011,54.7841287756502
GRC,2012,57.3762666302254
GRC,2013,61.3545612333663
GRC,2014,49.7478747922233
GRC,2015,52.2111640982534
GRC,2016,48.8551944521521
GRC,2017,47.670388743995
GRC,2018,48.0218614049715
GRC,2019,46.9259260449285
GRC,2020,58.0698817576878
GRC,2021,54.8325762184431
GRC,2022,50.8012558431009
GRC,2023,47.3019610078935
GTM,2010,12.8578109221043
GTM,2011,12.7453111287762
GTM,2012,13.1714004750496
GTM,2013,13.0331026352429
GTM,2014,13.2836096667991
GTM,2015,12.7358103933838
GTM,2016,12.7960643449342
GTM,2017,12.8935207223026
GTM,2018,12.9824525839374
GTM,2019,13.1269464202505
GTM,2020,14.9980142189795
GTM,2021,13.2756802646156
GTM,2022,13.9978909075493
GTM,2023,13.5099500396777
HND,2010,22.7480069231437
HND,2011,22.5041523742209
HND,2012,23.4992682867094
HND,2013,23.8938403917359
HND,2014,24.2419177349486
HND,2015,21.9760874717836
HND,2020,24.3924492884403
HRV,2010,41.1493503574158
HRV,2011,42.0272693065362
HRV,2012,40.2306266883972
HRV,2013,40.2807243353602
HRV,2014,42.1320317375412
HRV,2015,41.5389635817778
HRV,2016,40.0887188327797
HRV,2017,39.0487010375613
HRV,2018,38.2934676446368
HRV,2019,38.4684733908862
HRV,2020,44.8967365599874
HRV,2021,40.6609190477007
HRV,2022,37.8385813379084
HRV,2023,38.1252645669689
HUN,2010,43.6185257806077
HUN,2011,45.0546657406546
HUN,2012,44.7191558906917
HUN,2013,46.9455294709772
HUN,2014,44.9912537785472
HUN,2015,43.2456220345119
HUN,2016,43.3907474005341
HUN,2017,42.0163819189322
HUN,2018,39.6980879246317
HUN,2019,39.3263776745238
HUN,2020,44.0965958368183
HUN,2021,42.2666073391105
HUN,2022,42.4178061387445
IND,2010,16.5051359514049
IND,2011,14.4898394030493
IND,2012,16.166712404362
IND,2013,16.6386825486965
IND,2014,14.803137644208
IND,2015,15.1256903622794
IND,2016,15.2719500252316
IND,2017,15.6141099220983
IND,2018,15.6631319151388
IND,2022,13.7280694252264
IRL,2010,62.4105657118434
IRL,2011,44.4703295102429
IRL,2012,39.9842241542073
IRL,2013,37.6286660203768
IRL,2014,34.393562008839
IRL,2015,26.5887434481242
IRL,2016,25.7394910022787
IRL,2017,23.7481681383937
IRL,2018,23.0544769626137
IRL,2019,21.9984833264173
IRL,2020,25.1258796519129
IRL,2021,22.2593666159683
IRL,2022,19.2427274217679
IRQ,2014,25.7090141553581
IRQ,2015,27.0309301531966
IRQ,2016,26.5600237455794
IRQ,2017,25.9749833916221
IRQ,2018,24.4834204312244
IRQ,2019,27.6121352770907
ISL,2010,37.4943984640022
ISL,2011,38.023843042671
ISL,2012,36.5921821704099
ISL,2013,34.4053448051065
ISL,2014,33.9832942932349
ISL,2015,31.8771254937801
ISL,2016,34.9997018089201
ISL,2017,31.0338460553056
ISL,2018,30.3825247863504
ISL,2019,30.6922340261305
ISL,2020,36.3538902057074
ISL,2021,34.66733081482
ISL,2022,32.5551860161591
ISL,2023,32.0496243351256
ISR,2010,36.6092371707789
ISR,2011,36.1557374931011
ISR,2012,36.3075537525193
ISR,2013,36.2174373840561
ISR,2014,34.9447621258347
ISR,2015,34.5290289548061
ISR,2016,34.5690753202913
ISR,2017,35.6534514171742
ISR,2018,35.8984250299429
ISR,2019,35.3776629617959
ISR,2020,41.7825260857878
ISR,2021,38.200213479365
ISR,2022,35.2473405880261
ISR,2023,37.348337781417
ITA,2010,42.6929919174617
ITA,2011,41.8281531942746
ITA,2012,43.4989070049363
ITA,2013,43.7480535980426
ITA,2014,43.5698249256497
ITA,2015,43.5293517131866
ITA,2016,43.2014022058276
ITA,2017,42.9465753087
ITA,2018,42.5027354888588
ITA,2019,42.2948307679073
ITA,2020,50.3444915572159
ITA,2021,49.6527178126937
ITA,2022,48.3702644238252
ITA,2023,47.2773607528737
JAM,2010,28.901745665482
JAM,2011,28.2010759070268
JAM,2012,27.5103722033504
JAM,2013,25.0159858498313
JAM,2014,25.6804618517507
JAM,2015,24.4515247799219
JAM,2016,24.7560383085791
JAM,2017,25.0153113842927
JAM,2018,24.785764716982
JAM,2019,23.9790924393503
JAM,2020,27.4675611588785
JOR,2010,23.5739939413828
JOR,2011,26.0936463776926
JOR,2012,26.2074984488522
JOR,2013,23.8712497765487
JOR,2014,24.9872133070558
JOR,2015,23.4054905726039
JOR,2016,23.6111388854554
JOR,2017,23.3545720977874
JOR,2018,24.0389884232624
JOR,2019,24.0156288037945
JOR,2020,25.6788130419209
JOR,2021,26.0325205293186
JOR,2022,26.2394258682452
JOR,2023,25.8858328291716
JPN,2010,17.0661520885656
JPN,2011,18.4586404651775
JPN,2012,17.9360125340068
JPN,2013,17.9343131216922
JPN,2014,17.2612660436382
JPN,2015,16.6387940824247
JPN,2016,16.3623939827034
JPN,2017,15.8501306804408
JPN,2018,15.7176930300877
JPN,2019,16.0238913818249
JPN,2020,22.9911903527757
JPN,2021,20.8459560561872
JPN,2022,20.0582116003984
KAZ,2010,16.4678319854926
KAZ,2011,15.2070759191101
KAZ,2012,15.7960435478034
KAZ,2013,14.6089815385558
KAZ,2014,15.308914994467
KAZ,2015,15.487142712709
KAZ,2016,16.3309403041021
KAZ,2017,19.0261392086365
KAZ,2018,14.7050433078792
KAZ,2019,16.0642125509365
KAZ,2020,16.8328642687514
KAZ,2021,17.1165193502456
KAZ,2022,16.1647366957137
KAZ,2023,17.4457811545455
KEN,2014,20.53749523364
KEN,2015,20.7150711505236
KEN,2016,22.1909797740547
KEN,2017,25.1285090916527
KEN,2018,23.6351781584909
KEN,2019,18.7983198385291
KEN,2020,19.9941461757389
KEN,2021,23.5910069698036
KEN,2022,25.0629334714739
KEN,2023,27.8446410955634
KGZ,2014,25.9976655502703
KGZ,2015,27.2419483499478
KGZ,2016,27.0350965882562
KGZ,2017,26.0497698575071
KGZ,2018,25.4852528760826
KGZ,2019,23.2122999587777
KGZ,2020,25.7762999997186
KGZ,2021,23.4050916041465
KGZ,2022,23.8319458168086
KGZ,2023,23.7050047610836
KHM,2010,8.65662452415554
KHM,2011,8.84350460921608
KHM,2012,8.33602397896915
KHM,2013,9.11918133783137
KHM,2014,9.43642007472864
KHM,2015,8.99396164136395
KHM,2016,9.79082136934193
KHM,2017,10.7989673791136
KHM,2018,10.7640676815512
KHM,2019,11.6500918071986
KHM,2020,12.9375804463012
KHM,2021,12.5801496236241
KHM,2022,11.776416290612
KHM,2023,12.9497206702999
KIR,2011,59.2838957964227
KIR,2012,62.1622654328207
KIR,2013,60.2023223273187
KIR,2014,55.2459586064333
KIR,2015,58.7347772555639
KIR,2016,61.3968365764947
KIR,2017,64.370290580756
KIR,2018,61.6205066070288
KIR,2019,70.108401970641
KIR,2020,75.9680402866043
KIR,2021,84.0598634502632
KIR,2022,81.5296370533376
KIR,2023,83.6811106250911
KNA,2010,25.2142646513265
KNA,2011,26.3536290947751
KNA,2012,24.5447767227517
KNA,2013,23.7405136197317
KNA,2014,24.1926323569456
KNA,2015,24.7161926871735
KNA,2016,25.8452551307566
KNA,2017,22.9249011857708
KNA,2020,26.7494626224027
KOR,2010,16.900693184189
KOR,2011,17.3891183173319
KOR,2012,23.5764674888735
KOR,2013,22.9599101988862
KOR,2014,22.5297498815254
KOR,2015,22.3727539773343
KOR,2016,22.3216832639303
KOR,2017,22.7421323345571
KOR,2018,23.5674300593436
KOR,2019,25.9471764437754
KOR,2020,28.0256629437299
KOR,2021,28.5464738099917
KOR,2022,31.2975333759802
KOR,2023,28.3225119832631
LAO,2010,11.0270983449829
LAO,2011,10.7431744902983
LAO,2012,10.9849961277883
LAO,2013,16.8133673347985
LAO,2014,15.4860759577741
LAO,2015,14.8922832872787
LAO,2016,13.8677242784984
LAO,2017,12.3355348883473
LAO,2018,12.310264175207
LAO,2019,12.4478555242012
LAO,2020,11.447710373245
LAO,2021,10.7627930320176
LAO,2022,10.3160241648868
LBN,2010,25.8433428793157
LBN,2011,26.3970134807849
LBN,2012,26.7992055311946
LBN,2013,26.6919929961178
LBN,2014,25.9468799781231
LBN,2015,22.8975511838178
LBN,2016,25.847004898603
LBN,2017,25.9835892601139
LBN,2018,29.3461967656781
LBN,2019,29.1875576254008
LBN,2020,14.9448707575471
LBN,2021,6.29571108447612
LCA,2010,18.0683779894265
LCA,2011,17.5988064516129
LCA,2012,19.1383489140611
LCA,2013,18.9144036439396
LCA,2014,18.7084263784196
LCA,2015,18.1927333151663
LCA,2016,18.1712047602907
LCA,2017,17.6109533799361
LKA,2010,16.3008487441341
LKA,2011,15.5785036232024
LKA,2012,15.0683571125145
LKA,2013,14.1567195341856
LKA,2014,14.2032918231114
LKA,2015,17.0880556546636
LKA,2016,15.6608133524729
LKA,2017,15.3308825075697
LKA,2018,15.284794927352
LKA,2019,15.9340645140859
LKA,2020,19.0691715859134
LKA,2021,17.4670693341011
LKA,2022,15.7428689334656
LKA,2023,18.0350543940866
LSO,2010,42.5411688089885
LSO,2011,40.7961669316991
LSO,2012,40.0545811100607
LSO,2013,42.7084395082867
LSO,2014,38.3219218166396
LSO,2015,38.2440406780839
LSO,2016,40.5844628063288
LSO,2017,39.7153423495164
LSO,2018,39.2496841795946
LSO,2019,39.246346848746
LSO,2020,43.288414970617
LSO,2021,38.1052609182179
LSO,2022,40.2346111006294
LTU,2010,40.1309540962991
LTU,2011,36.8394354331654
LTU,2012,34.1253096267013
LTU,2013,33.065868762446
LTU,2014,32.7568188511499
LTU,2015,32.6692487755442
LTU,2016,32.6841126186918
LTU,2017,31.072121854115
LTU,2018,31.6775234640563
LTU,2019,32.3841356342817
LTU,2020,38.9088887136828
LTU,2021,35.1707078947421
LTU,2022,34.2364562311679
LTU,2023,33.859828121368
LUX,2010,37.5877794617632
LUX,2011,37.7583197126326
LUX,2012,38.6174033671065
LUX,2013,38.5515245916909
LUX,2014,37.7373148444709
LUX,2015,37.2151192531445
LUX,2016,36.8348917454341
LUX,2017,37.758533855547
LUX,2018,38.8273820155222
LUX,2019,39.4793914222263
LUX,2020,42.9034537011063
LUX,2021,39.0091777601048
LUX,2022,40.8988847365143
LUX,2023,42.2321737913696
LVA,2010,39.5781686309654
LVA,2011,35.1497338007643
LVA,2012,31.9341020414488
LVA,2013,31.6898152607786
LVA,2014,32.2820402619424
LVA,2015,31.2338058250113
LVA,2016,30.6890668667795
LVA,2017,30.425906349079
LVA,2018,30.6512990258421
LVA,2019,31.7652338159017
LVA,2020,36.2189154656701
LVA,2021,38.5271346331543
LVA,2022,36.3543864374317
LVA,2023,34.1951936826963
MAR,2010,25.0281448030242
MAR,2011,27.0639992297542
MAR,2012,27.3687204155206
MAR,2013,25.6987161499953
MAR,2014,25.4170336330975
MAR,2015,23.0606083372986
MAR,2016,22.7685873873314
MAR,2017,22.6792712298231
MAR,2018,22.8575069212215
MAR,2019,23.3876778864301
MAR,2020,27.2102123069577
MAR,2021,25.6308472487276
MAR,2022,28.1448750486273
MAR,2023,26.6111381429324
MDA,2010,29.1436569247624
MDA,2011,27.3599576796909
MDA,2012,27.8544262189137
MDA,2013,27.1282700817793
MDA,2014,29.3674215047913
MDA,2015,28.3300680569036
MDA,2016,26.6745413540011
MDA,2017,27.2406325954008
MDA,2018,27.7835978216092
MDA,2019,28.2718051226835
MDA,2020,32.7222723725292
MDA,2021,29.9554323731733
MDA,2022,32.2453730893208
MDA,2023,34.4725442262112
MDG,2010,8.57346348699551
MDG,2011,8.93506573962959
MDG,2012,8.75653017319682
MDG,2013,9.40419644416597
MDG,2014,9.85274238142876
MDG,2015,9.55868886975373
MDG,2016,9.31726443885761
MDG,2017,10.5891148272501
MDG,2018,9.83236458371751
MDG,2019,10.1328730758179
MDG,2020,11.7977522158693
MDG,2021,10.6901257901144
MDG,2022,9.92630291329413
MDG,2023,11.0354551048712
MDV,2010,25.4405148099364
MDV,2011,22.4031116061657
MDV,2014,24.6529190782701
MDV,2015,26.5275502814218
MDV,2016,24.2042777622576
MDV,2017,20.3517479915771
MDV,2018,21.9717105537807
MDV,2019,25.4133270384298
MDV,2020,35.3461280144751
MDV,2021,29.475529855381
MEX,2010,20.4815497546695
MEX,2011,20.8740737970003
MEX,2012,20.9324326030644
MEX,2013,20.6909750829168
MEX,2014,20.997176363174
MEX,2015,20.8689511528107
MEX,2016,20.3281994162596
MEX,2017,19.8664920937012
MEX,2018,19.8697097082398
MEX,2019,19.8103353495765
MEX,2020,21.6980704265989
MEX,2021,20.8923836603349
MEX,2022,22.3057833172693
MEX,2023,22.4594139014718
MHL,2010,54.3716201117318
MHL,2011,54.421923389437
MHL,2012,53.3502263420033
MHL,2013,54.22419527897
MHL,2014,49.1885634408602
MHL,2015,55.378590636908
MHL,2016,56.4015948795837
MHL,2017,60.7703738886289
MHL,2018,61.7302959090909
MHL,2019,65.2751107771576
MHL,2020,59.4431771972105
MKD,2010,30.0860286853756
MKD,2011,28.9817013007717
MKD,2012,29.3726417014675
MKD,2013,28.2476496069864
MKD,2014,28.3672213651207
MKD,2015,28.7946070150674
MKD,2016,27.7831376744929
MKD,2017,27.9967047089011
MKD,2018,27.8450488948036
MKD,2019,29.6872350269893
MKD,2020,34.9241702124671
MKD,2021,33.3297232827698
MKD,2022,32.2023941216836
MKD,2023,33.3785817447945
MLI,2010,10.7482018986543
MLI,2011,10.2952072862968
MLI,2012,10.0822909870513
MLI,2013,11.1457457114269
MLI,2014,10.89740565343
MLI,2015,10.3240948971986
MLI,2016,10.3159818706394
MLI,2017,10.4967851185142
MLI,2018,10.3689696643132
MLI,2019,10.8504280440645
MLI,2020,12.2360084788215
MLT,2010,39.6678376742534
MLT,2011,40.4489553933208
MLT,2012,39.8705040895979
MLT,2013,38.8602653571455
MLT,2014,37.7394748537155
MLT,2015,35.3561677753131
MLT,2016,34.4585897163352
MLT,2017,31.8154668144172
MLT,2018,32.5918231172505
MLT,2019,32.7034948207944
MLT,2020,39.8534195698233
MLT,2021,37.1712715130952
MLT,2022,36.470797562386
MLT,2023,33.6715285211806
MMR,2012,10.5504277139389
MMR,2013,14.0348673040125
MMR,2014,16.4944873473396
MMR,2015,17.0397019631168
MMR,2016,15.3475412654351
MMR,2017,16.9198889367861
MMR,2018,6.38116100422309
MMR,2019,13.7755198098588
MNG,2010,22.9057961964451
MNG,2011,24.4306901415433
MNG,2012,27.0748266010603
MNG,2013,23.6688195949134
MNG,2014,23.7332236614954
MNG,2015,24.313084296183
MNG,2016,27.3985619685378
MNG,2017,23.7015119822005
MNG,2018,22.5006291310701
MNG,2019,25.6162465688217
MNG,2020,33.1789935421218
MNG,2021,31.6966486780552
MOZ,2010,19.6201763346953
MOZ,2011,21.2948647268172
MOZ,2012,22.2435713893799
MOZ,2016,18.5198742757507
MOZ,2017,17.6256749397463
MOZ,2018,19.649486675822
MOZ,2019,20.0432502816617
MOZ,2020,22.904910395848
MOZ,2021,23.3044189350831
MOZ,2022,26.0030656391346
MUS,2010,21.7123013522298
MUS,2011,20.1217111150886
MUS,2012,20.0748113544511
MUS,2013,21.3396545988438
MUS,2014,21.567955689282
MUS,2015,11.2461686762812
MUS,2016,22.7714537130154
MUS,2017,21.9284605624956
MUS,2018,22.2413273632468
MUS,2019,22.5162036099423
MUS,2020,31.2543072899706
MUS,2021,32.5467053831612
MUS,2022,28.1928825774011
MUS,2023,29.1424031344469
MWI,2010,12.6994361476594
MWI,2011,12.526089145286
MWI,2012,11.8715643730145
MWI,2013,12.992188528166
MWI,2014,14.0654400013646
MWI,2015,12.9082034353954
MWI,2016,12.3291507757964
MWI,2017,13.2444718284507
MWI,2018,14.9216504111132
MWI,2019,14.7401066853775
MWI,2020,16.4935394603346
MWI,2021,17.1870765601142
MWI,2022,20.1738542237372
MYS,2010,18.2319253890148
MYS,2011,19.7347795900774
MYS,2012,20.9798770041143
MYS,2013,20.6021204303102
MYS,2014,19.6835443850248
MYS,2015,18.2910432040136
MYS,2016,16.7638213141114
MYS,2017,15.8258190286835
MYS,2018,15.9220579344968
MYS,2019,17.3574598059896
MYS,2020,18.4715851445262
MYS,2021,17.2542689687307
MYS,2022,17.8962743152498
MYS,2023,17.0088733715367
NAM,2010,28.1021144356645
NAM,2011,34.1976397187985
NAM,2012,31.6880904419274
NAM,2013,35.4484303578021
NAM,2014,37.1519272841928
NAM,2015,38.001067750554
NAM,2016,35.4515783037479
NAM,2017,38.5620994254896
NAM,2018,35.0992328749854
NAM,2019,34.5239746739119
NAM,2020,40.3152887138993
NAM,2021,37.6029913421383
NAM,2022,35.7178502960771
NAM,2023,36.1640496720365
NIC,2010,14.9932542908436
NIC,2011,14.9750872878552
NIC,2012,15.2288833117977
NIC,2013,15.0906993541647
NIC,2014,15.427774613121
NIC,2015,15.9243152832014
NIC,2016,16.3937935774342
NIC,2017,16.5222655263554
NIC,2018,16.8472541808642
NIC,2019,16.4517837773692
NIC,2020,16.416309030407
NIC,2021,17.1781558950143
NIC,2022,16.6889205177296
NIC,2023,16.2819509055953
NLD,2010,42.4982348970953
NLD,2011,41.8898710848718
NLD,2012,42.1384861264721
NLD,2013,42.4441115620216
NLD,2014,41.9474910370498
NLD,2015,40.6125791110952
NLD,2016,39.4433297462422
NLD,2017,38.2852485346822
NLD,2018,37.9872039305298
NLD,2019,37.4976348782249
NLD,2020,43.0242399226909
NLD,2021,41.7954124838764
NLD,2022,39.3652774144211
NLD,2023,39.9696990762123
NOR,2010,34.0087255547637
NOR,2011,33.3756953994657
NOR,2012,32.9385170902258
NOR,2013,33.2995827341893
NOR,2014,34.633509158041
NOR,2015,36.9600654645236
NOR,2016,38.4604728682508
NOR,2017,37.3981112814144
NOR,2018,35.9206144318118
NOR,2019,37.153016522672
NOR,2020,43.6549969354522
NOR,2021,35.2446402470094
NOR,2022,28.2941044155595
NOR,2023,34.518210681823
NPL,2010,15.6352008846605
NPL,2011,13.9379082430485
NPL,2012,13.8393358530682
NPL,2013,12.6904354155292
NPL,2014,13.5829915227027
NPL,2015,13.9897984541113
NPL,2016,14.2271107367293
NPL,2017,16.8538084482168
NPL,2018,20.1657916960524
NPL,2019,21.7018652753922
NPL,2020,20.1647829301293
NPL,2021,19.4418821873399
NRU,2014,86.7535888152844
NRU,2015,95.1589702210522
NRU,2016,88.7897522157045
NRU,2017,90.5733963172414
NRU,2018,78.4418546804734
NRU,2019,89.5330139142857
NRU,2020,103.596292774194
NZL,2010,34.1464759438035
NZL,2011,40.0471822432317
NZL,2012,34.9714221453128
NZL,2013,33.0857162490659
NZL,2014,32.3406927851015
NZL,2015,31.529219953104
NZL,2016,30.7148650888664
NZL,2017,29.9220307033988
NZL,2018,29.721057911954
NZL,2019,30.0521764402163
NZL,2020,36.2969426871643
NZL,2021,33.6390610060085
NZL,2022,35.4955182384826
PAN,2014,12.9112874571712
PAN,2015,13.9994263537471
PAN,2016,13.6950577799679
PAN,2017,13.9417844546437
PAN,2018,13.5920943066457
PAN,2019,15.0372968929585
PAN,2020,19.26891438532
PAN,2021,17.1412565556766
PER,2010,17.8223398948007
PER,2011,17.6278849212839
PER,2012,17.9177884982323
PER,2013,18.9583513319003
PER,2014,20.5114219115948
PER,2015,20.5675823700928
PER,2016,19.1880269352898
PER,2017,20.1502784685185
PER,2018,19.8892517491084
PER,2019,20.6619118591877
PER,2020,26.9065402747666
PER,2021,22.8389646747493
PHL,2010,13.7936889438216
PHL,2011,13.5211906618935
PHL,2012,13.5454813748711
PHL,2013,13.20715199779
PHL,2014,12.8216477698348
PHL,2015,13.4767411156598
PHL,2016,13.4351490147382
PHL,2017,13.6131575683624
PHL,2018,14.2125593180425
PHL,2019,14.8073074115535
PHL,2020,19.5603029244639
PHL,2021,19.1392292224505
PHL,2022,18.6068893324404
PHL,2023,16.8805903400909
PLW,2010,51.0365368742883
PLW,2011,53.5933630674717
PLW,2012,53.8372525373681
PLW,2013,48.5476334405952
PLW,2014,46.0243074791671
PLW,2015,39.6302095895436
PLW,2016,40.7114517601819
PLW,2017,41.6401615737611
PLW,2018,40.6886850453964
PLW,2019,42.4251675805273
PLW,2020,58.9547294274935
PNG,2014,21.7511493892941
PNG,2015,20.2295670659165
PNG,2016,18.3875117589636
PNG,2017,16.582991808656
PNG,2018,18.3099112905525
PNG,2019,19.1432069429868
PNG,2020,20.8959129575791
PNG,2021,19.8313425444315
PNG,2022,19.4489105867616
PNG,2023,20.3235953856532
POL,2010,36.7345749661846
POL,2011,34.8359106996135
POL,2012,35.0580862781262
POL,2013,35.9129620312523
POL,2014,35.0749023643641
POL,2015,34.1387372869929
POL,2016,34.8011532937469
POL,2017,34.2617520918092
POL,2018,33.0589633854181
POL,2019,33.827053466204
POL,2020,40.522296880667
POL,2021,36.9985474454804
POL,2022,36.0632407243175
POL,2023,39.0982392627941
PRT,2010,44.1455271039697
PRT,2011,44.4757197536512
PRT,2012,44.362913573288
PRT,2013,45.5809604098825
PRT,2014,47.560533270166
PRT,2015,44.0036278174494
PRT,2016,41.3199326718019
PRT,2017,41.668947889985
PRT,2018,39.2823047343675
PRT,2019,38.6689545444553
PRT,2020,44.5273320079934
PRT,2021,42.4539286342892
PRT,2022,39.3111762287569
PRT,2023,37.1595074085006
PRY,2010,11.8391195380757
PRY,2011,13.0832818921182
PRY,2012,15.7041029014301
PRY,2013,14.3618811109228
PRY,2014,14.001361051633
PRY,2015,14.8283479769772
PRY,2016,15.4216143903646
PRY,2017,14.4661468516944
PRY,2018,16.1304844057012
PRY,2019,20.3502301282138
PRY,2020,18.4727986970316
PRY,2021,16.745746019399
PRY,2022,16.5795627400072
PRY,2023,18.94568644434
PSE,2010,31.7461919284202
PSE,2011,28.191350444212
PSE,2012,25.6999265911176
PSE,2013,25.1983472013614
PSE,2014,26.6277111254709
PSE,2015,26.9877492913172
PSE,2016,25.6715596577174
PSE,2017,26.8736803995996
PSE,2018,24.6173065578854
PSE,2019,24.4661085271964
PSE,2020,29.2345671715076
PSE,2021,26.1664917273852
ROU,2010,34.8305247040647
ROU,2011,33.654601650106
ROU,2012,32.3000888420702
ROU,2013,32.0257142585738
ROU,2014,32.4416023202099
ROU,2015,33.0135797053001
ROU,2016,32.2247603503175
ROU,2017,31.596734508301
ROU,2018,32.7453503974401
ROU,2019,33.8174397382353
ROU,2020,38.2165874567657
ROU,2021,37.1960853122143
ROU,2022,37.3030637489096
RUS,2010,27.37723900216
RUS,2011,23.3499683933859
RUS,2012,24.1958551261758
RUS,2013,24.606189979681
RUS,2014,26.4617539784902
RUS,2015,30.6476505158828
RUS,2016,31.0284467524216
RUS,2017,30.7103051722937
RUS,2018,28.9441478427563
RUS,2019,29.6140297769421
RUS,2020,35.2998185923772
RUS,2021,30.78279492703
RUS,2022,31.3859500271519
RUS,2023,29.9691335018192
RWA,2014,17.6510889243483
RWA,2015,17.126851966504
RWA,2016,18.6710930843226
RWA,2017,18.8530518534202
RWA,2018,18.6625218531194
RWA,2019,19.0333531902314
RWA,2020,20.8878339741935
RWA,2021,19.974280992011
RWA,2022,18.9463485367504
RWA,2023,17.9714861804371
SAU,2010,24.4346201900162
SAU,2011,22.8756134235045
SAU,2012,25.2980404620107
SAU,2013,25.3542942107349
SAU,2014,27.8187317401037
SAU,2015,30.4187125812982
SAU,2016,26.940531690074
SAU,2017,25.9809738148926
SAU,2018,26.7955295916704
SAU,2019,26.7097064575879
SAU,2020,31.9689061537757
SAU,2021,25.0127399358585
SAU,2022,21.9700445283442
SAU,2023,24.219126573207
SDN,2010,14.1304915362604
SDN,2012,11.6352473770618
SDN,2013,11.5190199018877
SDN,2014,11.4318600296855
SDN,2015,10.7117252744407
SDN,2016,9.72624152630822
SEN,2015,18.2988992923632
SEN,2016,18.3100718301521
SEN,2017,19.8176309908404
SEN,2018,19.8471337116101
SEN,2019,21.2330008972598
SEN,2020,20.9459226870621
SEN,2021,19.5888527919007
SEN,2022,23.1232614462059
SEN,2023,23.5632436487827
SGP,2010,12.4128043266242
SGP,2011,12.7726522542327
SGP,2012,12.3839623831082
SGP,2013,12.3753378735642
SGP,2014,13.1510655902688
SGP,2015,15.9255259430938
SGP,2016,14.365859744936
SGP,2017,14.24151324768
SGP,2018,14.6491348390982
SGP,2019,14.1456371884552
SGP,2020,25.5945798719108
SGP,2021,16.115670617263
SGP,2022,14.6713906312634
SGP,2023,17.109108094367
SLB,2011,24.9989879358096
SLB,2012,25.292876677568
SLB,2013,30.5008065146982
SLB,2014,30.1601465085558
SLB,2015,30.6740928598214
SLB,2016,29.7450348399923
SLB,2017,30.2343478018367
SLB,2018,27.5770445134498
SLB,2019,28.9847174846667
SLB,2020,31.9131931709477
SLB,2021,30.3797227770116
SLB,2022,28.8903334458529
SLV,2010,24.1458115603277
SLV,2011,24.8898726231008
SLV,2012,22.9022053992888
SLV,2013,22.9958128249062
SLV,2014,22.7697175169483
SLV,2015,22.7632940909989
SLV,2016,23.2079037686245
SLV,2017,24.8439899000093
SLV,2018,24.7270938497397
SLV,2019,24.7593666042437
SLV,2020,33.9446069790407
SLV,2021,29.5074843835756
SLV,2022,27.3943202580725
SLV,2023,27.9180096903272
SMR,2010,37.2906898520085
SMR,2011,41.7917820276286
SMR,2012,44.6508169671737
SMR,2013,46.0320867563291
SMR,2014,45.6235726666667
SMR,2015,45.2377647964649
SMR,2016,44.9877181899871
SMR,2017,43.295388908748
SMR,2018,44.3657863173863
SMR,2019,44.1548272426073
SMR,2020,47.4403371086274
SMR,2021,44.0740491234226
SMR,2022,44.6406433320448
SMR,2023,40.4897504883926
SOM,2017,3.13875037692489
SOM,2018,3.28529983991639
SOM,2019,3.4711821922726
SOM,2020,5.47997845296968
SOM,2023,6.34830985941583
SRB,2010,35.1190464053724
SRB,2011,34.0831778366048
SRB,2012,35.4259392948407
SRB,2013,39.1277174777981
SRB,2014,40.9109680719636
SRB,2015,39.0527737026285
SRB,2016,37.7905966728824
SRB,2017,36.1410383011071
SRB,2018,35.1923667823381
SRB,2019,35.742587631728
SRB,2020,42.5376524683873
SRB,2021,37.6982895078739
SRB,2022,35.4627580017931
SVK,2010,39.5145792054508
SVK,2011,39.0601443681058
SVK,2012,39.1325775702987
SVK,2013,40.0242603858589
SVK,2014,40.0498953140123
SVK,2015,40.6783469163369
SVK,2016,40.3193736538256
SVK,2017,37.0392854927539
SVK,2018,37.1287832002824
SVK,2019,38.0979921157923
SVK,2020,42.1100121910824
SVK,2021,42.3958276665658
SVK,2022,39.7740575217895
SVN,2010,47.3581596491482
SVN,2011,48.809028972781
SVN,2012,47.4901246961825
SVN,2013,54.5726819204219
SVN,2014,47.5336371357467
SVN,2015,46.7222084667928
SVN,2016,44.6747700849883
SVN,2017,42.2981039649573
SVN,2018,41.1450376558141
SVN,2019,40.7895004063214
SVN,2020,49.1075307851423
SVN,2021,46.6078624054164
SVN,2022,43.55354475193
SVN,2023,42.8744911319917
SWE,2010,33.2649399664481
SWE,2011,32.4394700197068
SWE,2012,33.0087166179576
SWE,2013,33.7232350480003
SWE,2014,33.2571917008143
SWE,2015,32.3588208377532
SWE,2016,32.1089664658153
SWE,2017,31.9815855954628
SWE,2018,32.0404191268978
SWE,2019,31.4063339534813
SWE,2020,34.935620519644
SWE,2021,33.1985359262869
SWE,2022,32.505108387211
SWZ,2010,25.1288252366908
SWZ,2011,22.6823743982996
SWZ,2012,22.9827805396513
SWZ,2014,25.3036093481814
SWZ,2015,26.7184709093898
SWZ,2016,27.7982484296625
SWZ,2017,27.072012615129
SWZ,2018,26.763771617809
SWZ,2019,25.2805120736599
SWZ,2020,26.0695180972398
SWZ,2021,24.6155754063595
TGO,2010,10.2474240534217
TGO,2011,10.8080523864554
TGO,2012,12.5172608076168
TGO,2013,12.8302750265792
TGO,2014,11.5546526485888
TGO,2015,12.9253828694068
TGO,2016,13.6105366248066
TGO,2017,11.5121352894492
TGO,2018,13.629352901191
TGO,2019,13.3959027381523
TGO,2020,14.2385236126303
TGO,2021,13.1767183127301
TGO,2022,15.2643617638633
TGO,2023,16.028611767784
THA,2010,17.4114153723881
THA,2011,19.41745835874
THA,2012,18.6216196174385
THA,2013,19.817256200685
THA,2014,19.9952273274915
THA,2015,19.3927758672544
THA,2016,19.6652964019127
THA,2017,19.122663547864
THA,2018,19.0196942606136
THA,2019,18.6665827342784
THA,2020,22.839890357645
THA,2021,25.140190092904
THA,2022,22.2299618545844
THA,2023,20.7220010288103
TJK,2021,12.4572895743117
TJK,2022,10.6910715593023
TJK,2023,11.0194157341873
TLS,2010,83.6080309044252
TLS,2011,70.6068504989667
TLS,2012,78.1501299251651
TLS,2013,62.9205960992096
TLS,2014,67.3608120894055
TLS,2015,73.2817837259596
TLS,2016,70.095568563841
TLS,2017,57.0566069567352
TLS,2018,56.9399597071426
TLS,2019,49.0454448761437
TLS,2020,52.1860734633397
TLS,2021,41.1955242440391
TLS,2022,52.4935012893649
TON,2013,27.6506577630826
TON,2014,30.3775521071868
TON,2015,30.2267583338092
TON,2016,31.1425879178705
TON,2017,31.8933112724309
TON,2018,31.0773631728423
TON,2019,30.6375374142737
TON,2020,31.4905669193695
TON,2021,36.0009933320974
TON,2022,39.9560180611226
TON,2023,34.6540020354592
TTO,2010,30.6976810034827
TTO,2011,27.3237231592599
TTO,2012,28.5234295252083
TTO,2013,29.4421979833723
TTO,2014,31.0983182216628
TTO,2015,33.548036960979
TTO,2016,33.4266953115139
TTO,2017,33.0427784747773
TTO,2018,31.3554382243583
TTO,2019,33.3170063318443
TUN,2010,26.738524994179
TUN,2011,32.9045333238864
TUN,2012,33.7641230227092
TUR,2010,32.6419229851543
TUR,2011,30.1444408136135
TUR,2012,29.4208604116485
TUR,2013,28.9891426072392
TUR,2014,29.2713082967685
TUR,2015,28.8436742291669
TUR,2016,30.6055405050211
TUR,2017,31.5527664341113
TUR,2018,33.1443390183968
TUR,2019,34.8909170453359
TUR,2020,33.4510950281809
TUR,2021,30.2009775804558
TUR,2022,29.0624088388364
TUR,2023,33.0277530817277
TZA,2010,13.1930823905635
TZA,2011,14.3760474348585
TZA,2012,14.017907635242
TZA,2013,14.8310743082401
TZA,2014,16.0794441502738
TZA,2015,14.8700779493296
TZA,2016,13.3688531461333
TZA,2017,15.7386532808111
TZA,2018,14.5748625993064
TZA,2019,15.3752931466323
TZA,2020,14.2926515974573
TZA,2021,15.1259358340698
TZA,2022,16.8468991314032
TZA,2023,17.0304864142749
TZA,2024,16.3411130288022
UGA,2015,10.7611098309033
UGA,2016,11.3130644156105
UGA,2017,11.2580442930702
UGA,2018,11.8357641142331
UGA,2019,13.5150737617182
UGA,2020,13.6717290825135
UGA,2021,15.5883809350268
UGA,2022,16.9424354799697
UGA,2023,16.5833400364579
UKR,2010,39.5439524891017
UKR,2011,36.8763128364085
UKR,2012,39.5379741977224
UKR,2013,38.6815940819239
UKR,2014,43.5407000374941
UKR,2015,37.3687532184352
UKR,2016,33.5044167207813
UKR,2017,33.6062064378191
UKR,2018,33.4087191126581
UKR,2019,33.057438930624
UKR,2020,37.2092047751482
UKR,2021,33.2615744813331
UKR,2022,57.894766176113
UKR,2023,65.5600221546264
URY,2010,28.2518723908528
URY,2011,27.7352832980739
URY,2012,28.8425661023934
URY,2013,29.2703887862228
URY,2014,29.5808927457727
URY,2015,29.5758720947321
URY,2016,35.2210254750392
URY,2017,31.2481021079536
URY,2018,31.913342812641
URY,2019,32.0674025947569
URY,2020,34.6908163005683
URY,2021,31.7323019734088
URY,2022,35.9592377766438
URY,2023,36.451913684213
USA,2010,26.0545933672143
USA,2011,25.3456995286842
USA,2012,23.9119039840728
USA,2013,22.8814639786791
USA,2014,22.6100726834376
USA,2015,22.3735356601707
USA,2016,22.4159218391492
USA,2017,22.1406996557534
USA,2018,22.1694791125473
USA,2019,22.514337755714
USA,2020,31.7966159134937
USA,2021,31.2447973490289
USA,2022,24.6132942134549
USA,2023,24.433337455127
UZB,2011,12.7779424393085
UZB,2012,12.7811942899458
UZB,2013,13.4093565613914
UZB,2014,13.2547455085531
UZB,2015,13.3096957639729
UZB,2016,12.6164114774292
UZB,2017,12.2589502018046
UZB,2018,14.0744147200816
UZB,2019,14.3808618361187
UZB,2020,18.0452274411827
UZB,2021,21.8708762446776
UZB,2022,22.0498816046985
UZB,2023,22.344366105039
VCT,2010,24.3239968573048
VCT,2011,25.6928134188285
VCT,2012,24.8043878812108
VCT,2013,23.7907595364717
VCT,2014,24.4500175360209
VCT,2015,24.1512454678156
VCT,2016,23.4069552719433
VCT,2017,24.7315602634593
VUT,2010,23.2458920548957
VUT,2011,22.6612002031783
VUT,2012,22.7423135771818
VUT,2013,19.2275584087818
VUT,2014,20.2330757874016
VUT,2015,20.5439410029499
VUT,2016,21.9620121482338
VUT,2017,23.7338732898024
VUT,2018,22.6574615686016
VUT,2019,24.5619868031266
VUT,2020,30.42678979112
VUT,2021,29.7658942725648
VUT,2022,28.1740160846529
VUT,2023,26.613319110103
WLD,2010,28.3798065928002
WLD,2011,27.4821255803814
WLD,2012,27.4487445608622
WLD,2013,27.065782378615
WLD,2014,26.7880899616839
WLD,2015,26.7503305236577
WLD,2016,26.5551085003389
WLD,2017,26.2810347640238
WLD,2018,26.1393335636394
WLD,2019,26.6999898899344
WLD,2020,33.422412208084
WLD,2021,31.7444310240085
WLD,2022,28.4897500384154
WSM,2012,28.8073684091597
WSM,2013,28.7514695428958
WSM,2014,30.7326856144729
WSM,2015,28.6031956845264
WSM,2016,24.9884596525202
WSM,2017,24.6707628573014
WSM,2018,28.3133997038535
WSM,2019,27.8053074483527
WSM,2020,29.8105315903386
WSM,2021,34.4350758483726
WSM,2022,31.8357049993134
WSM,2023,26.6839529354459
ZAF,2010,29.5775128260769
ZAF,2011,31.0619734464171
ZAF,2012,30.3651797341743
ZAF,2013,31.259190573785
ZAF,2014,31.9053501556958
ZAF,2015,33.6797787454907
ZAF,2016,32.1896608002111
ZAF,2017,33.2518124768773
ZAF,2018,33.9954978254972
ZAF,2019,34.6532754617872
ZAF,2020,37.8354162011745
ZAF,2021,34.6050550967435
ZAF,2022,33.4243056296085
ZMB,2010,14.6688561532361
ZMB,2011,14.4956773687217
ZMB,2012,16.5322416609076
ZMB,2013,17.8533057349122
ZMB,2014,20.2562396253045
ZMB,2015,23.233787759937
ZMB,2016,22.4086833420161
ZMB,2017,20.9220759632247
ZMB,2018,20.1107118421132
ZMB,2019,21.9561627239835
ZMB,2020,25.3722344097293
ZMB,2021,25.1370961006544
ZWE,2010,16.1209443547968
ZWE,2011,19.0771549950937
ZWE,2012,20.2119298760243
ZWE,2015,21.8094849313164
ZWE,2016,25.2362484712416
ZWE,2017,9.78276662473592
ZWE,2018,10.9772842777823
