# World Bank Open Data MS.MIL.XPND.GD.ZS, last updated 2026-07-13, CC BY 4.0
iso3,year,value
AFG,2010,1.94583569418812
AFG,2011,1.82134545354632
AFG,2012,1.17541612009987
AFG,2013,1.07694976762403
AFG,2014,1.29801287790022
AFG,2015,0.994575822723645
AFG,2016,0.956772140958855
AFG,2017,0.945226799939516
AFG,2018,1.00674585570556
AFG,2019,1.17096838242129
AFG,2020,1.35885692738929
AFG,2021,1.827933856217
AGO,2010,4.1775845224338
AGO,2011,3.25566035129376
AGO,2012,3.23665949921649
AGO,2013,4.45523942155109
AGO,2014,4.69845451564414
AGO,2015,3.10542629308278
AGO,2016,2.73333494465123
AGO,2017,2.50798280550579
AGO,2018,1.95578680987962
AGO,2019,1.76791430458684
AGO,2020,1.81042916830117
AGO,2021,1.39322266365773
AGO,2022,1.410163657162
AGO,2023,1.40725542077164
AGO,2024,1.00049213337543
ALB,2010,1.55859189302349
ALB,2011,1.52826633776627
ALB,2012,1.48708257655216
ALB,2013,1.40898210141146
ALB,2014,1.34651599128914
ALB,2015,1.16230386432234
ALB,2016,1.10358100880452
ALB,2017,1.10915100558884
ALB,2018,1.16054478505068
ALB,2019,1.28080596201472
ALB,2020,1.29583570269739
ALB,2021,1.24298808396067
ALB,2022,1.20878861551122
ALB,2023,1.7407334644623
ALB,2024,2.03786228936679
ARE,2010,6.03859220826788
ARE,2011,5.46631452753061
ARE,2012,5.07555649376756
ARE,2013,6.03468625064444
ARE,2014,5.64365135247024
ARG,2010,0.814878118220695
ARG,2011,0.764287095310235
ARG,2012,0.784824735364742
ARG,2013,0.83773642721392
ARG,2014,0.878100924236765
ARG,2015,0.850128597463815
ARG,2016,0.809245362717563
ARG,2017,0.84775481125944
ARG,2018,0.732300347538541
ARG,2019,0.699696134379197
ARG,2020,0.734111593948744
ARG,2021,0.631788619254705
ARG,2022,0.684586409291956
ARG,2023,0.75569413987974
ARG,2024,0.618350391157195
ARM,2010,4.26564605593771
ARM,2011,3.85394644115574
ARM,2012,3.58376691873744
ARM,2013,3.99724455730484
ARM,2014,3.94337826474581
ARM,2015,4.23922578573229
ARM,2016,4.09034921699325
ARM,2017,3.84973057654684
ARM,2018,4.11988615256896
ARM,2019,4.78770584078564
ARM,2020,4.98254372367497
ARM,2021,4.46514475903396
ARM,2022,4.08174595925594
ARM,2023,5.50629814850566
ARM,2024,5.48174920349075
AUS,2010,1.85259869583961
AUS,2011,1.75526613878209
AUS,2012,1.67028165223311
AUS,2013,1.63819651223089
AUS,2014,1.77241725032578
AUS,2015,1.95232628501993
AUS,2016,2.0896214779767
AUS,2017,2.00509517581937
AUS,2018,1.89562007676709
AUS,2019,1.88000240626833
AUS,2020,2.00738622102391
AUS,2021,1.97847691589702
AUS,2022,1.88329708969124
AUS,2023,1.86157133456052
AUS,2024,1.8837883329175
AUT,2010,0.826388366920392
AUT,2011,0.795931958980622
AUT,2012,0.783538525853244
AUT,2013,0.757180192579996
AUT,2014,0.75464957585912
AUT,2015,0.702576919833039
AUT,2016,0.73372291194157
AUT,2017,0.761540652203723
AUT,2018,0.748993468286285
AUT,2019,0.753133437614439
AUT,2020,0.885811629497475
AUT,2021,0.873515488270759
AUT,2022,0.766706008326772
AUT,2023,0.870829952423219
AUT,2024,0.999843177036641
AZE,2010,2.79100435652891
AZE,2011,4.67013555547022
AZE,2012,4.65861825196324
AZE,2013,4.54092330961466
AZE,2014,4.55501312398224
AZE,2015,5.46487679293858
AZE,2016,3.68852730317814
AZE,2017,3.75630173249661
AZE,2018,3.54929331269041
AZE,2019,3.8490186357853
AZE,2020,5.24152602506817
AZE,2021,4.93051740712765
AZE,2022,3.79537025080483
AZE,2023,4.92241403839666
AZE,2024,4.99292395978321
BDI,2012,2.5271777075949
BDI,2013,2.4824131147541
BDI,2014,2.29794559090695
BDI,2015,2.13131991459474
BDI,2016,2.2431638636818
BDI,2017,2.00270990259373
BDI,2018,2.14941956621913
BDI,2019,2.8078168112503
BDI,2020,2.18591328366483
BDI,2021,2.04300976329884
BDI,2022,2.59858091417074
BDI,2023,3.4315771103264
BDI,2024,3.80127919699841
BEL,2010,1.09018110220613
BEL,2011,1.04450113453523
BEL,2012,1.0370296665755
BEL,2013,1.0045200869807
BEL,2014,0.966272329768275
BEL,2015,0.911829965009217
BEL,2016,0.898085290562566
BEL,2017,0.886837200658898
BEL,2018,0.892442476666613
BEL,2019,0.887004950933882
BEL,2020,1.00592796693225
BEL,2021,1.04263994220028
BEL,2022,1.16246551287247
BEL,2023,1.18422875211757
BEL,2024,1.2770531266155
BEN,2012,0.702056157787745
BEN,2013,0.687239683496254
BEN,2014,0.700924948797968
BEN,2015,0.798485297889781
BEN,2016,0.673596727016815
BEN,2017,0.920613124425981
BEN,2018,0.6328575401476
BEN,2019,0.473313905552082
BEN,2020,0.458762015150415
BEN,2021,0.550883648806243
BEN,2022,0.632087491743063
BEN,2023,0.757551382919002
BEN,2024,0.720549619940377
BFA,2010,1.22478599330692
BFA,2011,1.15090587793045
BFA,2012,1.17602847916222
BFA,2013,1.23609025726906
BFA,2014,1.27234195224905
BFA,2015,1.25078088033268
BFA,2016,1.16533335437179
BFA,2017,1.36362970468668
BFA,2018,1.92538455062898
BFA,2019,2.2125520849195
BFA,2020,2.1142418147419
BFA,2021,2.33362863136249
BFA,2022,2.98161566942536
BFA,2023,4.0787117239204
BFA,2024,4.67973196943363
BGD,2010,1.18438401700177
BGD,2011,1.21766894947597
BGD,2012,1.18089723364654
BGD,2013,1.11372942922328
BGD,2014,1.1364432719278
BGD,2015,1.20851710681525
BGD,2016,1.22590049912782
BGD,2017,1.12758125325097
BGD,2018,1.15395749092166
BGD,2019,1.24410082330294
BGD,2020,1.24468950875224
BGD,2021,1.16873060016575
BGD,2022,0.990983394484057
BGD,2023,0.919471499049507
BGD,2024,0.941321120606305
BGR,2010,1.64246152423714
BGR,2011,1.31400025609446
BGR,2012,1.32981896505284
BGR,2013,1.45404283053363
BGR,2014,1.30960223173333
BGR,2015,1.24593360652028
BGR,2016,1.24384580804927
BGR,2017,1.22220854798635
BGR,2018,1.45106212373153
BGR,2019,3.14495072906354
BGR,2020,1.58561827051115
BGR,2021,1.5107237100085
BGR,2022,1.58707500372134
BGR,2023,1.94458310651254
BGR,2024,2.14947328244853
BHR,2010,3.27782374844849
BHR,2011,3.59149722735675
BHR,2012,3.8444905725653
BHR,2013,4.14139762975071
BHR,2014,4.41851202803887
BHR,2015,4.6441113490364
BHR,2016,4.67063531353135
BHR,2017,4.32073774179037
BHR,2018,4.04108625299001
BHR,2019,4.02986101554975
BHR,2020,4.05746865109248
BHR,2021,3.51979682208909
BHR,2022,3.42339334548769
BHR,2023,3.52083573819693
BHR,2024,2.8946654057963
BIH,2010,1.28034144398166
BIH,2011,1.13643026444417
BIH,2012,1.14557192089501
BIH,2013,1.08705579799922
BIH,2014,1.02582688734534
BIH,2015,0.988857622509173
BIH,2016,0.922772270069199
BIH,2017,0.852593562264982
BIH,2018,0.84004735664614
BIH,2019,0.807324224885322
BIH,2020,0.827298283159884
BIH,2021,0.886133600491203
BIH,2022,0.752028730749218
BIH,2023,0.717630060649091
BIH,2024,0.747079920408854
BLR,2010,1.3413834329232
BLR,2011,1.22449510976582
BLR,2012,1.22921872178113
BLR,2013,1.27079665150066
BLR,2014,1.04232763587955
BLR,2015,1.13806602416355
BLR,2016,1.52328091923032
BLR,2017,1.37200444073753
BLR,2018,1.53799428873681
BLR,2019,1.39642297566801
BLR,2020,1.40325859867166
BLR,2021,1.36528926554311
BLR,2022,1.64869313490861
BLR,2023,2.02344784419461
BLR,2024,2.07364910790144
BLZ,2010,0.876347006335822
BLZ,2011,0.842255994312455
BLZ,2012,0.796165416080834
BLZ,2013,0.874010589302631
BLZ,2014,0.931313121713426
BLZ,2015,0.892830505973699
BLZ,2016,0.96275814780823
BLZ,2017,1.01066786730984
BLZ,2018,1.01132122816519
BLZ,2019,1.01662701573035
BLZ,2020,1.26623781790202
BLZ,2021,1.0975102664713
BLZ,2022,0.979173785897568
BLZ,2023,0.992933768484191
BLZ,2024,0.898885869151742
BOL,2010,2.78500726887326
BOL,2011,1.68412265690433
BOL,2012,1.84560643919497
BOL,2013,1.84124031434345
BOL,2014,1.89691504477836
BOL,2015,1.75943591545975
BOL,2016,1.53046784866919
BOL,2017,1.53642735273655
BOL,2018,1.49690260690782
BOL,2019,1.45127092717043
BOL,2020,1.39204744468967
BOL,2021,1.32579943750687
BOL,2022,0.973250888476219
BOL,2023,1.30430837360161
BOL,2024,1.37066364312669
BRA,2010,1.53940698128362
BRA,2011,1.41185115924524
BRA,2012,1.37865646470437
BRA,2013,1.32944608382557
BRA,2014,1.330244423168
BRA,2015,1.36551715396161
BRA,2016,1.34797541299482
BRA,2017,1.41402166797586
BRA,2018,1.46967772350671
BRA,2019,1.38279724638797
BRA,2020,1.32666026860555
BRA,2021,1.14903763026142
BRA,2022,1.05240083845945
BRA,2023,1.00237538990131
BRA,2024,0.972774559040702
BRN,2010,2.85048790060089
BRN,2011,2.24224141990167
BRN,2012,2.15903448896045
BRN,2013,2.27750759504916
BRN,2014,3.08686095781185
BRN,2015,3.27929046083748
BRN,2016,3.53938463904119
BRN,2017,2.86512850957169
BRN,2018,2.63661248533021
BRN,2019,3.07858724948281
BRN,2020,3.63429176862407
BRN,2021,3.23636748209722
BRN,2022,2.61193002463948
BRN,2023,2.97601749693804
BRN,2024,3.57781609529419
BWA,2010,2.75907988033428
BWA,2011,2.40443003238577
BWA,2012,2.34377212582193
BWA,2013,2.1471710497407
BWA,2014,2.21199714449013
BWA,2015,2.82519449903662
BWA,2016,3.41066258273304
BWA,2017,3.24857919499091
BWA,2018,2.92475944543875
BWA,2019,3.08122244554008
BWA,2020,3.33478768726661
BWA,2021,3.04556932426419
BWA,2022,2.51778285669486
BWA,2023,2.45625898216649
BWA,2024,2.83392800595041
CAF,2010,2.40996017514635
CAF,2011,2.04840124780659
CAF,2012,1.70284520206217
CAF,2013,2.83390827023391
CAF,2014,2.02965439546462
CAF,2015,1.57531677890907
CAF,2016,1.47163796004867
CAF,2017,1.34269739488284
CAF,2018,1.33998903358031
CAF,2019,1.78989988276583
CAF,2020,1.8589727247233
CAF,2021,2.14924843936704
CAF,2022,1.71086224316852
CAF,2023,2.37720659578149
CAF,2024,2.51969119903231
CAN,2010,1.19433833839121
CAN,2011,1.19329189549638
CAN,2012,1.11840459807104
CAN,2013,1.00236720047397
CAN,2014,0.989925299438869
CAN,2015,1.15270937445521
CAN,2016,1.16416156719089
CAN,2017,1.35189646465708
CAN,2018,1.3176781061648
CAN,2019,1.28451224366918
CAN,2020,1.39399340787119
CAN,2021,1.25420081409628
CAN,2022,1.16713259486345
CAN,2023,1.25316567875902
CAN,2024,1.31303419578919
CHE,2010,0.687220165933277
CHE,2011,0.694782257657599
CHE,2012,0.669001710434324
CHE,2013,0.712636242390875
CHE,2014,0.634898338463689
CHE,2015,0.651341082840214
CHE,2016,0.664750475412517
CHE,2017,0.66568455676088
CHE,2018,0.652876569793988
CHE,2019,0.696324324760463
CHE,2020,0.772558973227674
CHE,2021,0.67289247365512
CHE,2022,0.682061302644033
CHE,2023,0.705659021596424
CHE,2024,0.717812077671144
CHL,2010,2.25424093293149
CHL,2011,2.26361278130337
CHL,2012,2.04588028294284
CHL,2013,1.99462247217943
CHL,2014,1.9671068502734
CHL,2015,1.9096233898132
CHL,2016,1.92415844717468
CHL,2017,1.94059250989466
CHL,2018,1.87761395069212
CHL,2019,1.86471710953666
CHL,2020,2.06553058219768
CHL,2021,1.6474241515743
CHL,2022,1.54099069337002
CHL,2023,1.63026388670906
CHL,2024,1.57780388625485
CHN,2010,1.73351986212832
CHN,2011,1.65908251595704
CHN,2012,1.70094267160117
CHN,2013,1.7143409229625
CHN,2014,1.73840928794394
CHN,2015,1.77677106896806
CHN,2016,1.7688865902507
CHN,2017,1.71124264388853
CHN,2018,1.67357820944542
CHN,2019,1.68291101151296
CHN,2020,1.75669947098837
CHN,2021,1.60525971842503
CHN,2022,1.63053389156959
CHN,2023,1.66484889659813
CHN,2024,1.71129740345228
CIV,2010,1.12710510056221
CIV,2011,1.00705786228658
CIV,2012,1.10066387533087
CIV,2013,0.995019119922897
CIV,2014,1.0677761217949
CIV,2015,1.24391728133935
CIV,2016,1.24585910179804
CIV,2017,0.965894036488091
CIV,2018,1.03921408235247
CIV,2019,0.887657865631757
CIV,2020,0.963119470642636
CIV,2021,0.876213826792915
CIV,2022,0.865226904910508
CIV,2023,0.864878467778842
CIV,2024,0.762358993041457
CMR,2010,1.28837517696819
CMR,2011,1.13588889236589
CMR,2012,1.17534857560788
CMR,2013,1.16504114303499
CMR,2014,1.10497962306915
CMR,2015,1.09889864309409
CMR,2016,1.14642434992604
CMR,2017,1.13837382188187
CMR,2018,1.07600981816736
CMR,2019,1.06457837839838
CMR,2020,0.96440732254506
CMR,2021,0.985208787517684
CMR,2022,0.939352946747924
CMR,2023,0.926490469517272
CMR,2024,1.00912763032385
COD,2010,0.821258594589643
COD,2011,0.904759163497381
COD,2012,1.10722925521469
COD,2013,1.07353188499408
COD,2014,0.88969520971371
COD,2015,1.22338305167721
COD,2016,1.02563437176754
COD,2017,0.74157072807359
COD,2018,0.61234655603641
COD,2019,0.694017431863738
COD,2020,0.729735329108429
COD,2021,0.533178814847647
COD,2022,0.567707215239695
COD,2023,1.11885996027452
COD,2024,1.22855267131451
COG,2010,1.6625904477394
COG,2013,2.04447551898046
COG,2014,3.94035726748698
COG,2016,4.59480614297478
COG,2017,3.17813469269901
COG,2018,1.97928115025179
COG,2019,2.14627657925685
COG,2020,2.60118726630221
COG,2021,2.34034890602655
COG,2022,1.90798488893194
COG,2023,1.97625641072141
COG,2024,1.18596121569308
COL,2010,3.63691504613462
COL,2011,3.07710698956258
COL,2012,3.15600586340429
COL,2013,3.27226285651869
COL,2014,3.10825884811044
COL,2015,3.10996008410671
COL,2016,3.07113102611539
COL,2017,3.20809672439436
COL,2018,3.0332327385044
COL,2019,3.14565669372153
COL,2020,3.53440413219336
COL,2021,3.1957582534691
COL,2022,2.79798282722927
COL,2023,2.96545217971359
COL,2024,3.35903368303836
CPV,2010,0.451425943343675
CPV,2011,0.476996486976338
CPV,2012,0.506009716198007
CPV,2013,0.48366416567439
CPV,2014,0.492596173932618
CPV,2015,0.510089039086437
CPV,2016,0.550048040403016
CPV,2017,0.470518534467026
CPV,2018,0.485896540748011
CPV,2019,0.431864983823163
CPV,2020,0.618818770532046
CPV,2021,0.546659834120196
CPV,2022,0.456081005090828
CPV,2023,0.566494134671967
CPV,2024,0.623903407592831
CUB,2010,3.32685611242383
CUB,2011,3.08450500072474
CUB,2012,3.93759997812444
CUB,2013,3.51272878104423
CUB,2014,3.53600476096013
CUB,2015,3.08379144526184
CUB,2016,3.07218792501319
CUB,2017,2.87240323946139
CUB,2018,2.87620737245072
CYP,2010,1.85292455056688
CYP,2011,1.73783209097559
CYP,2012,1.65475170209627
CYP,2013,1.60700908951525
CYP,2014,1.54260195978916
CYP,2015,1.64766762744388
CYP,2016,1.40455761221209
CYP,2017,1.56810293907547
CYP,2018,1.74983319036456
CYP,2019,1.76959353705638
CYP,2020,1.89553437845021
CYP,2021,1.78406744246115
CYP,2022,1.72118847605333
CYP,2023,1.6506068333336
CYP,2024,1.64735214954921
CZE,2010,1.18289778802227
CZE,2011,1.06914296806992
CZE,2012,1.05560770651415
CZE,2013,1.00870446252121
CZE,2014,0.959115722257081
CZE,2015,0.941202924537164
CZE,2016,0.986634400365061
CZE,2017,0.943984411925526
CZE,2018,1.07552668819544
CZE,2019,1.13323967641325
CZE,2020,1.295406324775
CZE,2021,1.35325325729994
CZE,2022,1.32690210545667
CZE,2023,1.47176821017418
CZE,2024,1.91680849222604
DEU,2010,1.24181027958074
DEU,2011,1.18233731589884
DEU,2012,1.21725965761789
DEU,2013,1.16213791467872
DEU,2014,1.12769949450115
DEU,2015,1.11541840455009
DEU,2016,1.12912506140277
DEU,2017,1.13126090102098
DEU,2018,1.14814145777047
DEU,2019,1.24014846331417
DEU,2020,1.35598993512329
DEU,2021,1.29982374349238
DEU,2022,1.35030514561756
DEU,2023,1.48796332620564
DEU,2024,1.89190377205494
DNK,2010,1.39710181036952
DNK,2011,1.3123392890178
DNK,2012,1.35329314051826
DNK,2013,1.22352490397164
DNK,2014,1.1497978040996
DNK,2015,1.11481302624419
DNK,2016,1.15107146564238
DNK,2017,1.1399854112558
DNK,2018,1.28310489294024
DNK,2019,1.29920660644454
DNK,2020,1.37376885314973
DNK,2021,1.29155763565745
DNK,2022,1.36156457421085
DNK,2023,1.99961332917573
DNK,2024,2.41617454160591
DOM,2010,0.6675317048534
DOM,2011,0.602928060143009
DOM,2012,0.653151461976632
DOM,2013,0.611824773045351
DOM,2014,0.651437855543241
DOM,2015,0.643674978238558
DOM,2016,0.63403055291349
DOM,2017,0.6660634439633
DOM,2018,0.693991110098086
DOM,2019,0.689583054746984
DOM,2020,0.746231922011371
DOM,2021,0.647239948925026
DOM,2022,0.679073001629194
DOM,2023,0.779308679345321
DOM,2024,0.782420068931067
DZA,2010,3.18998154667367
DZA,2011,3.9628827473348
DZA,2012,4.10589825804389
DZA,2013,4.42382453876042
DZA,2014,4.96487829782902
DZA,2015,5.55074215961894
DZA,2016,5.65271835420787
DZA,2017,5.30711492252911
DZA,2018,4.92992700311609
DZA,2019,5.32695853750995
DZA,2020,5.88614822110901
DZA,2021,4.89003270596997
DZA,2022,4.05748811460294
DZA,2023,7.39039327356489
DZA,2024,7.97145723551219
ECU,2010,3.07257396611835
ECU,2011,3.10647440690889
ECU,2012,2.95181465866835
ECU,2013,2.83298697009902
ECU,2014,2.71279094772759
ECU,2015,2.6720726618256
ECU,2016,2.57311675623471
ECU,2017,2.35738419773924
ECU,2018,2.37199911152844
ECU,2019,2.18038189769994
ECU,2020,2.45792351121034
ECU,2021,2.24210709535338
ECU,2022,2.21851529975547
ECU,2023,2.2651385614971
ECU,2024,2.22194770434425
EGY,2010,1.95296705174529
EGY,2011,1.83702551137618
EGY,2012,1.64817579267929
EGY,2013,1.61005697699419
EGY,2014,1.68969483568075
EGY,2015,1.72314742829085
EGY,2016,1.66660515243227
EGY,2017,1.42203170028818
EGY,2018,1.24996619642133
EGY,2019,1.18097179684711
EGY,2020,1.12247550332399
EGY,2021,1.12200927143154
EGY,2022,1.01475596559521
EGY,2023,0.808918707093165
EGY,2024,0.665263620234986
ESP,2010,1.3816644927099
ESP,2011,1.32573618168037
ESP,2012,1.41695174735802
ESP,2013,1.26618872678062
ESP,2014,1.24625944103127
ESP,2015,1.25969265356283
ESP,2016,1.12848106845526
ESP,2017,1.22211082849583
ESP,2018,1.24562475871831
ESP,2019,1.22464525288942
ESP,2020,1.35429599703865
ESP,2021,1.33768901652321
ESP,2022,1.4055469125943
ESP,2023,1.4715775760116
ESP,2024,1.43210737406914
EST,2010,1.70034915217706
EST,2011,1.67245488569073
EST,2012,1.87984897526434
EST,2013,1.88381591331462
EST,2014,1.89535477779564
EST,2015,1.98944501754528
EST,2016,2.02803563355143
EST,2017,1.96988670547821
EST,2018,1.97061311743188
EST,2019,1.99845018670744
EST,2020,2.26136428332919
EST,2021,2.01231933389152
EST,2022,2.13485210963824
EST,2023,2.99572297522503
EST,2024,3.37400221824601
ETH,2010,1.15394252706819
ETH,2011,1.09070647415251
ETH,2012,0.868361507077892
ETH,2013,0.806417193723534
ETH,2014,0.768407756190907
ETH,2015,0.70541465068261
ETH,2016,0.683567210395797
ETH,2017,0.675310715716932
ETH,2018,0.645850962685811
ETH,2019,0.579949536835092
ETH,2020,0.780754838260967
ETH,2021,1.60917093329444
ETH,2022,1.50594072756186
ETH,2023,0.882490047359025
ETH,2024,0.650506448320295
FIN,2010,1.49172644486325
FIN,2011,1.49199362525613
FIN,2012,1.53160526604717
FIN,2013,1.54007184381097
FIN,2014,1.45927959000267
FIN,2015,1.45819060668341
FIN,2016,1.43150516649128
FIN,2017,1.36088933984851
FIN,2018,1.37168236993597
FIN,2019,1.36132283517387
FIN,2020,1.43578115547809
FIN,2021,1.30243925969996
FIN,2022,1.58854518946055
FIN,2023,2.0075369530221
FIN,2024,2.29979173712597
FJI,2010,1.60512894075313
FJI,2011,1.61040391811109
FJI,2012,1.49096169403815
FJI,2013,1.38677744785356
FJI,2014,1.53977309916003
FJI,2015,0.910147310120732
FJI,2016,1.10379290217157
FJI,2017,1.4048380780238
FJI,2018,1.45588315236828
FJI,2019,1.44512747814401
FJI,2020,1.60530458182017
FJI,2021,1.59594278733602
FJI,2022,1.36090769946015
FJI,2023,1.33351782363525
FJI,2024,1.3128793789726
FRA,2010,1.96864375039496
FRA,2011,1.88794614981494
FRA,2012,1.87154409463222
FRA,2013,1.84711648361859
FRA,2014,1.85952906556899
FRA,2015,1.86973268204402
FRA,2016,1.85171809616119
FRA,2017,1.8523088187904
FRA,2018,1.84604257144589
FRA,2019,1.85288520696513
FRA,2020,2.02167455284232
FRA,2021,1.98022225807935
FRA,2022,1.95772067476703
FRA,2023,1.95099683800051
FRA,2024,2.05257687860637
GAB,2010,1.87162256589575
GAB,2011,1.46243422997043
GAB,2012,1.61980464787095
GAB,2013,1.60404717948982
GAB,2014,1.14481839629997
GAB,2015,1.18502560854907
GAB,2016,1.44754580418175
GAB,2017,1.81138276957815
GAB,2018,1.55363446931116
GAB,2019,1.58168890147569
GAB,2020,1.71695248466736
GAB,2021,1.60218113320742
GAB,2022,1.3582460776711
GAB,2023,1.32324399735374
GAB,2024,1.538206793748
GBR,2010,2.56799960467203
GBR,2011,2.49903987829525
GBR,2012,2.41781748358099
GBR,2013,2.29232047399432
GBR,2014,2.18448549185402
GBR,2015,2.04890800410498
GBR,2016,1.98449096820719
GBR,2017,1.95002885979327
GBR,2018,1.94455569473457
GBR,2019,1.98525373099586
GBR,2020,2.16304030547387
GBR,2021,2.07241748249759
GBR,2022,2.05691855462534
GBR,2023,2.23063973904322
GBR,2024,2.2786177901127
GEO,2010,3.65484993224496
GEO,2011,3.0291791684272
GEO,2012,2.91212426772649
GEO,2013,2.52250044602568
GEO,2014,2.31346741070778
GEO,2015,1.96739841458037
GEO,2016,2.04079266789767
GEO,2017,1.942197699613
GEO,2018,1.86470954721815
GEO,2019,1.75963279056275
GEO,2020,1.78655575876457
GEO,2021,1.59240624613036
GEO,2022,1.60787681983081
GEO,2023,1.65864808405362
GEO,2024,1.86402941794564
GHA,2010,0.282687655236928
GHA,2011,0.43515452267479
GHA,2012,0.593208552483374
GHA,2013,0.400294579040699
GHA,2014,0.484989051455069
GHA,2015,0.392915126090548
GHA,2016,0.291412454265461
GHA,2017,0.312701278609545
GHA,2018,0.32587623925291
GHA,2019,0.343818178617089
GHA,2020,0.350949233772808
GHA,2021,0.382741906430833
GHA,2022,0.337946355940024
GHA,2023,0.398080247565807
GHA,2024,0.383994182354107
GIN,2012,2.24508735704069
GIN,2013,2.38618429535759
GIN,2014,2.27643791059905
GIN,2015,2.5177315199509
GIN,2016,1.88200742269539
GIN,2017,1.76492717450729
GIN,2018,1.67017173427376
GIN,2019,1.47320213579399
GIN,2020,1.46963829052972
GIN,2021,1.54641182201592
GIN,2022,2.18865717393084
GIN,2023,2.13309701622161
GIN,2024,2.05370337042453
GMB,2012,0.792325301857297
GMB,2013,0.754494266076443
GMB,2014,1.18750912674762
GMB,2015,1.00885846696253
GMB,2018,0.68699671133711
GMB,2019,0.797324578818787
GMB,2020,0.816569761733964
GMB,2021,0.775165384461361
GMB,2022,0.705923163360025
GMB,2023,0.581008845800962
GMB,2024,0.574440350261863
GNB,2010,1.82387957578709
GNB,2011,1.51613050510836
GNB,2012,2.33372193259001
GNB,2013,1.9570423918299
GNB,2014,1.89380436110046
GNB,2015,1.47900420224188
GNB,2016,1.26454587592398
GNB,2017,1.30856549036791
GNB,2018,1.37872156165153
GNB,2019,1.49375034588535
GNB,2020,1.51874963824343
GNB,2021,1.46036445301284
GNB,2022,1.39829187831807
GNB,2023,1.2348847572106
GNQ,2014,0.766177996343115
GNQ,2015,1.04143202034015
GNQ,2016,1.23948977462594
GNQ,2017,1.12893709401034
GNQ,2018,1.14208303034219
GNQ,2019,1.30805287179895
GNQ,2020,1.64082995887433
GNQ,2021,1.34533764165546
GNQ,2022,1.3031878031878
GNQ,2023,1.51867240610434
GNQ,2024,0.982185856511218
GRC,2010,2.75678087939637
GRC,2011,2.52021146748907
GRC,2012,2.47639628901893
GRC,2013,2.39130807647224
GRC,2014,2.36784026258467
GRC,2015,2.47743424261411
GRC,2016,2.57279833754101
GRC,2017,2.556623889921
GRC,2018,2.70054108209766
GRC,2019,2.59648367110305
GRC,2020,3.02310765728834
GRC,2021,3.80247367841764
GRC,2022,4.00035246143373
GRC,2023,2.88325472633445
GRC,2024,3.12797536550149
GTM,2010,0.441382604389834
GTM,2011,0.459619447723005
GTM,2012,0.475870730886697
GTM,2013,0.471272593167646
GTM,2014,0.424656428368739
GTM,2015,0.405967931287061
GTM,2016,0.440496512523365
GTM,2017,0.383850245049506
GTM,2018,0.372491637911365
GTM,2019,0.430070763358893
GTM,2020,0.440993296513657
GTM,2021,0.390634304160435
GTM,2022,0.461665961921935
GTM,2023,0.41898209578954
GTM,2024,0.367622067360881
GUY,2010,0.905210395614708
GUY,2011,0.878175345601621
GUY,2012,0.825543220373685
GUY,2013,0.843693300095089
GUY,2014,0.951652170035393
GUY,2015,1.08486547097887
GUY,2016,1.15412827584568
GUY,2017,1.25334268912328
GUY,2018,1.29081562879598
GUY,2019,1.29961278504611
GUY,2020,1.40257741131547
GUY,2021,0.954930861063661
GUY,2022,0.601394233025198
GUY,2023,0.640353101540134
GUY,2024,0.868162254451279
HND,2010,1.07445720815541
HND,2011,1.13130910330426
HND,2012,1.13179437578958
HND,2013,1.3795353155606
HND,2014,1.19271597688079
HND,2015,1.35173104039659
HND,2016,1.53155567439147
HND,2017,1.58983296006831
HND,2018,1.48969667029328
HND,2019,1.57817708956802
HND,2020,1.4667972724004
HND,2021,1.49821773541885
HND,2022,1.46557698015697
HND,2023,1.52388630538342
HND,2024,1.57536270602411
HRV,2010,1.66618616230333
HRV,2011,1.73660237614066
HRV,2012,1.65593775106979
HRV,2013,1.60780875391152
HRV,2014,1.80811715937665
HRV,2015,1.7487025038306
HRV,2016,1.58922538500355
HRV,2017,1.63316629446653
HRV,2018,1.54234055565076
HRV,2019,1.6036107424916
HRV,2020,1.69659501985338
HRV,2021,1.97150113166485
HRV,2022,1.80285265162096
HRV,2023,1.70663158780592
HRV,2024,1.79323424509814
HTI,2013,0.0303030932089833
HTI,2014,0.0355624820363801
HTI,2015,0.0399858125348653
HTI,2016,0.0492315360368918
HTI,2017,0.04364592592778
HTI,2018,0.0611986488105247
HTI,2019,0.0859315095445588
HTI,2020,0.103094179098955
HTI,2021,0.153942307239608
HTI,2022,0.0687408576027912
HTI,2023,0.0540804620761845
HTI,2024,0.068443100204951
HUN,2010,1.02413363369774
HUN,2011,1.03876980779352
HUN,2012,1.0292472545828
HUN,2013,0.943669886878651
HUN,2014,0.857233093600132
HUN,2015,0.904216708106145
HUN,2016,0.999116487545317
HUN,2017,1.19169678184034
HUN,2018,1.00220452852258
HUN,2019,1.32782522734016
HUN,2020,1.74628152413286
HUN,2021,1.31520993597457
HUN,2022,1.83314817173654
HUN,2023,2.04951096796972
HUN,2024,2.15630980446665
IDN,2010,0.617587091951932
IDN,2011,0.653776702606807
IDN,2012,0.711549473406383
IDN,2013,0.918769839183066
IDN,2014,0.777855178232831
IDN,2015,0.882266734481239
IDN,2016,0.792220213496852
IDN,2017,0.865191376221992
IDN,2018,0.718928190476345
IDN,2019,0.728563743551525
IDN,2020,0.886277728854897
IDN,2021,0.741525844917975
IDN,2022,0.76801260357697
IDN,2023,0.821108120466812
IDN,2024,0.779216788275608
IND,2010,2.88946327164641
IND,2011,2.70448222276966
IND,2012,2.61816634758562
IND,2013,2.5488248901417
IND,2014,2.54398176462257
IND,2015,2.45745006060163
IND,2016,2.54315152114541
IND,2017,2.53151136056791
IND,2018,2.42428452604417
IND,2019,2.5459982314359
IND,2020,2.80361581112679
IND,2021,2.46874153034185
IND,2022,2.38309809835882
IND,2023,2.35679426678262
IND,2024,2.2712033218142
IRL,2010,0.574574154033988
IRL,2011,0.539508228229788
IRL,2012,0.509289132793347
IRL,2013,0.49161342312128
IRL,2014,0.447668415911946
IRL,2015,0.329854616599638
IRL,2016,0.327907586700795
IRL,2017,0.296120745416758
IRL,2018,0.280112255033866
IRL,2019,0.273293508559262
IRL,2020,0.262684777602834
IRL,2021,0.238637692712824
IRL,2022,0.212502380914468
IRL,2023,0.230374711003044
IRL,2024,0.239096332495524
IRN,2010,2.7865480606164
IRN,2011,2.38163454250427
IRN,2012,2.68660846849974
IRN,2013,2.18077190909837
IRN,2014,2.11655706144949
IRN,2015,2.55709080686915
IRN,2016,2.79643556281004
IRN,2017,2.8443384495596
IRN,2018,2.35629488324383
IRN,2019,2.14694745014838
IRN,2020,2.17701027609522
IRN,2021,2.22394282528392
IRN,2022,2.11062130699384
IRN,2023,2.35179187276968
IRN,2024,2.01043175751636
IRQ,2010,2.70935227972459
IRQ,2011,2.30344021962536
IRQ,2012,1.89956836613945
IRQ,2013,3.31583096149399
IRQ,2014,2.9506139914123
IRQ,2015,5.41292532011925
IRQ,2016,3.55013476903527
IRQ,2017,3.90898492056515
IRQ,2018,2.75172485497662
IRQ,2019,3.23719485045446
IRQ,2020,3.11217889939661
IRQ,2021,2.26111174702371
IRQ,2022,1.64001134527485
IRQ,2023,2.26269486919183
IRQ,2024,2.35714058035714
ISR,2010,5.78907528727422
ISR,2011,5.63236402188698
ISR,2012,5.51022054656508
ISR,2013,5.44373442389891
ISR,2014,5.63057461102748
ISR,2015,5.42297442402595
ISR,2016,5.41748768749926
ISR,2017,5.42682730712043
ISR,2018,5.28819717558874
ISR,2019,5.07212719116893
ISR,2020,5.27626408809404
ISR,2021,4.9349458892043
ISR,2022,4.43301220057923
ISR,2023,5.38479973351622
ISR,2024,8.77671668977531
ITA,2010,1.49431312454622
ITA,2011,1.46829220552997
ITA,2012,1.41946238544527
ITA,2013,1.39167747666985
ITA,2014,1.27633070266495
ITA,2015,1.20247316488401
ITA,2016,1.32773387933426
ITA,2017,1.35122350161336
ITA,2018,1.35443317948295
ITA,2019,1.30611671363832
ITA,2020,1.72984958969454
ITA,2021,1.66286387777873
ITA,2022,1.65164252620196
ITA,2023,1.60646040928357
ITA,2024,1.60924561245844
JAM,2010,0.874179484221201
JAM,2011,0.925165752936644
JAM,2012,0.929536056664277
JAM,2013,0.898967963739861
JAM,2014,0.872784216786518
JAM,2015,0.872353476007681
JAM,2016,0.954831298098327
JAM,2017,0.973433068165328
JAM,2018,1.33284679598136
JAM,2019,1.68152578167608
JAM,2020,1.70647069948671
JAM,2021,1.46676867767402
JAM,2022,1.2899994472516
JAM,2023,1.18599590352408
JAM,2024,1.27385736005958
JOR,2010,5.74149982771799
JOR,2011,5.40164163067694
JOR,2012,4.65572090662121
JOR,2013,4.19373981956594
JOR,2014,4.20345261907888
JOR,2015,4.1851629472753
JOR,2016,4.43550630070496
JOR,2017,4.6843537414966
JOR,2018,4.56009087117148
JOR,2019,4.56623750321627
JOR,2020,4.70457117239125
JOR,2021,4.70182146525246
JOR,2022,4.798376906378
JOR,2023,4.81224565580192
JOR,2024,4.80018703722722
JPN,2010,0.94903257605427
JPN,2011,0.974823565427991
JPN,2012,0.956761841659896
JPN,2013,0.940538501428935
JPN,2014,0.957800914762225
JPN,2015,0.947283532698529
JPN,2016,0.929516775505971
JPN,2017,0.913229479099801
JPN,2018,0.962497363778907
JPN,2019,0.992231472747577
JPN,2020,1.01676127140466
JPN,2021,1.06384050244526
JPN,2022,1.00994395391657
JPN,2023,1.13954641785041
JPN,2024,1.37139689580634
KAZ,2010,1.01441556484772
KAZ,2011,0.93651358475802
KAZ,2012,1.04690637071706
KAZ,2013,1.07808460394627
KAZ,2014,1.0416921334727
KAZ,2015,1.1097215472116
KAZ,2016,0.933551765285713
KAZ,2017,0.831894968007788
KAZ,2018,0.835625758457601
KAZ,2019,1.02091636689134
KAZ,2020,0.907188676192723
KAZ,2021,0.819281683646492
KAZ,2022,0.517435849596282
KAZ,2023,0.440775673081948
KAZ,2024,0.42842846956594
KEN,2010,1.3699852575929
KEN,2011,1.37974304585955
KEN,2012,1.48957729008126
KEN,2013,1.39539650803677
KEN,2014,1.19943336712808
KEN,2015,1.20316940776845
KEN,2016,1.24730980077159
KEN,2017,1.23759400127025
KEN,2018,1.20738536752593
KEN,2019,1.1125711791299
KEN,2020,1.10843419595019
KEN,2021,1.07720025210221
KEN,2022,1.01020520038813
KEN,2023,0.975388127956637
KEN,2024,0.999546585264659
KGZ,2010,3.8461743536872
KGZ,2011,3.39883593465625
KGZ,2012,3.20725902845126
KGZ,2013,3.19620405364784
KGZ,2014,3.37589282594698
KGZ,2015,3.45165293268545
KGZ,2016,3.34401777586688
KGZ,2017,3.10489070193562
KGZ,2018,3.02854515463686
KGZ,2019,2.71068623481534
KGZ,2020,3.10718371407588
KGZ,2021,2.840273087853
KGZ,2022,2.90437000597407
KGZ,2023,3.45490593195541
KGZ,2024,2.96620373701758
KHM,2010,1.21559876300051
KHM,2011,1.1985526648033
KHM,2012,1.21900137646164
KHM,2013,1.22920405585317
KHM,2014,1.26114158531483
KHM,2015,1.34520463175237
KHM,2016,1.43955694700576
KHM,2017,1.56181647470424
KHM,2018,1.63716525982655
KHM,2019,1.62193704891153
KHM,2020,1.78010501633067
KHM,2021,1.70160776824328
KHM,2022,1.54188348947322
KHM,2023,1.5448976529505
KHM,2024,1.52066451977199
KOR,2010,2.36122792330691
KOR,2011,2.37114288990647
KOR,2012,2.39205949733254
KOR,2013,2.39128707318548
KOR,2014,2.41327231110109
KOR,2015,2.3763712275445
KOR,2016,2.3357998421426
KOR,2017,2.29813107276094
KOR,2018,2.36150967895845
KOR,2019,2.51931997944066
KOR,2020,2.64297706902012
KOR,2021,2.61904941244001
KOR,2022,2.57642560395009
KOR,2023,2.59925771052554
KOR,2024,2.56205259386748
KWT,2010,3.7561481418781
KWT,2011,3.50139726568748
KWT,2012,3.41374157981372
KWT,2013,3.27153182701652
KWT,2014,3.58561842128005
KWT,2015,5.0074693972269
KWT,2016,5.89351944288143
KWT,2017,5.60744536433338
KWT,2018,5.19085473728776
KWT,2019,5.32311669292361
KWT,2020,6.47217283542021
KWT,2021,6.35158136559629
KWT,2022,4.51075426849442
KWT,2023,4.76885841726812
KWT,2024,4.84093247384389
LAO,2010,0.204567128983702
LAO,2011,0.212126552452257
LAO,2012,0.199455064976167
LAO,2013,0.189895181780941
LBN,2010,4.12394687168443
LBN,2011,4.07375676942933
LBN,2012,3.99214379436289
LBN,2013,4.12908273269169
LBN,2014,4.71994151384666
LBN,2015,4.48517082491055
LBN,2016,5.09598055264963
LBN,2017,4.60339736802672
LBN,2018,5.05552097445632
LBN,2019,4.73938277788589
LBN,2020,3.02665836499332
LBN,2021,1.60905429967969
LBN,2022,1.39503764342103
LBN,2023,1.62409234575544
LBN,2024,2.58828538225203
LBR,2010,0.456866734486267
LBR,2011,0.535918803418803
LBR,2012,0.567439252336449
LBR,2013,0.496435611038108
LBR,2014,0.470258899676375
LBR,2015,0.478622250970246
LBR,2016,0.451842751842752
LBR,2017,0.4015507377296
LBR,2018,0.405300245098039
LBR,2019,0.418863636363636
LBR,2020,0.424794204807376
LBR,2021,0.847050441721288
LBR,2022,1.31348766985405
LBR,2023,1.42410022779043
LBR,2024,0.711206896551724
LBY,2012,3.74560382719202
LBY,2013,7.63933084825893
LBY,2014,15.4795763013832
LBY,2022,4.34666046441666
LBY,2023,5.28705130951195
LKA,2010,2.70074784039336
LKA,2011,2.68531865302989
LKA,2012,2.15519951243996
LKA,2013,2.15404824269909
LKA,2014,2.41264701190051
LKA,2015,2.41701116575955
LKA,2016,1.97935533284589
LKA,2017,1.97692843257215
LKA,2018,1.73469354853576
LKA,2019,1.75219928060225
LKA,2020,1.73988733298184
LKA,2021,1.71265688710699
LKA,2022,1.3433273089473
LKA,2023,1.64003079587098
LKA,2024,1.42539087177796
LSO,2010,3.16252874160214
LSO,2011,2.25552295756199
LSO,2012,2.14823978786685
LSO,2013,2.02653187465999
LSO,2014,1.95379607639772
LSO,2015,1.86575300076387
LSO,2016,1.96388842698486
LSO,2017,2.27081453102287
LSO,2018,1.99938292931215
LSO,2019,1.87540421655185
LSO,2020,1.88146803172144
LSO,2021,1.53556597959744
LSO,2022,1.47290152655986
LSO,2023,1.6252797841757
LSO,2024,1.56745014441231
LTU,2010,0.890423906680536
LTU,2011,0.797082443059276
LTU,2012,0.769173393857888
LTU,2013,0.766528272772994
LTU,2014,0.883731669079507
LTU,2015,1.13486085095513
LTU,2016,1.48013833220254
LTU,2017,1.71214117320754
LTU,2018,1.94787932963701
LTU,2019,1.98419011931355
LTU,2020,2.04915558023028
LTU,2021,1.94955292042791
LTU,2022,2.44457587877222
LTU,2023,2.71300052887971
LTU,2024,3.11817486440289
LUX,2010,0.441009496679635
LUX,2011,0.376775588804359
LUX,2012,0.358937251707305
LUX,2013,0.358492375793951
LUX,2014,0.366856825936978
LUX,2015,0.415571527949753
LUX,2016,0.378949157263331
LUX,2017,0.495110917223231
LUX,2018,0.500655642661875
LUX,2019,0.546198379988419
LUX,2020,0.578077082223964
LUX,2021,0.47124923612019
LUX,2022,0.625325775260002
LUX,2023,0.77317942181024
LUX,2024,0.962679157025622
LVA,2010,1.10611728003503
LVA,2011,1.1073762662641
LVA,2012,0.942934638140067
LVA,2013,0.972846248892055
LVA,2014,0.978038880665435
LVA,2015,1.07352247572393
LVA,2016,1.50174457900413
LVA,2017,1.65275736814609
LVA,2018,2.13473002218592
LVA,2019,2.09016802211357
LVA,2020,2.22759521686375
LVA,2021,2.15577987505149
LVA,2022,2.25461931057619
LVA,2023,2.97016956920808
LVA,2024,3.25799154535171
MAR,2010,3.39079610106242
MAR,2011,3.29749523520352
MAR,2012,3.46275007931538
MAR,2013,3.80578290120645
MAR,2014,3.39845864113579
MAR,2015,2.95999792230728
MAR,2016,2.98211832955753
MAR,2017,2.94588992031474
MAR,2018,2.90288871579444
MAR,2019,2.86579837978571
MAR,2020,3.97969764255599
MAR,2021,3.74975618124605
MAR,2022,3.81341286888659
MAR,2023,3.59263420161027
MAR,2024,3.51575374206256
MDA,2010,0.262879174562087
MDA,2011,0.272949600366091
MDA,2012,0.27407991661782
MDA,2013,0.281261545863777
MDA,2014,0.293185445408591
MDA,2015,0.295624500989931
MDA,2016,0.344191282076352
MDA,2017,0.324532007174344
MDA,2018,0.332323743240549
MDA,2019,0.362122379105516
MDA,2020,0.385463275729941
MDA,2021,0.370579924924369
MDA,2022,0.360059008856848
MDA,2023,0.570612660188445
MDA,2024,0.597780838491135
MDG,2010,0.570214687272478
MDG,2011,0.623191026336477
MDG,2012,0.592764957720632
MDG,2013,0.578559931839726
MDG,2014,0.556391260884791
MDG,2015,0.520469241195104
MDG,2016,0.501387044175783
MDG,2017,0.506222289767563
MDG,2018,0.532102174287315
MDG,2019,0.545343037675691
MDG,2020,0.673153896375499
MDG,2021,0.67886477563931
MDG,2022,0.653151211221591
MDG,2023,0.647758015406905
MDG,2024,0.708648145396825
MEX,2010,0.433229899207479
MEX,2011,0.447386999972132
MEX,2012,0.455502051174913
MEX,2013,0.48764287589738
MEX,2014,0.495321031372806
MEX,2015,0.45074282393045
MEX,2016,0.480046272445401
MEX,2017,0.424849155540147
MEX,2018,0.464611544931539
MEX,2019,0.509337628297564
MEX,2020,0.717690608258695
MEX,2021,0.659404192954647
MEX,2022,0.685819352028866
MEX,2023,0.660371879752505
MEX,2024,0.893257529320534
MKD,2010,1.38215461102863
MKD,2011,1.26218709982742
MKD,2012,1.22531966171625
MKD,2013,1.16943718855289
MKD,2014,1.09296080025624
MKD,2015,0.99342769175221
MKD,2016,0.970115977909212
MKD,2017,0.895041406541028
MKD,2018,0.943108732670231
MKD,2019,1.15911628553257
MKD,2020,1.24058656980426
MKD,2021,1.45370889108625
MKD,2022,1.58059754666542
MKD,2023,1.69322815512816
MKD,2024,2.10352863426818
MLI,2010,1.37456680820104
MLI,2011,1.2410333300729
MLI,2012,1.19640574526633
MLI,2013,1.16137913160626
MLI,2014,1.51593383195421
MLI,2015,2.36017445199795
MLI,2016,2.58613087357125
MLI,2017,3.02860111373814
MLI,2018,2.82359553728652
MLI,2019,2.75271658139503
MLI,2020,3.39955821425498
MLI,2021,3.38177520702573
MLI,2022,3.09091717190995
MLI,2023,3.77364142226059
MLI,2024,4.1981465701254
MLT,2010,0.646212685652893
MLT,2011,0.571705680644883
MLT,2012,0.519475728040563
MLT,2013,0.498340372182382
MLT,2014,0.476026297334065
MLT,2015,0.456932902032034
MLT,2016,0.496660141239844
MLT,2017,0.456702678272601
MLT,2018,0.414176632611117
MLT,2019,0.491258185670287
MLT,2020,0.527674290511624
MLT,2021,0.446085155562138
MLT,2022,0.411834981751042
MLT,2023,0.504866253628109
MLT,2024,0.451123319487248
MMR,2012,4.12480380212694
MMR,2013,4.11633459177026
MMR,2014,3.78953444074754
MMR,2015,4.30136045141842
MMR,2016,4.08929730356682
MMR,2017,3.64194876170774
MMR,2018,2.3597905591242
MMR,2019,2.18974000019248
MMR,2020,3.12332883859715
MMR,2021,4.07092298980473
MMR,2022,4.17058942838215
MMR,2023,3.75371612518577
MMR,2024,6.79452485229039
MNE,2010,1.81434774678489
MNE,2011,1.74896930267889
MNE,2012,1.65646177250839
MNE,2013,1.45226142609027
MNE,2014,1.47227234869517
MNE,2015,1.40371759825531
MNE,2016,1.41128063506996
MNE,2017,1.36277677368932
MNE,2018,1.36929487275714
MNE,2019,1.33441196432034
MNE,2020,1.73802726045562
MNE,2021,1.55528019503059
MNE,2022,1.57303708395214
MNE,2023,1.51875139564723
MNE,2024,1.83253539270475
MNG,2010,0.762997245666295
MNG,2011,0.837270236688781
MNG,2012,0.924305618490081
MNG,2013,0.822311489894261
MNG,2014,0.85972525833079
MNG,2015,0.875507832442284
MNG,2016,0.863910995114833
MNG,2017,0.762153816975996
MNG,2018,0.668952463384853
MNG,2019,0.661538119118052
MNG,2020,0.709909468541962
MNG,2021,0.619505072530135
MNG,2022,0.513936273012978
MNG,2023,0.542565742478439
MNG,2024,0.742307300960191
MOZ,2010,0.869180245993684
MOZ,2011,0.813112431836901
MOZ,2012,0.833531162295525
MOZ,2013,0.918079927497185
MOZ,2014,0.96645825007793
MOZ,2015,0.826910016335521
MOZ,2016,0.919413170302599
MOZ,2017,0.984570977671917
MOZ,2018,1.30860718971448
MOZ,2019,1.38807982041907
MOZ,2020,2.02272611905463
MOZ,2021,1.91141353069573
MOZ,2022,2.20848120068367
MOZ,2023,1.92823085749343
MOZ,2024,1.99330115632931
MRT,2012,2.11497466612287
MRT,2013,1.99659728958967
MRT,2014,2.19709519242621
MRT,2015,2.15557240363879
MRT,2016,2.14548780076745
MRT,2017,2.12109845694596
MRT,2018,2.13128230977177
MRT,2019,1.99633301217738
MRT,2020,2.38926918122421
MRT,2021,2.29399489807024
MRT,2022,2.05903871155909
MRT,2023,2.26048047574852
MRT,2024,2.15504682070845
MUS,2010,0.148689589780391
MUS,2011,0.152035252096647
MUS,2012,0.14279440115901
MUS,2013,0.188733237769964
MUS,2014,0.151017482159405
MUS,2015,0.142301917631184
MUS,2016,0.174701755953711
MUS,2017,0.16537629451361
MUS,2018,0.156385299781821
MUS,2019,0.148796738188038
MUS,2020,0.161615351006251
MUS,2021,0.171377098585721
MUS,2022,0.138698687184487
MUS,2023,0.14048907662346
MUS,2024,0.149590857574221
MWI,2010,0.510085444003662
MWI,2011,0.468557773532063
MWI,2012,0.543771636934602
MWI,2013,0.809790589117754
MWI,2014,0.580771278154093
MWI,2015,0.450825277879302
MWI,2016,0.452047625154312
MWI,2017,0.530100138963233
MWI,2018,0.589501502223623
MWI,2019,0.760781549256416
MWI,2020,0.834281207531417
MWI,2021,0.730315165462018
MWI,2022,0.933234952541455
MWI,2023,1.16535783959732
MWI,2024,1.02496048269861
MYS,2010,1.49021010582112
MYS,2011,1.55285313376988
MYS,2012,1.41333070740643
MYS,2013,1.49929579850642
MYS,2014,1.45511301633341
MYS,2015,1.50389842704146
MYS,2016,1.3843347942822
MYS,2017,1.10033460723613
MYS,2018,0.960104126677078
MYS,2019,0.893413280938052
MYS,2020,0.999653920235799
MYS,2021,0.982646998395369
MYS,2022,0.902025405170821
MYS,2023,0.981466758859051
MYS,2024,0.987556748730683
NAM,2010,3.51474397546307
NAM,2011,3.5745889549471
NAM,2012,3.16654259121144
NAM,2013,3.20641632429402
NAM,2014,4.32586724007944
NAM,2015,4.52800016778678
NAM,2016,3.97104492479212
NAM,2017,3.52238850010305
NAM,2018,3.33269228396146
NAM,2019,3.29742631401913
NAM,2020,3.48015259214476
NAM,2021,3.2264092268075
NAM,2022,2.91089959085182
NAM,2023,2.74670698895234
NAM,2024,2.73490195432496
NER,2010,0.87650323651909
NER,2011,0.976041978774068
NER,2012,1.62398436872309
NER,2013,1.0452311825973
NER,2014,1.33859819740079
NER,2016,1.59964624315915
NER,2017,1.80984292435405
NER,2018,1.79380881698289
NER,2019,1.91733600650351
NER,2020,1.73360752172491
NER,2021,1.35730093120168
NER,2022,1.5729764923811
NER,2023,1.97616000981122
NER,2024,2.24177586841643
NGA,2010,0.539231118131693
NGA,2011,0.579227031040921
NGA,2012,0.504264930204985
NGA,2013,0.469695304520636
NGA,2014,0.414718776586509
NGA,2015,0.417636537730714
NGA,2016,0.432947784673169
NGA,2017,0.430671218863917
NGA,2018,0.506944517393582
NGA,2019,0.459170524387093
NGA,2020,0.632022913474166
NGA,2021,1.01270192678284
NGA,2022,0.650166691789414
NGA,2023,0.842654277365197
NGA,2024,0.555429367236392
NIC,2010,0.505472679188859
NIC,2011,0.526411336509848
NIC,2012,0.665903553721293
NIC,2013,0.678614215031222
NIC,2014,0.685091959091359
NIC,2015,0.775537371941149
NIC,2016,0.639876675817232
NIC,2017,0.626510067010078
NIC,2018,0.62717222145559
NIC,2019,0.605020089397565
NIC,2020,0.629971870953776
NIC,2021,0.549759399022683
NIC,2022,0.537113968209365
NIC,2023,0.554656019996368
NIC,2024,0.545131278321867
NLD,2010,1.31752879372712
NLD,2011,1.27726127378573
NLD,2012,1.22552534668627
NLD,2013,1.1572088159419
NLD,2014,1.14761127983414
NLD,2015,1.11786033539529
NLD,2016,1.14449960079147
NLD,2017,1.13721447777951
NLD,2018,1.1961416179648
NLD,2019,1.29180842332848
NLD,2020,1.40607718904592
NLD,2021,1.36537490886658
NLD,2022,1.30419995572639
NLD,2023,1.44136515676766
NLD,2024,1.91642541759119
NOR,2010,1.50762795492815
NOR,2011,1.44252755140788
NOR,2012,1.39318999611811
NOR,2013,1.40525218139781
NOR,2014,1.46227942776465
NOR,2015,1.49812327266489
NOR,2016,1.61734383599671
NOR,2017,1.70515328594991
NOR,2018,1.71529737478335
NOR,2019,1.84373537818427
NOR,2020,1.96598369239436
NOR,2021,1.67632184694899
NOR,2022,1.46436961628818
NOR,2023,1.81314737150102
NOR,2024,2.09124111193175
NPL,2010,1.36781608986268
NPL,2011,1.35067285523943
NPL,2012,1.24370217046399
NPL,2013,1.3407258743985
NPL,2014,1.43375979820575
NPL,2015,1.36813102427041
NPL,2016,1.46937461345505
NPL,2017,1.48497718496345
NPL,2018,1.34998219265679
NPL,2019,1.23581135255825
NPL,2020,1.32338446484361
NPL,2021,1.21581594858048
NPL,2022,1.15743842490309
NPL,2023,1.07154635588773
NPL,2024,0.979452474186084
NZL,2010,1.20991906751486
NZL,2011,1.16234930052697
NZL,2012,1.11637221213693
NZL,2013,1.04392336294516
NZL,2014,0.998146779850979
NZL,2015,0.987950412435414
NZL,2016,1.03552843699621
NZL,2017,1.05195301181686
NZL,2018,1.10543396326223
NZL,2019,1.29326329516102
NZL,2020,1.3399501211388
NZL,2021,1.16477544956865
NZL,2022,1.17089864666233
NZL,2023,1.22064828880902
NZL,2024,1.19404695449297
OMN,2010,5.64885516492993
OMN,2011,6.45275108066004
OMN,2012,10.5832031528957
OMN,2013,9.74727260107489
OMN,2014,8.86041181394662
OMN,2015,9.57116730321235
OMN,2016,10.5631262289399
OMN,2017,8.41324995212154
OMN,2018,8.26760144238502
OMN,2019,7.43921190765759
OMN,2020,8.03024250539625
OMN,2021,6.62317519939364
OMN,2022,5.2647590817834
OMN,2023,5.52596096461175
OMN,2024,5.59419531945284
PAK,2010,3.04189326480607
PAK,2011,2.91924318438144
PAK,2012,3.09577353673779
PAK,2013,3.08802003540329
PAK,2014,3.09657969704779
PAK,2015,3.16298664508296
PAK,2016,3.20377671550622
PAK,2017,3.36444910317801
PAK,2018,3.58696176378502
PAK,2019,3.50584031595126
PAK,2020,3.48667909020303
PAK,2021,3.38923879613996
PAK,2022,3.17683202352522
PAK,2023,2.88079974069692
PAK,2024,2.66760037007452
PER,2010,1.47697203873093
PER,2011,1.37118305528699
PER,2012,1.48351279277452
PER,2013,1.64306905104789
PER,2014,1.60248762240244
PER,2015,1.74508054943009
PER,2016,1.32190839942957
PER,2017,1.2652396703256
PER,2018,1.18979117011669
PER,2019,1.20589146228792
PER,2020,1.31677830419866
PER,2021,1.1644987739258
PER,2022,1.135133506685
PER,2023,1.23585995220031
PER,2024,0.909288680359786
PHL,2010,1.17013220060251
PHL,2011,1.15341455205701
PHL,2012,1.10670418975985
PHL,2013,1.18950172893764
PHL,2014,1.04312706559466
PHL,2015,1.08846303958172
PHL,2016,1.04558514673889
PHL,2017,1.16796083355235
PHL,2018,1.18424717696738
PHL,2019,1.13133132483668
PHL,2020,1.29724003910725
PHL,2021,1.40682254131819
PHL,2022,1.31630135538263
PHL,2023,1.17630268153778
PHL,2024,1.32426895346612
PNG,2010,0.32514450867052
PNG,2011,0.356925097321889
PNG,2012,0.519471738934463
PNG,2013,0.494549266247379
PNG,2014,0.484413309982487
PNG,2015,0.459900166389351
PNG,2016,0.381076923076923
PNG,2017,0.355034482758621
PNG,2018,0.330226700251889
PNG,2019,0.362698688154268
PNG,2020,0.393261831182209
PNG,2021,0.329678128303653
PNG,2022,0.420977241775767
PNG,2023,0.336863761991679
PNG,2024,0.307995782327758
POL,2010,1.83851836437415
POL,2011,1.79131485643585
POL,2012,1.80404649861118
POL,2013,1.7900581767381
POL,2014,1.90822735552002
POL,2015,2.12742384353358
POL,2016,1.93589358828699
POL,2017,1.88828727046187
POL,2018,2.02472821822818
POL,2019,1.95338318505019
POL,2020,2.26305371895405
POL,2021,2.21716328801834
POL,2022,2.20458906428882
POL,2023,3.26980459253118
POL,2024,4.15439387975356
PRT,2010,1.48615299877848
PRT,2011,1.48992161044294
PRT,2012,1.40383146309083
PRT,2013,1.43957267155316
PRT,2014,1.30668261277534
PRT,2015,1.32892803352448
PRT,2016,1.54200474856982
PRT,2017,1.23983975869036
PRT,2018,1.34147881873726
PRT,2019,1.37395750042211
PRT,2020,1.42613611053982
PRT,2021,1.51644104082545
PRT,2022,1.38999857860246
PRT,2023,1.46642848168082
PRT,2024,1.53226822745255
PRY,2010,0.750544858772042
PRY,2011,0.844603850849582
PRY,2012,0.964506788033691
PRY,2013,0.964167260244977
PRY,2014,0.986605391734507
PRY,2015,1.06744934908852
PRY,2016,0.950953301628568
PRY,2017,0.892663231219253
PRY,2018,0.961156152749535
PRY,2019,0.973840384070445
PRY,2020,1.02757342677333
PRY,2021,0.91821461942659
PRY,2022,0.871127145265658
PRY,2023,0.922071975751778
PRY,2024,0.933106143624753
QAT,2010,1.47390908321736
QAT,2021,6.4523551123317
QAT,2022,6.50020565272303
ROU,2010,1.22697660697606
ROU,2011,1.23556866931776
ROU,2012,1.17392522752233
ROU,2013,1.29223076714816
ROU,2014,1.3476637836228
ROU,2015,1.45071824376782
ROU,2016,1.42770454147789
ROU,2017,1.73375510218939
ROU,2018,1.79144423500295
ROU,2019,1.83079024096076
ROU,2020,2.00415209230412
ROU,2021,1.84762902286434
ROU,2022,1.75011695275109
ROU,2023,1.60357956167259
ROU,2024,2.29815245791591
RUS,2010,3.58508572012112
RUS,2011,3.43304383760131
RUS,2012,3.68924043459907
RUS,2013,3.85404258314373
RUS,2014,4.11299297822323
RUS,2015,4.87151474680202
RUS,2016,5.42514770504505
RUS,2017,4.24899605173948
RUS,2018,3.71982243956434
RUS,2019,3.86033750437073
RUS,2020,4.14471713241985
RUS,2021,3.57591678846302
RUS,2022,4.60728884010235
RUS,2023,5.40231844120686
RUS,2024,7.05233864500366
RWA,2010,1.21679268178848
RWA,2011,1.09493104282603
RWA,2012,1.04224962789709
RWA,2013,1.05488528481013
RWA,2014,1.10273875155611
RWA,2015,1.21369473342003
RWA,2016,1.24050679129546
RWA,2017,1.24889524304653
RWA,2018,1.23514702337913
RWA,2019,1.19793121977431
RWA,2020,1.47371574450349
RWA,2021,1.5121767339852
RWA,2022,1.33346574344023
RWA,2023,1.25231620743593
RWA,2024,1.24772078121775
SAU,2010,8.56567729417753
SAU,2011,7.17239914861776
SAU,2012,7.61580760228465
SAU,2013,8.89019141193183
SAU,2014,10.5350604637453
SAU,2015,13.022838193007
SAU,2016,9.56048239449097
SAU,2017,9.84622692397792
SAU,2018,8.81333517624339
SAU,2019,7.79458844216861
SAU,2020,8.7921741101353
SAU,2021,7.22921983667662
SAU,2022,6.39742215278993
SAU,2023,7.28424248969983
SAU,2024,7.2981029390103
SDN,2015,2.71294023315842
SDN,2016,2.27850721551928
SDN,2017,3.28580390103889
SDN,2018,1.77892402693237
SDN,2019,1.62906799271331
SDN,2020,0.975842222955387
SDN,2021,0.925377247984565
SEN,2010,1.2153093310459
SEN,2011,1.29386015954483
SEN,2012,1.11347959476351
SEN,2013,1.25170125603319
SEN,2014,1.21336600293871
SEN,2015,1.2090991706832
SEN,2016,1.60209745363896
SEN,2017,1.47106251742975
SEN,2018,1.66692756826471
SEN,2019,1.52473710605653
SEN,2020,1.40872642077366
SEN,2021,1.75617528439428
SEN,2022,1.52411336065101
SEN,2023,1.47655823980403
SEN,2024,1.56647768181405
SGP,2010,3.38139843984389
SGP,2011,3.19387456850782
SGP,2012,3.10816619008299
SGP,2013,3.03849114883637
SGP,2014,3.04786038477706
SGP,2015,3.04671265935693
SGP,2016,3.09531096262441
SGP,2017,2.97201085878766
SGP,2018,2.80776039122786
SGP,2019,2.75970653894344
SGP,2020,2.80306272990798
SGP,2021,2.53704638803611
SGP,2022,2.40634363671921
SGP,2023,2.83014132029943
SGP,2024,2.8417655746547
SLE,2010,0.600434938929684
SLE,2011,0.530893039714345
SLE,2012,0.517911005474655
SLE,2013,0.469957196664839
SLE,2014,0.747309962312162
SLE,2015,0.581670050305266
SLE,2016,0.714168280060902
SLE,2017,0.676969771194224
SLE,2018,0.465679597167025
SLE,2019,0.37632567182809
SLE,2020,0.486095493916065
SLE,2021,0.600261617809604
SLE,2022,0.582258374348818
SLE,2023,0.603276275520294
SLE,2024,0.462539633893509
SLV,2010,1.08955372746629
SLV,2011,1.08806149544119
SLV,2012,1.04880962679117
SLV,2013,1.07998923193894
SLV,2014,1.03525487674093
SLV,2015,1.05682005889035
SLV,2016,1.02350295230491
SLV,2017,1.04446940079198
SLV,2018,1.13220727885334
SLV,2019,1.18000962074512
SLV,2020,1.37995002386364
SLV,2021,1.21053697201576
SLV,2022,1.43329011743175
SLV,2023,1.33693500391086
SLV,2024,1.18611916982816
SOM,2013,0.443857556653604
SOM,2014,0.935247555486575
SOM,2015,0.681391609413828
SOM,2016,0.6454606954404
SOM,2017,0.749066892874455
SOM,2018,0.972462847707354
SOM,2019,0.828653957250144
SOM,2020,1.1376518312471
SOM,2021,1.17069801771404
SOM,2022,1.16300107811428
SOM,2023,1.28520375603975
SOM,2024,1.58578050121769
SRB,2010,2.00369125521031
SRB,2011,1.92573079525961
SRB,2012,1.91798161392813
SRB,2013,1.84757469294627
SRB,2014,1.8702430512257
SRB,2015,1.69548003219134
SRB,2016,1.85741974312422
SRB,2017,1.75424084910469
SRB,2018,2.01722347053086
SRB,2019,2.18222737795041
SRB,2020,2.29536613396667
SRB,2021,2.72904089938996
SRB,2022,2.17267406821898
SRB,2023,2.20807318692135
SRB,2024,2.59513983105714
SSD,2010,4.14063254299941
SSD,2011,6.09441532228387
SSD,2012,8.77114861951039
SSD,2013,6.56986369718549
SSD,2014,8.57452320335879
SSD,2015,8.60365296803653
SSD,2016,4.84674935905441
SSD,2017,3.9933777725745
SSD,2018,4.7742494592124
SSD,2019,3.80125272262975
SSD,2020,1.86635872996114
SSD,2021,1.51129459315632
SSD,2022,1.57467379753671
SSD,2023,2.09613379474333
SSD,2024,1.9617070809135
SVK,2010,1.24987774042242
SVK,2011,1.06939130819127
SVK,2012,1.0769371641209
SVK,2013,0.976653153261356
SVK,2014,0.982206647396956
SVK,2015,1.10604733307789
SVK,2016,1.11122582751499
SVK,2017,1.10051309804795
SVK,2018,1.21627211246117
SVK,2019,1.702848063096
SVK,2020,1.9041442947824
SVK,2021,1.71243604796751
SVK,2022,1.80127696639016
SVK,2023,1.83861085562872
SVK,2024,2.01078152849676
SVN,2010,1.61704968465109
SVN,2011,1.30187924610493
SVN,2012,1.17717193840362
SVN,2013,1.05894724003693
SVN,2014,0.983232647144707
SVN,2015,0.938787933833639
SVN,2016,1.01508115640424
SVN,2017,0.990668071759246
SVN,2018,0.986759717956076
SVN,2019,1.06257823971417
SVN,2020,1.0654982010929
SVN,2021,1.23984465824347
SVN,2022,1.29505522763484
SVN,2023,1.32131919558764
SVN,2024,1.31001116486788
SWE,2010,1.19449893581106
SWE,2011,1.10855139297702
SWE,2012,1.13574610579856
SWE,2013,1.11768901606678
SWE,2014,1.1347022453612
SWE,2015,1.07374144708625
SWE,2016,1.05595798245271
SWE,2017,1.0325978685581
SWE,2018,1.04000297143706
SWE,2019,1.09692312001944
SWE,2020,1.15009466283262
SWE,2021,1.18992635880485
SWE,2022,1.33147661923348
SWE,2023,1.50126036606591
SWE,2024,1.99771738810168
SWZ,2010,2.36677016665611
SWZ,2011,2.21867209215692
SWZ,2012,1.91455696202532
SWZ,2013,1.95189144736842
SWZ,2014,1.82286935337352
SWZ,2015,1.74960240174858
SWZ,2016,2.07382569653681
SWZ,2017,1.92445503522586
SWZ,2018,2.09604400864986
SWZ,2019,1.89047734248605
SWZ,2020,1.85505471294042
SWZ,2021,1.67850436407438
SWZ,2022,1.65499533493805
SWZ,2023,1.38354667632574
SWZ,2024,1.4440675502379
SYC,2010,0.737915363270446
SYC,2011,0.855504063317464
SYC,2012,0.936679584641367
SYC,2013,1.03655893266994
SYC,2014,2.22757343262158
SYC,2015,1.26370471979916
SYC,2016,1.39771684213413
SYC,2017,1.32734497333997
SYC,2018,1.20539204484215
SYC,2019,1.1603964906236
SYC,2020,1.36712279790406
SYC,2021,2.46023265148376
SYC,2022,1.1392449640985
SYC,2023,1.4864216122769
SYC,2024,1.17906851761683
SYR,2010,4.05614173609585
TCD,2010,4.31747390688638
TCD,2011,3.75931302180558
TCD,2013,4.29488547231355
TCD,2014,2.15784238896733
TCD,2015,1.52397076587984
TCD,2016,2.31170355001725
TCD,2017,1.65961164003921
TCD,2018,1.65270267984506
TCD,2019,1.57360148213511
TCD,2020,2.21192688117357
TCD,2021,2.07913556881174
TCD,2022,2.0442448086408
TCD,2023,2.11758982875058
TCD,2024,2.98484990097129
TGO,2010,1.65885798813081
TGO,2011,1.52606374846498
TGO,2012,1.62464311756716
TGO,2013,1.67620536115859
TGO,2014,1.81828886251592
TGO,2015,1.67442289494562
TGO,2016,1.36106759176365
TGO,2017,1.39797941282441
TGO,2018,1.46839079223187
TGO,2019,2.36248167773665
TGO,2020,2.16399918335325
TGO,2021,2.38551286600829
TGO,2022,4.14153649480957
TGO,2023,3.04669540490778
TGO,2024,1.99877193389434
THA,2010,1.5225558657538
THA,2011,1.39063450331731
THA,2012,1.38988888346862
THA,2013,1.34525091985427
THA,2014,1.37997604796617
THA,2015,1.33732679725458
THA,2016,1.32516695969445
THA,2017,1.33627619959584
THA,2018,1.32639351547521
THA,2019,1.32729814008386
THA,2020,1.46077928107965
THA,2021,1.41836848663438
THA,2022,1.24105269630565
THA,2023,1.1309417952786
THA,2024,1.07876078016919
TJK,2010,0.95285512473335
TJK,2011,1.09380663999495
TJK,2012,0.999142722822931
TJK,2014,1.1283850454994
TJK,2015,1.28197181934631
TJK,2016,1.20806716554116
TJK,2017,1.03718533693392
TJK,2018,1.04856527674186
TJK,2019,0.996966249525976
TJK,2020,0.947973986993497
TJK,2021,1.00261189599905
TJK,2022,1.93089624067946
TJK,2023,2.39642126155182
TJK,2024,1.84774975839365
TLS,2010,2.9926287139941
TLS,2011,1.96949347659248
TLS,2012,2.87728369527749
TLS,2013,2.27036904335364
TLS,2014,2.04684585089477
TLS,2015,2.32446540880503
TLS,2016,1.59859756097561
TLS,2017,1.60517350157729
TLS,2018,1.3245501285347
TLS,2019,1.69208066896212
TLS,2020,1.77790106333796
TLS,2021,1.08198620689655
TLS,2022,1.38083515113743
TLS,2023,2.64956730769231
TLS,2024,2.66415662650602
TTO,2010,0.635217366605715
TTO,2011,0.566437190906244
TTO,2012,0.641229257894688
TTO,2013,0.76306904134769
TTO,2014,0.656301051048555
TTO,2015,0.752974392707466
TTO,2016,0.914265892901233
TTO,2017,0.845376415248969
TTO,2018,0.694747131148301
TTO,2019,0.733109759963043
TTO,2020,0.812607258583509
TTO,2021,0.859057055256023
TTO,2022,0.765634931845469
TTO,2023,0.959389724160016
TTO,2024,0.921416388185832
TUN,2010,1.23617052057621
TUN,2011,1.48625780102894
TUN,2012,1.43987394498013
TUN,2013,1.5597373837127
TUN,2014,1.8068874807375
TUN,2015,2.13959162946471
TUN,2016,2.22498472970201
TUN,2017,2.03182932622148
TUN,2018,1.97644872011962
TUN,2019,2.38327777746153
TUN,2020,2.71275567542328
TUN,2021,2.62965981069507
TUN,2022,2.5712401122127
TUN,2023,2.48712212584858
TUN,2024,2.50636792573464
TUR,2010,2.27171515093383
TUR,2011,2.0275060358965
TUR,2012,2.00944811786941
TUR,2013,1.92395966496054
TUR,2014,1.87196639443904
TUR,2015,1.81284855723729
TUR,2016,2.05032437865497
TUR,2017,2.05006599219326
TUR,2018,2.52209022414858
TUR,2019,2.68985897943633
TUR,2020,2.19555218691023
TUR,2021,1.85888321091456
TUR,2022,1.65879843534611
TUR,2023,1.71991880187465
TUR,2024,1.92255231276371
TZA,2010,0.896024084275438
TZA,2011,0.903150747306732
TZA,2012,0.91379934806313
TZA,2013,0.972362603264413
TZA,2014,1.0157610032095
TZA,2015,1.09136986722986
TZA,2016,1.09369193376988
TZA,2017,1.05581731620716
TZA,2018,1.10090687427422
TZA,2019,1.06113270582911
TZA,2020,1.07713241782149
TZA,2021,1.12240771800076
TZA,2022,1.19134153738855
TZA,2023,1.210113658261
TZA,2024,1.154617473534
UGA,2010,2.46009387698207
UGA,2011,2.538786699798
UGA,2012,1.17612274538488
UGA,2013,0.937840989830747
UGA,2014,0.924476429892299
UGA,2015,0.986680287683281
UGA,2016,1.00333547376504
UGA,2017,1.03901851871998
UGA,2018,1.15245192326926
UGA,2019,1.71775245377408
UGA,2020,2.46768517919382
UGA,2021,2.33814515074458
UGA,2022,1.84520857089792
UGA,2023,1.80686571158733
UGA,2024,1.88159798311992
UKR,2010,2.74199654235065
UKR,2011,2.25828771122262
UKR,2012,2.35345197687142
UKR,2013,2.3928953083474
UKR,2014,2.96736825853937
UKR,2015,3.84784847607093
UKR,2016,3.66861786886462
UKR,2017,3.24149291547879
UKR,2018,3.63516607992805
UKR,2019,4.06793765037597
UKR,2020,4.40031470276707
UKR,2021,3.42549199562857
UKR,2022,25.6424104715416
UKR,2023,36.5281725077224
UKR,2024,34.4815297701892
URY,2010,1.87580785777619
URY,2011,1.71974893241654
URY,2012,1.60724459656554
URY,2013,1.68721815702608
URY,2014,1.74099456885648
URY,2015,1.76584061733326
URY,2016,1.8091708739885
URY,2017,1.91114379023487
URY,2018,2.07741613248953
URY,2019,2.0057166464094
URY,2020,2.05692189335606
URY,2021,2.26205420416101
URY,2022,2.04278364297671
URY,2023,2.11561237275002
URY,2024,2.31053827798919
USA,2010,4.90402300595835
USA,2011,4.82244197600452
USA,2012,4.4617099699335
USA,2013,4.02370560438155
USA,2014,3.67891817387645
USA,2015,3.46449292564277
USA,2016,3.40260233575118
USA,2017,3.2977234873792
USA,2018,3.3040005391035
USA,2019,3.40921408383721
USA,2020,3.64518757294704
USA,2021,3.40451991574826
USA,2022,3.30947715843109
USA,2023,3.304441637598
USA,2024,3.41921653228044
UZB,2018,2.86661981035524
VEN,2010,1.01348862784929
VEN,2011,1.13040534078431
VEN,2012,1.34147173233053
VEN,2013,1.66955178280415
VEN,2014,1.16181680999136
VEN,2015,0.941375968866619
VEN,2016,0.454046014282467
VEN,2017,2.23333219917076
VEN,2018,0.150853892569221
VEN,2019,1.79230375763991
VEN,2020,1.57552271230291
VEN,2021,0.313630729266034
VEN,2022,0.649886788939365
VEN,2023,0.500704497643446
VNM,2010,1.81539587772715
VNM,2011,1.55654936250578
VNM,2012,1.71831331991755
VNM,2013,1.74407703676771
VNM,2014,1.82295771785959
VNM,2015,1.90702805588388
VNM,2016,1.95056176952778
VNM,2017,1.80387228671057
VNM,2018,1.80650138874311
WLD,2010,2.50301936785317
WLD,2011,2.39544956163749
WLD,2012,2.35905515616562
WLD,2013,2.29183781112608
WLD,2014,2.24233102971248
WLD,2015,2.23999802951576
WLD,2016,2.19443495805395
WLD,2017,2.14681644089747
WLD,2018,2.12008294927132
WLD,2019,2.16519067075308
WLD,2020,2.31412817021261
WLD,2021,2.16772839583425
WLD,2022,2.2170734989681
WLD,2023,2.31033868997909
WLD,2024,2.47357557008391
YEM,2010,4.68555712379286
YEM,2011,4.92646180284206
YEM,2012,4.57388404478979
YEM,2013,4.07952717554633
YEM,2014,3.96689083277903
ZAF,2010,1.00348106887351
ZAF,2011,1.00265340405471
ZAF,2012,1.03352274081458
ZAF,2013,1.02779402383821
ZAF,2014,1.02189399625968
ZAF,2015,1.00692862196088
ZAF,2016,0.971046764986093
ZAF,2017,0.943568494750462
ZAF,2018,0.894757064750116
ZAF,2019,0.882430271670915
ZAF,2020,0.956510732317856
ZAF,2021,0.805965112062888
ZAF,2022,0.798457056094626
ZAF,2023,0.754561053349382
ZAF,2024,0.700150834276412
ZMB,2010,1.38259276517524
ZMB,2011,1.3176391076812
ZMB,2012,1.3578688500397
ZMB,2013,1.35973638684875
ZMB,2014,1.6338689575111
ZMB,2015,1.75323445099498
ZMB,2016,1.42930472392762
ZMB,2017,1.30136750851783
ZMB,2018,1.43749939178333
ZMB,2019,1.25568409370479
ZMB,2020,1.16572196732911
ZMB,2021,0.982237890875063
ZMB,2022,1.1165478995702
ZMB,2023,1.33879038934617
ZMB,2024,1.33268361976463
ZWE,2010,0.816251453246969
ZWE,2011,1.407162104666
ZWE,2012,1.85949988315027
ZWE,2013,1.86822395642382
ZWE,2014,1.88778911739064
ZWE,2015,1.88630877860684
ZWE,2016,1.74198491851131
ZWE,2017,1.47256736668559
ZWE,2018,1.17941734860884
ZWE,2019,0.653123880490076
ZWE,2020,0.974989311324521
ZWE,2021,1.56777878168608
ZWE,2022,0.994988109351456
ZWE,2023,0.209793581326229
ZWE,2024,0.351195023855751
