# World Bank Open Data MS.MIL.TOTL.P1, last updated 2026-07-13, CC BY 4.0
iso3,year,value
AFG,2010,306800
AFG,2011,340350
AFG,2012,338150
AFG,2013,330650
AFG,2014,308800
AFG,2015,319400
AFG,2016,323000
AFG,2017,323000
AFG,2018,272900
AFG,2019,278000
AFG,2020,165000
AGO,2010,117000
AGO,2011,117000
AGO,2012,117000
AGO,2013,117000
AGO,2014,117000
AGO,2015,117000
AGO,2016,117000
AGO,2017,117000
AGO,2018,117000
AGO,2019,117000
AGO,2020,117000
ALB,2010,14745
ALB,2011,14750
ALB,2012,14750
ALB,2013,8500
ALB,2014,8500
ALB,2015,8500
ALB,2016,8500
ALB,2017,9000
ALB,2018,9000
ALB,2019,8000
ALB,2020,8000
ARE,2010,51000
ARE,2011,51000
ARE,2012,51000
ARE,2013,63000
ARE,2014,63000
ARE,2015,63000
ARE,2016,63000
ARE,2017,63000
ARE,2018,63000
ARE,2019,63000
ARE,2020,63000
ARG,2010,104340
ARG,2011,104350
ARG,2012,104350
ARG,2013,105650
ARG,2014,105650
ARG,2015,105450
ARG,2016,105450
ARG,2017,105000
ARG,2018,105200
ARG,2019,103000
ARG,2020,103000
ARM,2010,55528
ARM,2011,55544
ARM,2012,49100
ARM,2013,49100
ARM,2014,49100
ARM,2015,49100
ARM,2016,49100
ARM,2017,49000
ARM,2018,48800
ARM,2019,49000
ARM,2020,47000
ATG,2010,170
ATG,2011,180
ATG,2012,180
ATG,2013,180
ATG,2014,180
ATG,2015,180
ATG,2016,180
ATG,2017,0
ATG,2018,0
ATG,2019,0
ATG,2020,0
AUS,2010,56552
AUS,2011,57050
AUS,2012,56200
AUS,2013,56750
AUS,2014,56750
AUS,2015,57800
AUS,2016,57800
AUS,2017,58000
AUS,2018,58100
AUS,2019,59000
AUS,2020,60000
AUT,2010,25758
AUT,2011,23250
AUT,2012,22800
AUT,2013,22500
AUT,2014,22500
AUT,2015,21350
AUT,2016,22400
AUT,2017,21000
AUT,2018,22850
AUT,2019,22000
AUT,2020,23000
AZE,2010,81940
AZE,2011,81950
AZE,2012,81950
AZE,2013,81950
AZE,2014,81950
AZE,2015,81950
AZE,2016,81950
AZE,2017,82000
AZE,2018,81950
AZE,2019,82000
AZE,2020,82000
BDI,2010,51050
BDI,2011,51050
BDI,2012,51000
BDI,2013,51050
BDI,2014,51050
BDI,2015,41000
BDI,2016,51050
BDI,2017,31000
BDI,2018,51050
BDI,2019,51000
BDI,2020,31000
BEL,2010,35736
BEL,2011,34050
BEL,2012,30700
BEL,2013,37500
BEL,2014,37600
BEL,2015,36350
BEL,2016,33800
BEL,2017,32000
BEL,2018,31500
BEL,2019,26000
BEL,2020,24000
BEN,2010,7250
BEN,2011,9450
BEN,2012,9450
BEN,2013,9450
BEN,2014,9450
BEN,2015,9750
BEN,2016,9750
BEN,2017,12000
BEN,2018,12250
BEN,2019,12000
BEN,2020,12000
BFA,2010,11450
BFA,2011,11450
BFA,2012,11450
BFA,2013,11450
BFA,2014,11450
BFA,2015,11450
BFA,2016,11450
BFA,2017,11000
BFA,2018,11200
BFA,2019,11000
BFA,2020,11000
BGD,2010,220953
BGD,2011,220950
BGD,2012,220950
BGD,2013,220950
BGD,2014,220950
BGD,2015,220950
BGD,2016,220950
BGD,2017,221000
BGD,2018,227050
BGD,2019,227000
BGD,2020,227000
BGR,2010,65315
BGR,2011,47300
BGR,2012,47300
BGR,2013,47300
BGR,2014,47300
BGR,2015,47300
BGR,2016,31300
BGR,2017,31000
BGR,2018,36950
BGR,2019,37000
BGR,2020,37000
BHR,2010,19460
BHR,2011,19460
BHR,2012,19460
BHR,2013,19460
BHR,2014,19460
BHR,2015,19460
BHR,2016,19460
BHR,2017,19000
BHR,2018,19200
BHR,2019,19000
BHR,2020,19000
BHS,2010,860
BHS,2011,850
BHS,2012,850
BHS,2013,1300
BHS,2014,1300
BHS,2015,1300
BHS,2016,1300
BHS,2017,1000
BHS,2018,1300
BHS,2019,2000
BHS,2020,2000
BIH,2010,10577
BIH,2011,10550
BIH,2012,10500
BIH,2013,10500
BIH,2014,10500
BIH,2015,10500
BIH,2016,10500
BIH,2017,11000
BIH,2018,10500
BIH,2019,11000
BIH,2020,11000
BLR,2010,182940
BLR,2011,158000
BLR,2012,158000
BLR,2013,158000
BLR,2014,158000
BLR,2015,158000
BLR,2016,155350
BLR,2017,155000
BLR,2018,155350
BLR,2019,155000
BLR,2020,158000
BLZ,2010,1050
BLZ,2011,1050
BLZ,2012,1050
BLZ,2013,1050
BLZ,2014,1050
BLZ,2015,1500
BLZ,2016,1500
BLZ,2017,2000
BLZ,2018,1500
BLZ,2019,2000
BLZ,2020,2000
BOL,2010,83200
BOL,2011,83200
BOL,2012,83200
BOL,2013,83200
BOL,2014,71200
BOL,2015,71200
BOL,2016,71200
BOL,2017,71000
BOL,2018,71100
BOL,2019,71000
BOL,2020,71000
BRA,2010,713480
BRA,2011,713480
BRA,2012,713480
BRA,2013,713480
BRA,2014,729500
BRA,2015,729500
BRA,2016,729500
BRA,2017,730000
BRA,2018,761500
BRA,2019,762000
BRA,2020,762000
BRB,2010,610
BRB,2011,610
BRB,2012,610
BRB,2013,610
BRB,2014,610
BRB,2015,610
BRB,2016,610
BRB,2017,1000
BRB,2018,610
BRB,2019,1000
BRB,2020,1000
BRN,2010,9250
BRN,2011,9250
BRN,2012,9250
BRN,2013,9250
BRN,2014,9250
BRN,2015,9250
BRN,2016,12100
BRN,2017,8000
BRN,2018,8200
BRN,2019,8000
BRN,2020,8000
BWA,2010,10500
BWA,2011,10500
BWA,2012,10500
BWA,2013,10500
BWA,2014,10500
BWA,2015,9000
BWA,2016,9000
BWA,2017,9000
BWA,2018,9000
BWA,2019,9000
BWA,2020,9000
CAF,2010,3150
CAF,2011,3150
CAF,2012,8150
CAF,2013,8150
CAF,2014,8150
CAF,2015,8150
CAF,2016,8150
CAF,2017,8000
CAF,2018,10150
CAF,2019,10000
CAF,2020,10000
CAN,2010,65700
CAN,2011,65700
CAN,2012,66000
CAN,2013,65700
CAN,2014,70200
CAN,2015,67500
CAN,2016,67500
CAN,2017,72000
CAN,2018,72400
CAN,2019,72000
CAN,2020,72000
CHE,2010,25287
CHE,2011,23100
CHE,2012,22650
CHE,2013,21250
CHE,2014,20800
CHE,2015,20950
CHE,2016,20950
CHE,2017,21000
CHE,2018,21450
CHE,2019,20000
CHE,2020,20000
CHL,2010,103771
CHL,2011,103750
CHL,2012,106100
CHL,2013,106100
CHL,2014,109450
CHL,2015,109450
CHL,2016,121900
CHL,2017,122000
CHL,2018,122200
CHL,2019,122000
CHL,2020,114000
CHN,2010,2945000
CHN,2011,2945000
CHN,2012,2993000
CHN,2013,2993000
CHN,2014,2993000
CHN,2015,2843000
CHN,2016,2695000
CHN,2017,2695000
CHN,2018,2695000
CHN,2019,2535000
CHN,2020,2535000
CIV,2014,25000
CIV,2015,25000
CIV,2016,25000
CIV,2017,27000
CIV,2018,27000
CIV,2019,134000
CIV,2020,27000
CMR,2010,23200
CMR,2011,23100
CMR,2012,23200
CMR,2013,23200
CMR,2014,23200
CMR,2015,23400
CMR,2016,23400
CMR,2017,24000
CMR,2018,34400
CMR,2019,34000
CMR,2020,34000
COD,2010,159000
COD,2011,134250
COD,2012,134250
COD,2013,134250
COD,2014,134250
COD,2015,134250
COD,2016,134250
COD,2017,134000
COD,2018,134250
COD,2019,134000
COD,2020,134000
COG,2010,12000
COG,2011,12000
COG,2012,12000
COG,2013,12000
COG,2014,12000
COG,2015,12000
COG,2016,12000
COG,2017,12000
COG,2018,12000
COG,2019,0
COG,2020,12000
COL,2010,441828
COL,2011,440224
COL,2012,440224
COL,2013,455750
COL,2014,455750
COL,2015,481100
COL,2016,481100
COL,2017,481000
COL,2018,481200
COL,2019,481000
COL,2020,428000
CPV,2010,1200
CPV,2011,1200
CPV,2012,1200
CPV,2013,1200
CPV,2014,1200
CPV,2015,1200
CPV,2016,1200
CPV,2017,1000
CPV,2018,1200
CPV,2019,1000
CPV,2020,1000
CRI,2010,9800
CRI,2011,9800
CRI,2012,9800
CRI,2013,9800
CRI,2014,9800
CRI,2015,9800
CRI,2016,9800
CRI,2017,10000
CRI,2018,10000
CRI,2019,10000
CRI,2020,10000
CUB,2010,75500
CUB,2011,75500
CUB,2012,75500
CUB,2013,75500
CUB,2014,75500
CUB,2015,75500
CUB,2016,75500
CUB,2017,76000
CUB,2018,76000
CUB,2019,76000
CUB,2020,76000
CYP,2010,12750
CYP,2011,12750
CYP,2012,12750
CYP,2013,12750
CYP,2014,12750
CYP,2015,12750
CYP,2016,15750
CYP,2017,16000
CYP,2018,16000
CYP,2019,16000
CYP,2020,13000
CZE,2010,28521
CZE,2011,26750
CZE,2012,26750
CZE,2013,24100
CZE,2014,24800
CZE,2015,25050
CZE,2016,23200
CZE,2017,23000
CZE,2018,22245
CZE,2019,25000
CZE,2020,27000
DEU,2010,251465
DEU,2011,196000
DEU,2012,186450
DEU,2013,181550
DEU,2014,178600
DEU,2015,177300
DEU,2016,179100
DEU,2017,180000
DEU,2018,181400
DEU,2019,184000
DEU,2020,183000
DJI,2010,12950
DJI,2011,12950
DJI,2012,12950
DJI,2013,12950
DJI,2014,12950
DJI,2015,12950
DJI,2016,13100
DJI,2017,13000
DJI,2018,13450
DJI,2019,13000
DJI,2020,13000
DNK,2010,18628
DNK,2011,16450
DNK,2012,17200
DNK,2013,17200
DNK,2014,17200
DNK,2015,16600
DNK,2016,16100
DNK,2017,15000
DNK,2018,14500
DNK,2019,15000
DNK,2020,15000
DOM,2010,39500
DOM,2011,39500
DOM,2012,61000
DOM,2013,61000
DOM,2014,71050
DOM,2015,71050
DOM,2016,71050
DOM,2017,71000
DOM,2018,71050
DOM,2019,71000
DOM,2020,71000
DZA,2010,317200
DZA,2011,317200
DZA,2012,317200
DZA,2013,317200
DZA,2014,317200
DZA,2015,317200
DZA,2016,317200
DZA,2017,317000
DZA,2018,317000
DZA,2019,317000
DZA,2020,326000
ECU,2010,58983
ECU,2011,58983
ECU,2012,58500
ECU,2013,58983
ECU,2014,40750
ECU,2015,40750
ECU,2016,40750
ECU,2017,41000
ECU,2018,41250
ECU,2019,42000
ECU,2020,42000
EGY,2010,835500
EGY,2011,835500
EGY,2012,835500
EGY,2013,835500
EGY,2014,835500
EGY,2015,835500
EGY,2016,835500
EGY,2017,836000
EGY,2018,835500
EGY,2019,836000
EGY,2020,836000
ERI,2010,201750
ERI,2011,201750
ERI,2012,201750
ERI,2013,201750
ERI,2014,201750
ERI,2015,201750
ERI,2016,201750
ERI,2017,202000
ERI,2018,201750
ERI,2019,202000
ERI,2020,202000
ESP,2010,223216
ESP,2011,215700
ESP,2012,215600
ESP,2013,213950
ESP,2014,200000
ESP,2015,199950
ESP,2016,197950
ESP,2017,196000
ESP,2018,196350
ESP,2019,199000
ESP,2020,199000
EST,2010,5750
EST,2011,5750
EST,2012,5750
EST,2013,5750
EST,2014,5750
EST,2015,6400
EST,2016,6400
EST,2017,6000
EST,2018,6700
EST,2019,7000
EST,2020,7000
ETH,2010,138000
ETH,2011,138000
ETH,2012,138000
ETH,2013,138000
ETH,2014,138000
ETH,2015,138000
ETH,2016,138000
ETH,2017,138000
ETH,2018,138000
ETH,2019,138000
ETH,2020,138000
FIN,2010,24975
FIN,2011,25000
FIN,2012,25000
FIN,2013,25000
FIN,2014,25000
FIN,2015,24900
FIN,2016,24200
FIN,2017,25000
FIN,2018,25200
FIN,2019,27000
FIN,2020,22000
FJI,2010,3500
FJI,2011,3500
FJI,2012,3500
FJI,2013,3500
FJI,2014,3500
FJI,2015,3500
FJI,2016,3500
FJI,2017,4000
FJI,2018,4040
FJI,2019,4000
FJI,2020,4000
FRA,2010,341967
FRA,2011,332250
FRA,2012,325600
FRA,2013,318400
FRA,2014,312350
FRA,2015,306350
FRA,2016,306100
FRA,2017,307000
FRA,2018,304800
FRA,2019,304000
FRA,2020,304000
GAB,2010,6700
GAB,2011,6700
GAB,2012,6700
GAB,2013,6700
GAB,2014,6700
GAB,2015,6700
GAB,2016,6700
GAB,2017,7000
GAB,2018,6700
GAB,2019,7000
GAB,2020,7000
GBR,2010,174020
GBR,2011,165650
GBR,2012,169150
GBR,2013,159150
GBR,2014,154700
GBR,2015,152350
GBR,2016,150250
GBR,2017,148000
GBR,2018,148450
GBR,2019,149000
GBR,2020,153000
GEO,2010,32355
GEO,2011,32350
GEO,2012,32350
GEO,2013,32350
GEO,2014,32350
GEO,2015,26050
GEO,2016,26050
GEO,2017,26000
GEO,2018,25650
GEO,2019,26000
GEO,2020,26000
GHA,2010,15500
GHA,2011,15500
GHA,2012,15500
GHA,2013,15500
GHA,2014,15500
GHA,2015,15500
GHA,2016,15500
GHA,2017,16000
GHA,2018,15500
GHA,2019,16000
GHA,2020,16000
GIN,2010,19300
GIN,2011,12300
GIN,2012,12300
GIN,2013,12300
GIN,2014,12300
GIN,2015,12300
GIN,2016,12300
GIN,2017,13000
GIN,2018,12700
GIN,2019,13000
GIN,2020,13000
GMB,2010,800
GMB,2011,800
GMB,2012,800
GMB,2013,800
GMB,2014,800
GMB,2015,800
GMB,2016,800
GMB,2017,1000
GMB,2018,4000
GMB,2019,4000
GMB,2020,4000
GNB,2010,6458
GNB,2011,6450
GNB,2012,6450
GNB,2013,6450
GNB,2014,6450
GNB,2015,4450
GNB,2016,4450
GNB,2017,4000
GNB,2018,4450
GNB,2019,4000
GNB,2020,4000
GNQ,2010,1320
GNQ,2011,1320
GNQ,2012,1320
GNQ,2013,1320
GNQ,2014,1320
GNQ,2015,1320
GNQ,2016,1450
GNQ,2017,1000
GNQ,2018,1450
GNQ,2019,1000
GNQ,2020,1000
GRC,2010,149647
GRC,2011,148350
GRC,2012,147350
GRC,2013,148950
GRC,2014,146950
GRC,2015,146950
GRC,2016,145350
GRC,2017,146000
GRC,2018,147850
GRC,2019,147000
GRC,2020,147000
GTM,2010,34212
GTM,2011,42300
GTM,2012,42300
GTM,2013,42300
GTM,2014,43050
GTM,2015,43050
GTM,2016,43050
GTM,2017,43000
GTM,2018,43050
GTM,2019,43000
GTM,2020,43000
GUY,2010,2600
GUY,2011,1100
GUY,2012,1100
GUY,2013,1100
GUY,2014,3400
GUY,2015,3400
GUY,2016,3400
GUY,2017,3000
GUY,2018,3400
GUY,2019,3000
GUY,2020,3000
HND,2010,20000
HND,2011,20000
HND,2012,20000
HND,2013,20000
HND,2014,18700
HND,2015,18700
HND,2016,22700
HND,2017,23000
HND,2018,22950
HND,2019,23000
HND,2020,23000
HRV,2010,21600
HRV,2011,21600
HRV,2012,19550
HRV,2013,19550
HRV,2014,19550
HRV,2015,18550
HRV,2016,18550
HRV,2017,18000
HRV,2018,18200
HRV,2019,18000
HRV,2020,20000
HTI,2010,0
HTI,2011,50
HTI,2012,50
HTI,2013,120
HTI,2014,120
HTI,2015,120
HTI,2016,200
HTI,2017,0
HTI,2018,500
HTI,2019,1000
HTI,2020,1000
HUN,2010,34587
HUN,2011,38500
HUN,2012,38500
HUN,2013,38500
HUN,2014,38500
HUN,2015,38500
HUN,2016,39800
HUN,2017,40000
HUN,2018,39800
HUN,2019,40000
HUN,2020,46000
IDN,2010,582000
IDN,2011,676500
IDN,2012,676500
IDN,2013,676500
IDN,2014,676500
IDN,2015,675500
IDN,2016,675500
IDN,2017,676000
IDN,2018,675500
IDN,2019,676000
IDN,2020,676000
IND,2010,2625586
IND,2011,2647150
IND,2012,2728700
IND,2013,2749700
IND,2014,2749700
IND,2015,2798800
IND,2016,2981050
IND,2017,3031000
IND,2018,3026500
IND,2019,3045000
IND,2020,3068000
IRL,2010,10460
IRL,2011,8900
IRL,2012,9350
IRL,2013,9350
IRL,2014,9100
IRL,2015,9100
IRL,2016,9100
IRL,2017,9000
IRL,2018,8650
IRL,2019,9000
IRL,2020,9000
IRN,2010,563000
IRN,2011,563000
IRN,2012,563000
IRN,2013,563000
IRN,2014,563000
IRN,2015,563000
IRN,2016,563000
IRN,2017,563000
IRN,2018,650000
IRN,2019,650000
IRN,2020,650000
IRQ,2010,802400
IRQ,2011,802400
IRQ,2012,802400
IRQ,2013,177600
IRQ,2014,209000
IRQ,2015,209000
IRQ,2016,209000
IRQ,2017,209000
IRQ,2018,336000
IRQ,2019,341000
IRQ,2020,459000
ISL,2010,130
ISL,2011,180
ISL,2012,180
ISL,2013,200
ISL,2014,200
ISL,2015,250
ISL,2016,250
ISL,2017,0
ISL,2019,0
ISL,2020,0
ISR,2010,184550
ISR,2011,184550
ISR,2012,184500
ISR,2013,184500
ISR,2014,184500
ISR,2015,184500
ISR,2016,184500
ISR,2017,178000
ISR,2018,177500
ISR,2019,178000
ISR,2020,178000
ITA,2010,359378
ITA,2011,367550
ITA,2012,359500
ITA,2013,359500
ITA,2014,356850
ITA,2015,356850
ITA,2016,356850
ITA,2017,347000
ITA,2018,341500
ITA,2019,342000
ITA,2020,338000
JAM,2010,2830
JAM,2011,2830
JAM,2012,2830
JAM,2013,2830
JAM,2014,3450
JAM,2015,3450
JAM,2016,3950
JAM,2017,4000
JAM,2018,5950
JAM,2019,6000
JAM,2020,6000
JOR,2010,110500
JOR,2011,110500
JOR,2012,115500
JOR,2013,115500
JOR,2014,115500
JOR,2015,115500
JOR,2016,115500
JOR,2017,116000
JOR,2018,101500
JOR,2019,116000
JOR,2020,116000
JPN,2010,260382
JPN,2011,260086
JPN,2012,259800
JPN,2013,259800
JPN,2014,259800
JPN,2015,259800
JPN,2016,260890
JPN,2017,261000
JPN,2018,261150
JPN,2019,261000
JPN,2020,261000
KAZ,2010,80500
KAZ,2011,70500
KAZ,2012,70500
KAZ,2013,70500
KAZ,2014,70500
KAZ,2015,70500
KAZ,2016,70500
KAZ,2017,71000
KAZ,2018,71000
KAZ,2019,71000
KAZ,2020,71000
KEN,2010,29120
KEN,2011,29100
KEN,2012,29100
KEN,2013,29100
KEN,2014,29100
KEN,2015,29100
KEN,2016,29100
KEN,2017,29000
KEN,2018,29100
KEN,2019,29000
KEN,2020,24000
KGZ,2010,20400
KGZ,2011,20400
KGZ,2012,20400
KGZ,2013,20400
KGZ,2014,20400
KGZ,2015,20400
KGZ,2016,20400
KGZ,2017,21000
KGZ,2018,20900
KGZ,2019,21000
KGZ,2020,21000
KHM,2010,191300
KHM,2011,191300
KHM,2012,191300
KHM,2013,191300
KHM,2014,191300
KHM,2015,191300
KHM,2016,191300
KHM,2017,191000
KHM,2018,191300
KHM,2019,191000
KHM,2020,191000
KOR,2010,659500
KOR,2011,659500
KOR,2012,659500
KOR,2013,659500
KOR,2014,632500
KOR,2015,634500
KOR,2016,634000
KOR,2017,634000
KOR,2018,608000
KOR,2019,613000
KOR,2020,569000
KWT,2010,22600
KWT,2011,22600
KWT,2012,22600
KWT,2013,22600
KWT,2014,22600
KWT,2015,22600
KWT,2016,22600
KWT,2017,25000
KWT,2018,24500
KWT,2019,25000
KWT,2020,25000
LAO,2010,129100
LAO,2011,129100
LAO,2012,129100
LAO,2013,129100
LAO,2014,129100
LAO,2015,129100
LAO,2016,129100
LAO,2017,129000
LAO,2018,129100
LAO,2019,129000
LAO,2020,129000
LBN,2010,79100
LBN,2011,80000
LBN,2012,80000
LBN,2013,80000
LBN,2014,80000
LBN,2015,80000
LBN,2016,80000
LBN,2017,80000
LBN,2018,80000
LBN,2019,80000
LBN,2020,80000
LBR,2010,2040
LBR,2011,2050
LBR,2012,2050
LBR,2013,2050
LBR,2014,2050
LBR,2015,2050
LBR,2016,2050
LBR,2017,2000
LBR,2018,2100
LBR,2019,2000
LBR,2020,2000
LBY,2012,7000
LBY,2013,7000
LBY,2014,0
LBY,2020,0
LKA,2010,223100
LKA,2011,223100
LKA,2012,223100
LKA,2013,223100
LKA,2014,223100
LKA,2015,265200
LKA,2016,305200
LKA,2017,317000
LKA,2018,317000
LKA,2019,317000
LKA,2020,317000
LSO,2010,2000
LSO,2011,2000
LSO,2012,2000
LSO,2013,2000
LSO,2014,2000
LSO,2015,2000
LSO,2016,2000
LSO,2017,2000
LSO,2018,2000
LSO,2019,2000
LSO,2020,2000
LTU,2010,25240
LTU,2011,23350
LTU,2012,23350
LTU,2013,21950
LTU,2014,27400
LTU,2015,28330
LTU,2016,29650
LTU,2017,34000
LTU,2018,39550
LTU,2019,37000
LTU,2020,37000
LUX,2010,1512
LUX,2011,1510
LUX,2012,1510
LUX,2013,1510
LUX,2014,1510
LUX,2015,1500
LUX,2016,1500
LUX,2017,2000
LUX,2018,1900
LUX,2019,1000
LUX,2020,1000
LVA,2010,4600
LVA,2011,5350
LVA,2012,5310
LVA,2013,5310
LVA,2014,5310
LVA,2015,5310
LVA,2016,5310
LVA,2017,6000
LVA,2018,6900
LVA,2019,6000
LVA,2020,9000
MAR,2010,245800
MAR,2011,245800
MAR,2012,245800
MAR,2013,245800
MAR,2014,245800
MAR,2015,245800
MAR,2016,245800
MAR,2017,246000
MAR,2018,245800
MAR,2019,246000
MAR,2020,246000
MDA,2010,7733
MDA,2011,7750
MDA,2012,7750
MDA,2013,7750
MDA,2014,7750
MDA,2015,7550
MDA,2016,7550
MDA,2017,7000
MDA,2018,6150
MDA,2019,6000
MDA,2020,6000
MDG,2010,21600
MDG,2011,21600
MDG,2012,21600
MDG,2013,21600
MDG,2014,21600
MDG,2015,21600
MDG,2016,21600
MDG,2017,22000
MDG,2018,21500
MDG,2019,22000
MDG,2020,22000
MEX,2010,331750
MEX,2011,329750
MEX,2012,329750
MEX,2013,325450
MEX,2014,336050
MEX,2015,336050
MEX,2016,336050
MEX,2017,336000
MEX,2018,348000
MEX,2019,328000
MEX,2020,341000
MKD,2010,8000
MKD,2011,8000
MKD,2012,8000
MKD,2013,8000
MKD,2014,8000
MKD,2015,15600
MKD,2016,15600
MKD,2017,16000
MKD,2018,16000
MKD,2019,16000
MKD,2020,16000
MLI,2010,12150
MLI,2011,12150
MLI,2012,7800
MLI,2013,11800
MLI,2014,13800
MLI,2015,15800
MLI,2016,17800
MLI,2017,18000
MLI,2018,21000
MLI,2019,21000
MLI,2020,41000
MLT,2010,2127
MLT,2011,2120
MLT,2012,2130
MLT,2013,2130
MLT,2014,2130
MLT,2015,2130
MLT,2016,2130
MLT,2017,2000
MLT,2018,1750
MLT,2019,2000
MLT,2020,2000
MMR,2010,513250
MMR,2011,513250
MMR,2012,513250
MMR,2013,513250
MMR,2014,513250
MMR,2015,513250
MMR,2016,513250
MMR,2017,513000
MMR,2018,513000
MMR,2019,513000
MMR,2020,463000
MNE,2010,13084
MNE,2011,12180
MNE,2012,12180
MNE,2013,12180
MNE,2014,12180
MNE,2015,12050
MNE,2016,12050
MNE,2017,12000
MNE,2018,12350
MNE,2019,12000
MNE,2020,12000
MNG,2010,17200
MNG,2011,17200
MNG,2012,17200
MNG,2013,17500
MNG,2014,17500
MNG,2015,17500
MNG,2016,17500
MNG,2017,18000
MNG,2018,17700
MNG,2019,18000
MNG,2020,18000
MOZ,2010,11200
MOZ,2011,11200
MOZ,2012,11200
MOZ,2013,11200
MOZ,2014,11200
MOZ,2015,11200
MOZ,2016,11200
MOZ,2017,11000
MOZ,2018,11200
MOZ,2019,11000
MOZ,2020,11000
MRT,2010,20870
MRT,2011,20850
MRT,2012,20850
MRT,2013,20850
MRT,2014,20850
MRT,2015,20850
MRT,2016,20850
MRT,2017,21000
MRT,2018,20850
MRT,2019,21000
MRT,2020,21000
MUS,2010,2000
MUS,2011,2500
MUS,2012,2500
MUS,2013,2500
MUS,2014,2500
MUS,2015,2550
MUS,2016,2550
MUS,2017,3000
MUS,2018,3000
MUS,2019,3000
MUS,2020,3000
MWI,2010,5300
MWI,2011,6800
MWI,2012,6800
MWI,2013,6800
MWI,2014,6800
MWI,2015,6800
MWI,2016,14900
MWI,2017,15000
MWI,2018,14700
MWI,2019,15000
MWI,2020,15000
MYS,2010,133600
MYS,2011,133600
MYS,2012,133600
MYS,2013,133600
MYS,2014,133600
MYS,2015,133600
MYS,2016,133600
MYS,2017,136000
MYS,2018,136000
MYS,2019,136000
MYS,2020,136000
NAM,2010,15200
NAM,2011,15200
NAM,2012,15200
NAM,2013,15200
NAM,2014,15200
NAM,2015,15200
NAM,2016,15900
NAM,2017,16000
NAM,2018,15900
NAM,2019,16000
NAM,2020,16000
NER,2010,10700
NER,2011,10700
NER,2012,10700
NER,2013,10700
NER,2014,10700
NER,2015,10700
NER,2016,10700
NER,2017,10000
NER,2018,10300
NER,2019,10000
NER,2020,10000
NGA,2010,162000
NGA,2011,162000
NGA,2012,162000
NGA,2013,162000
NGA,2014,162000
NGA,2015,200000
NGA,2016,200000
NGA,2017,215000
NGA,2018,223000
NGA,2019,223000
NGA,2020,223000
NIC,2010,12000
NIC,2011,12000
NIC,2012,12000
NIC,2013,12000
NIC,2014,12000
NIC,2015,12000
NIC,2016,12000
NIC,2017,12000
NIC,2018,12000
NIC,2019,12000
NIC,2020,12000
NLD,2010,43279
NLD,2011,43300
NLD,2012,43300
NLD,2013,43300
NLD,2014,41900
NLD,2015,41310
NLD,2016,41310
NLD,2017,41000
NLD,2018,41410
NLD,2019,41000
NLD,2020,41000
NOR,2010,24450
NOR,2011,24450
NOR,2012,25800
NOR,2013,25800
NOR,2014,25800
NOR,2015,24950
NOR,2016,23950
NOR,2017,23000
NOR,2018,23250
NOR,2019,23000
NOR,2020,25000
NPL,2010,157753
NPL,2011,157750
NPL,2012,157750
NPL,2013,157750
NPL,2014,157750
NPL,2015,158600
NPL,2016,158600
NPL,2017,112000
NPL,2018,111600
NPL,2019,112000
NPL,2020,112000
NZL,2010,9673
NZL,2011,8550
NZL,2012,8550
NZL,2013,8500
NZL,2014,8500
NZL,2015,8950
NZL,2016,9000
NZL,2017,9000
NZL,2018,9400
NZL,2019,9000
NZL,2020,10000
OMN,2010,47000
OMN,2011,47000
OMN,2012,47000
OMN,2013,47000
OMN,2014,47000
OMN,2015,47000
OMN,2016,47000
OMN,2017,47000
OMN,2018,46600
OMN,2019,47000
OMN,2020,47000
PAK,2010,946000
PAK,2011,946000
PAK,2012,947800
PAK,2013,947800
PAK,2014,925800
PAK,2015,935800
PAK,2016,935800
PAK,2017,936000
PAK,2018,944800
PAK,2019,943000
PAK,2020,943000
PAN,2010,12000
PAN,2011,12000
PAN,2012,12000
PAN,2013,12000
PAN,2014,12000
PAN,2015,22050
PAN,2016,22050
PAN,2017,26000
PAN,2018,26000
PAN,2019,28000
PAN,2020,28000
PER,2010,192000
PER,2011,192000
PER,2012,192000
PER,2013,192000
PER,2014,158000
PER,2015,158000
PER,2016,158000
PER,2017,158000
PER,2018,158000
PER,2019,158000
PER,2020,158000
PHL,2010,165500
PHL,2011,165500
PHL,2012,165500
PHL,2013,165500
PHL,2014,165500
PHL,2015,165500
PHL,2016,165500
PHL,2017,153000
PHL,2018,153350
PHL,2019,155000
PHL,2020,157000
PNG,2010,3100
PNG,2011,3100
PNG,2012,1900
PNG,2013,1900
PNG,2014,1900
PNG,2015,1900
PNG,2016,3600
PNG,2017,4000
PNG,2018,3600
PNG,2019,4000
PNG,2020,4000
POL,2010,121400
POL,2011,118050
POL,2012,172700
POL,2013,172700
POL,2014,172700
POL,2015,172700
POL,2016,178400
POL,2017,191000
POL,2018,196700
POL,2019,189000
POL,2020,189000
PRK,2010,1379000
PRK,2011,1379000
PRK,2012,1379000
PRK,2013,1379000
PRK,2014,1379000
PRK,2015,1379000
PRK,2016,1469000
PRK,2017,1469000
PRK,2018,1469000
PRK,2019,1469000
PRK,2020,1469000
PRT,2010,90334
PRT,2011,90300
PRT,2012,90300
PRT,2013,79850
PRT,2014,78100
PRT,2015,73600
PRT,2016,74500
PRT,2017,52000
PRT,2018,52250
PRT,2019,52000
PRT,2020,52000
PRY,2010,25450
PRY,2011,25450
PRY,2012,25450
PRY,2013,25450
PRY,2014,25450
PRY,2015,25450
PRY,2016,25450
PRY,2017,27000
PRY,2018,28950
PRY,2019,29000
PRY,2020,29000
PSE,2010,56000
PSE,2011,56000
PSE,2012,56000
PSE,2019,0
PSE,2020,0
QAT,2010,11800
QAT,2011,11800
QAT,2012,11800
QAT,2013,11800
QAT,2014,11800
QAT,2015,11800
QAT,2016,21500
QAT,2017,22000
QAT,2018,21500
QAT,2019,22000
QAT,2020,22000
ROU,2010,153800
ROU,2011,151300
ROU,2012,151300
ROU,2013,151300
ROU,2014,151300
ROU,2015,150400
ROU,2016,149200
ROU,2017,126000
ROU,2018,126600
ROU,2019,126000
ROU,2020,128000
RUS,2010,1430000
RUS,2011,1364000
RUS,2012,1364000
RUS,2013,1260000
RUS,2014,1287000
RUS,2015,1490000
RUS,2016,1454000
RUS,2017,1454000
RUS,2018,1454000
RUS,2019,1454000
RUS,2020,1454000
RWA,2010,35000
RWA,2011,35000
RWA,2012,35000
RWA,2013,35000
RWA,2014,35000
RWA,2015,35000
RWA,2016,35000
RWA,2017,35000
RWA,2018,35000
RWA,2019,35000
RWA,2020,35000
SAU,2010,249000
SAU,2011,249000
SAU,2012,249000
SAU,2013,251500
SAU,2014,251500
SAU,2015,251500
SAU,2016,251500
SAU,2017,252000
SAU,2018,252000
SAU,2019,252000
SAU,2020,282000
SDN,2010,126800
SDN,2011,264300
SDN,2012,264300
SDN,2013,264300
SDN,2014,264300
SDN,2015,264300
SDN,2016,124300
SDN,2017,124000
SDN,2018,124300
SDN,2019,124000
SDN,2020,144000
SEN,2010,18620
SEN,2011,18600
SEN,2012,18600
SEN,2013,18600
SEN,2014,18600
SEN,2015,18600
SEN,2016,18600
SEN,2017,19000
SEN,2018,18600
SEN,2019,19000
SEN,2020,19000
SGP,2010,147500
SGP,2011,147600
SGP,2012,147600
SGP,2013,147600
SGP,2014,147600
SGP,2015,147600
SGP,2016,147600
SGP,2017,81000
SGP,2018,59000
SGP,2019,59000
SGP,2020,59000
SLE,2010,10500
SLE,2011,10500
SLE,2012,10500
SLE,2013,10500
SLE,2014,8500
SLE,2015,8500
SLE,2016,8500
SLE,2017,9000
SLE,2018,8500
SLE,2019,9000
SLE,2020,9000
SLV,2010,32500
SLV,2011,32300
SLV,2012,32300
SLV,2013,32300
SLV,2014,41500
SLV,2015,41500
SLV,2016,41500
SLV,2017,42000
SLV,2018,41500
SLV,2019,42000
SLV,2020,42000
SOM,2010,2000
SOM,2011,3200
SOM,2012,20000
SOM,2013,11000
SOM,2014,17000
SOM,2015,19800
SOM,2016,19800
SOM,2017,20000
SOM,2018,19800
SOM,2019,20000
SOM,2020,14000
SRB,2010,29125
SRB,2011,28150
SRB,2012,28150
SRB,2013,28150
SRB,2014,28150
SRB,2015,28150
SRB,2016,31850
SRB,2017,32000
SRB,2018,32150
SRB,2019,32000
SRB,2020,32000
SSD,2010,140000
SSD,2011,210000
SSD,2012,210000
SSD,2013,185000
SSD,2014,185000
SSD,2015,185000
SSD,2016,185000
SSD,2017,185000
SSD,2018,185000
SSD,2019,185000
SSD,2020,53000
SUR,2010,1840
SUR,2011,1840
SUR,2012,1840
SUR,2013,1940
SUR,2014,1940
SUR,2015,1940
SUR,2016,1940
SUR,2017,2000
SUR,2018,1840
SUR,2019,2000
SUR,2020,2000
SVK,2010,15799
SVK,2011,15850
SVK,2012,15850
SVK,2013,15850
SVK,2014,15850
SVK,2015,15850
SVK,2016,15850
SVK,2017,16000
SVK,2018,15850
SVK,2019,16000
SVK,2020,18000
SVN,2010,12100
SVN,2011,12100
SVN,2012,13550
SVN,2013,13550
SVN,2014,13550
SVN,2015,13200
SVN,2016,13200
SVN,2017,7000
SVN,2018,7250
SVN,2019,7000
SVN,2020,7000
SWE,2010,21163
SWE,2011,21300
SWE,2012,16100
SWE,2013,16100
SWE,2014,30550
SWE,2015,30550
SWE,2016,30550
SWE,2017,30000
SWE,2018,15150
SWE,2019,15000
SWE,2020,15000
SYC,2010,650
SYC,2011,870
SYC,2012,840
SYC,2013,840
SYC,2014,840
SYC,2015,840
SYC,2016,840
SYC,2017,0
SYC,2018,420
SYC,2019,0
SYC,2020,0
SYR,2010,403000
SYR,2011,178000
SYR,2012,178000
SYR,2013,178000
SYR,2014,280500
SYR,2015,277500
SYR,2016,307500
SYR,2017,239000
SYR,2018,257500
SYR,2019,269000
SYR,2020,269000
TCD,2010,34850
TCD,2011,34850
TCD,2012,34850
TCD,2013,34850
TCD,2014,39850
TCD,2015,39850
TCD,2016,39850
TCD,2017,35000
TCD,2018,32850
TCD,2019,45000
TCD,2020,45000
TGO,2010,9300
TGO,2011,9300
TGO,2012,9300
TGO,2013,9300
TGO,2014,9300
TGO,2015,9300
TGO,2016,9300
TGO,2017,10000
TGO,2018,9550
TGO,2019,10000
TGO,2020,10000
THA,2010,419560
THA,2011,474550
THA,2012,453550
THA,2013,453550
THA,2014,453550
THA,2015,454550
THA,2016,454550
THA,2017,455000
THA,2018,454850
THA,2019,455000
THA,2020,455000
TJK,2010,16300
TJK,2011,16300
TJK,2012,16300
TJK,2013,16300
TJK,2014,16300
TJK,2015,16300
TJK,2016,16300
TJK,2017,17000
TJK,2018,16800
TJK,2019,17000
TJK,2020,17000
TKM,2010,22000
TKM,2011,22000
TKM,2012,22000
TKM,2013,22000
TKM,2014,36500
TKM,2015,36500
TKM,2016,41500
TKM,2017,42000
TKM,2018,41500
TKM,2019,42000
TKM,2020,57000
TLS,2010,1332
TLS,2011,1330
TLS,2012,1330
TLS,2013,1330
TLS,2014,1330
TLS,2015,1330
TLS,2016,1330
TLS,2017,2000
TLS,2018,2200
TLS,2019,2000
TLS,2020,2000
TTO,2010,4063
TTO,2011,4050
TTO,2012,4050
TTO,2013,4050
TTO,2014,4050
TTO,2015,4050
TTO,2016,4050
TTO,2017,4000
TTO,2018,4050
TTO,2019,5000
TTO,2020,5000
TUN,2010,47800
TUN,2011,47800
TUN,2012,47800
TUN,2013,47800
TUN,2014,47800
TUN,2015,47800
TUN,2016,47800
TUN,2017,48000
TUN,2018,47800
TUN,2019,48000
TUN,2020,48000
TUR,2010,612800
TUR,2011,612800
TUR,2012,612800
TUR,2013,612800
TUR,2014,612800
TUR,2015,512000
TUR,2016,512000
TUR,2017,512000
TUR,2018,512200
TUR,2019,512000
TUR,2020,512000
TZA,2010,28400
TZA,2011,28400
TZA,2012,28400
TZA,2013,28400
TZA,2014,28400
TZA,2015,28400
TZA,2016,28400
TZA,2017,28000
TZA,2018,28000
TZA,2019,28000
TZA,2020,28000
UGA,2010,46800
UGA,2011,46800
UGA,2012,46800
UGA,2013,46800
UGA,2014,46800
UGA,2015,46400
UGA,2016,46400
UGA,2017,46000
UGA,2018,46000
UGA,2019,46000
UGA,2020,46000
UKR,2010,214825
UKR,2011,214850
UKR,2012,214850
UKR,2013,121500
UKR,2014,204000
UKR,2015,256000
UKR,2016,292000
UKR,2017,297000
UKR,2018,297000
UKR,2019,311000
UKR,2020,298000
URY,2010,25439
URY,2011,25450
URY,2012,25450
URY,2013,25450
URY,2014,25450
URY,2015,25450
URY,2016,25450
URY,2017,22000
URY,2018,22100
URY,2019,22000
URY,2020,22000
USA,2010,1569417
USA,2011,1520100
USA,2012,1492200
USA,2013,1433150
USA,2014,1381250
USA,2015,1347300
USA,2016,1348400
USA,2017,1359000
USA,2018,1379800
USA,2019,1388000
USA,2020,1395000
UZB,2010,87000
UZB,2011,68000
UZB,2012,68000
UZB,2013,68000
UZB,2014,68000
UZB,2015,68000
UZB,2016,68000
UZB,2017,68000
UZB,2018,68000
UZB,2019,68000
UZB,2020,68000
VEN,2010,115000
VEN,2011,115000
VEN,2012,115000
VEN,2013,115000
VEN,2014,265000
VEN,2015,265000
VEN,2016,273000
VEN,2017,343000
VEN,2018,343000
VEN,2019,343000
VEN,2020,343000
VNM,2010,522000
VNM,2011,522000
VNM,2012,522000
VNM,2013,522000
VNM,2014,522000
VNM,2015,522000
VNM,2016,522000
VNM,2017,522000
VNM,2018,522000
VNM,2019,522000
VNM,2020,522000
WLD,2010,28133971
WLD,2011,28020079
WLD,2012,28154374
WLD,2013,27206623
WLD,2014,27309630
WLD,2015,27437280
WLD,2016,27542350
WLD,2017,27414000
WLD,2018,27645315
WLD,2019,27671000
WLD,2020,27406000
YEM,2010,137900
YEM,2011,137900
YEM,2012,137900
YEM,2013,137900
YEM,2014,20000
YEM,2015,20000
YEM,2016,20000
YEM,2017,40000
YEM,2018,20000
YEM,2019,40000
YEM,2020,40000
ZAF,2010,77153
ZAF,2011,77582
ZAF,2012,62100
ZAF,2013,77150
ZAF,2014,82250
ZAF,2015,82150
ZAF,2016,81400
ZAF,2017,80000
ZAF,2018,89650
ZAF,2019,90000
ZAF,2020,89000
ZMB,2010,16500
ZMB,2011,16500
ZMB,2012,16500
ZMB,2013,16500
ZMB,2014,16500
ZMB,2015,16500
ZMB,2016,16500
ZMB,2017,16000
ZMB,2018,16100
ZMB,2019,16000
ZMB,2020,16000
ZWE,2010,50800
ZWE,2011,50800
ZWE,2012,50800
ZWE,2013,50800
ZWE,2014,50800
ZWE,2015,50800
ZWE,2016,50800
ZWE,2017,51000
ZWE,2018,51000
ZWE,2019,51000
ZWE,2020,51000
