# World Bank Open Data NE.TRD.GNFS.ZS, last updated 2026-07-13, CC BY 4.0
iso3,year,value
AFG,2020,46.7098945514103
AFG,2021,51.4117163747271
AFG,2022,72.8854696086536
AFG,2023,66.9995780621951
AFG,2024,83.763025087768
AGO,2010,90.9940631357987
AGO,2011,89.0369443426985
AGO,2012,81.939478548327
AGO,2013,77.3498013719917
AGO,2014,69.5801424480502
AGO,2015,54.9793808780995
AGO,2016,46.3256130571521
AGO,2017,44.9963253203189
AGO,2018,58.2698953890633
AGO,2019,60.3713068739603
AGO,2020,54.6604030683749
AGO,2021,62.5287705320674
AGO,2022,56.5380722280743
AGO,2023,53.6070126498686
AGO,2024,49.8489506740963
AGO,2025,34.6466403704517
ALB,2010,75.5325329687378
ALB,2011,80.6989985298954
ALB,2012,76.9683583166821
ALB,2013,75.7506185619748
ALB,2014,75.0212023084129
ALB,2015,71.2794476606014
ALB,2016,74.0144504546815
ALB,2017,76.7873817898989
ALB,2018,75.6940783717425
ALB,2019,75.382128932689
ALB,2020,59.5206994391875
ALB,2021,75.5904040905009
ALB,2022,84.6980435944865
ALB,2023,82.3524933990723
ALB,2024,79.4546360752224
ALB,2025,79.5328146239161
ARE,2010,135.485740301669
ARE,2011,144.176829734392
ARE,2012,156.637656972961
ARE,2013,157.398122639247
ARE,2014,159.515630313713
ARE,2015,164.286142899252
ARE,2016,165.394966240337
ARE,2017,165.476523652994
ARE,2018,154.747042166299
ARE,2019,163.822149025614
ARE,2020,181.291940227998
ARE,2021,182.909401076776
ARE,2022,185.741660631894
ARE,2023,199.044950127107
ARG,2010,34.9710132635696
ARG,2011,35.2061549999644
ARG,2012,30.5265423717108
ARG,2013,29.3339290021037
ARG,2014,28.4067936452275
ARG,2015,22.4862260889792
ARG,2016,26.0938878488799
ARG,2017,25.2896011376779
ARG,2018,30.7625359549926
ARG,2019,32.6306150458499
ARG,2020,30.203698807416
ARG,2021,33.078689567466
ARG,2022,31.5801792606256
ARG,2023,26.6769512482215
ARG,2024,27.929760849367
ARG,2025,30.364633685192
ARM,2010,64.642975973633
ARM,2011,69.4355736620453
ARM,2012,75.9616759606704
ARM,2013,77.5550481598824
ARM,2014,75.778866962639
ARM,2015,71.6820743427575
ARM,2016,76.0779674593548
ARM,2017,87.202376539837
ARM,2018,92.473107021212
ARM,2019,97.847004865327
ARM,2020,70.1213571368789
ARM,2021,79.2489057647112
ARM,2022,103.878629213508
ARM,2023,123.418750077627
ARM,2024,150.064726588742
ARM,2025,101.705936395702
ATG,2014,141.546161057996
ATG,2015,130.071549851721
ATG,2016,132.025917905085
ATG,2017,127.664323582144
ATG,2018,130.655152659419
ATG,2019,137.537783631991
ATG,2020,94.289529886499
ATG,2021,101.074960584779
ATG,2022,118.302584056113
AUS,2010,40.3905070860606
AUS,2011,41.7219860149689
AUS,2012,43.0198495527558
AUS,2013,41.100511881056
AUS,2014,42.2993095385282
AUS,2015,41.4947506939901
AUS,2016,40.813402217321
AUS,2017,42.0354135251854
AUS,2018,43.5732253645218
AUS,2019,46.0016827052171
AUS,2020,44.499564103879
AUS,2021,40.2022359390595
AUS,2022,45.6946418805752
AUS,2023,49.044339318428
AUS,2024,47.1453811065195
AUS,2025,45.9014493880126
AUT,2010,99.6448825546716
AUT,2011,105.775098372378
AUT,2012,105.840791389706
AUT,2013,104.985374015367
AUT,2014,104.49673998926
AUT,2015,103.11758174626
AUT,2016,101.573494597172
AUT,2017,105.556066755438
AUT,2018,108.377969971828
AUT,2019,108.207284904426
AUT,2020,99.9482141095975
AUT,2021,111.032932124165
AUT,2022,123.579578652902
AUT,2023,115.152914822732
AUT,2024,108.825777834405
AUT,2025,107.01983926573
AZE,2010,74.9859884610856
AZE,2011,80.5080450059522
AZE,2012,78.263069540422
AZE,2013,74.6758447629851
AZE,2014,69.4832251953347
AZE,2015,72.6015079073189
AZE,2016,90.0773187345677
AZE,2017,90.4023156823216
AZE,2018,91.6725765369825
AZE,2019,85.8181454084561
AZE,2020,72.0178676487811
AZE,2021,76.286865687015
AZE,2022,86.9822732541779
AZE,2023,83.5358861156321
AZE,2024,82.5675246316515
AZE,2025,79.8295815452306
BEL,2010,150.162563621427
BEL,2011,160.765516888126
BEL,2012,160.383301425059
BEL,2013,157.573622782434
BEL,2014,158.571610953523
BEL,2015,155.068682045926
BEL,2016,159.057696611945
BEL,2017,166.904078237791
BEL,2018,168.277692877218
BEL,2019,165.46547893199
BEL,2020,156.950121282783
BEL,2021,177.381912201075
BEL,2022,191.053418131592
BEL,2023,165.987440736442
BEL,2024,159.023481148927
BEL,2025,152.917788719365
BEN,2010,51.4308599492924
BEN,2011,47.2170288118403
BEN,2012,50.7367367791134
BEN,2013,59.2001918331875
BEN,2014,65.2682749404551
BEN,2015,56.7563131849476
BEN,2016,58.9869283378276
BEN,2017,61.4765969588474
BEN,2018,61.7951944903448
BEN,2019,63.68133231423
BEN,2020,44.8332333768726
BEN,2021,48.0548608324409
BEN,2022,44.3815928877424
BEN,2023,44.6631308180211
BEN,2024,40.6398022401523
BEN,2025,37.1169356248994
BFA,2010,49.0732385398039
BFA,2011,57.4972531038508
BFA,2012,61.2386079818398
BFA,2013,64.0358513024234
BFA,2014,58.8235624937426
BFA,2015,59.0891813101662
BFA,2016,57.8931727994406
BFA,2017,59.2687802020168
BFA,2018,60.5956256236488
BFA,2019,60.4086928753226
BFA,2020,60.7397786403239
BFA,2021,62.4203586607795
BFA,2022,67.5202901331655
BFA,2023,63.1530435873964
BFA,2024,60.492898852298
BFA,2025,65.0029506969427
BGD,2010,37.8028426708321
BGD,2011,47.4208498356898
BGD,2012,48.1109227490467
BGD,2013,46.2964027228174
BGD,2014,44.5140801968096
BGD,2015,42.0859963070382
BGD,2016,31.3341501346142
BGD,2017,29.9997306724343
BGD,2018,32.5146317240884
BGD,2019,31.5780544912404
BGD,2020,26.271447376215
BGD,2021,27.7240047036631
BGD,2022,33.7799672705735
BGD,2023,30.9829714104596
BGD,2024,26.7780758040478
BGD,2025,27.9505840425563
BGR,2010,103.380518426721
BGR,2011,117.418101416931
BGR,2012,123.97132336227
BGR,2013,129.688685003845
BGR,2014,130.248372124871
BGR,2015,126.736652288689
BGR,2016,122.805519071127
BGR,2017,129.634433774038
BGR,2018,129.166502231244
BGR,2019,125.260415075086
BGR,2020,110.423903082333
BGR,2021,121.214091012604
BGR,2022,138.844872770267
BGR,2023,119.899505851916
BGR,2024,110.226317731322
BGR,2025,102.514263507931
BHR,2010,115.561486449616
BHR,2011,167.529641035854
BHR,2012,178.824020821684
BHR,2013,184.58950884485
BHR,2014,168.57585814186
BHR,2015,147.916060172904
BHR,2016,132.822997902774
BHR,2017,136.429239810394
BHR,2018,144.075372574535
BHR,2019,135.417543398211
BHR,2020,135.460985012931
BHR,2021,153.799316485108
BHR,2022,167.141241152535
BHR,2023,157.447854682297
BHR,2024,157.480869430187
BHS,2010,78.6756024311196
BHS,2011,88.3336891598687
BHS,2012,84.2515204656543
BHS,2013,84.5484138879077
BHS,2014,80.5370272284116
BHS,2015,69.6779752652565
BHS,2016,67.212921580015
BHS,2017,68.334284038596
BHS,2018,72.1542685971043
BHS,2019,68.7866234842208
BHS,2020,53.4207580670063
BHS,2021,65.9325413308964
BHS,2022,75.9829601059237
BHS,2023,76.5494751592857
BHS,2024,79.2424586933455
BIH,2010,80.9682159626823
BIH,2011,87.8363477136556
BIH,2012,88.1451088628529
BIH,2013,87.9312380280562
BIH,2014,90.5522780395662
BIH,2015,88.291992587588
BIH,2016,88.2440340022738
BIH,2017,96.6458803566861
BIH,2018,98.4320694182631
BIH,2019,94.516125154246
BIH,2020,82.5216467994007
BIH,2021,96.7391144408744
BIH,2022,110.205283719751
BIH,2023,99.6330317954442
BIH,2024,94.7601778509961
BIH,2025,95.1215717200063
BLR,2010,115.917972989303
BLR,2011,157.974255073313
BLR,2012,153.085269313372
BLR,2013,119.815965235724
BLR,2014,110.651424367582
BLR,2015,115.914826201946
BLR,2016,125.209322899662
BLR,2017,133.367754723012
BLR,2018,139.393736250171
BLR,2019,130.850406102184
BLR,2020,118.934176146534
BLR,2021,136.014167877476
BLR,2022,120.024207576094
BLR,2023,131.584674884961
BLR,2024,128.242832314614
BLR,2025,112.107625821378
BLZ,2010,94.8581591507411
BLZ,2011,106.914960208874
BLZ,2012,111.166652365429
BLZ,2013,108.672614067831
BLZ,2014,107.112517468788
BLZ,2015,104.070958799941
BLZ,2016,96.4998358304218
BLZ,2017,97.7072571800462
BLZ,2018,100.989214362975
BLZ,2019,102.441856907677
BLZ,2020,81.6431433128545
BLZ,2021,98.9824369429997
BLZ,2022,107.840250086037
BLZ,2023,106.400505850771
BLZ,2024,108.972446521476
BOL,2010,75.5116262512877
BOL,2011,82.4803954243518
BOL,2012,84.9487611684942
BOL,2013,81.2309075267174
BOL,2014,85.2644695625131
BOL,2015,67.9328451905248
BOL,2016,56.4010345026573
BOL,2017,45.5761123650708
BOL,2018,46.9261953417368
BOL,2019,45.8209732749024
BOL,2020,37.5164342446486
BOL,2021,47.6670843158984
BOL,2022,57.5249335789631
BOL,2023,49.6083255594597
BOL,2024,46.9778716148403
BRA,2010,22.772178113177
BRA,2011,23.9344051758721
BRA,2012,25.1142736107398
BRA,2013,25.7859573274674
BRA,2014,24.6854058131291
BRA,2015,26.95362593736
BRA,2016,24.5336820777006
BRA,2017,24.3197343743057
BRA,2018,28.8762033763866
BRA,2019,28.8902578698964
BRA,2020,32.3020785437939
BRA,2021,37.6563307598082
BRA,2022,38.8160659763397
BRA,2023,33.6662298301438
BRA,2024,35.5845239386244
BRA,2025,35.2914822615074
BRN,2010,95.3715460226132
BRN,2011,99.5379309038179
BRN,2012,105.640902140819
BRN,2013,110.939599584216
BRN,2014,102.421000963035
BRN,2015,89.8961882533585
BRN,2016,87.319801332806
BRN,2017,85.1768604269985
BRN,2018,93.8980617666778
BRN,2019,108.509658357959
BRN,2020,110.291003658452
BRN,2021,147.123112375318
BRN,2022,146.973965879597
BRN,2023,136.86343465048
BRN,2024,132.58743952196
BRN,2025,123.609124931602
BTN,2010,105.010666693593
BTN,2011,102.795600221106
BTN,2012,94.0450271469571
BTN,2013,95.0525382780424
BTN,2014,87.9342562013295
BTN,2015,89.6391604595496
BTN,2016,76.3847528498375
BTN,2017,76.7884016850221
BTN,2018,79.7397203296083
BTN,2019,76.1235167041505
BTN,2020,71.8303510394637
BTN,2021,77.5824482709826
BTN,2022,85.5712165226139
BTN,2023,81.7366278539811
BTN,2024,79.3625417953324
BWA,2010,94.6390020873926
BWA,2011,98.9614677801469
BWA,2012,111.875280620952
BWA,2013,125.78303991122
BWA,2014,119.497541791464
BWA,2015,112.900891016005
BWA,2016,100.464689766026
BWA,2017,81.9239513763494
BWA,2018,87.4551039946493
BWA,2019,83.0929813601175
BWA,2020,80.3250344865506
BWA,2021,91.0478497403998
BWA,2022,86.0696039867252
BWA,2023,70.1128327324509
BWA,2024,69.4453508747185
BWA,2025,69.5446677858652
CAF,2010,34.4304819543042
CAF,2011,34.4756183327299
CAF,2012,33.0594485943314
CAF,2013,38.3992875721315
CAF,2014,53.0950920179825
CAF,2015,53.1451477769621
CAF,2016,50.53064402191
CAF,2017,57.1435457117119
CAF,2018,49.6602000024318
CAF,2019,50.0658000014868
CAF,2020,49.5210200011921
CAF,2021,44.159119995104
CAF,2022,45.23357000162
CAF,2023,43.480570208358
CAF,2024,46.4318999802251
CAF,2025,52.9067459083503
CAN,2010,60.2079046752442
CAN,2011,62.4984217100546
CAN,2012,62.5957887432013
CAN,2013,62.2315329073432
CAN,2014,64.3785976132125
CAN,2015,66.1648355844224
CAN,2016,65.3636199818813
CAN,2017,65.1009087910845
CAN,2018,66.59982627163
CAN,2019,66.1713422730605
CAN,2020,61.1566883386797
CAN,2021,62.2468612630348
CAN,2022,66.9531620692051
CAN,2023,66.5745425015033
CAN,2024,65.1214987304374
CAN,2025,63.5105049692227
CHE,2010,119.202460523177
CHE,2011,125.047367558638
CHE,2012,125.865940588688
CHE,2013,132.800535321539
CHE,2014,119.230530793932
CHE,2015,116.370019931647
CHE,2016,122.941735178779
CHE,2017,122.948395589146
CHE,2018,123.499829706856
CHE,2019,123.022509832864
CHE,2020,121.451100609762
CHE,2021,128.004119652561
CHE,2022,136.235871048363
CHE,2023,129.7371945484
CHE,2024,130.354516041578
CHE,2025,147.162051317959
CHL,2010,69.7176802332624
CHL,2011,72.481642209343
CHL,2012,68.1561435339271
CHL,2013,65.1432877063737
CHL,2014,65.6346274347707
CHL,2015,59.3491105681231
CHL,2016,56.0578603070995
CHL,2017,56.0261586393213
CHL,2018,58.1770513035882
CHL,2019,57.6069157856537
CHL,2020,58.1687693933374
CHL,2021,64.8399924791736
CHL,2022,75.2334197533759
CHL,2023,60.6766444736157
CHL,2024,63.9577465302563
CHL,2025,64.984377042281
CHN,2010,49.8540722338977
CHN,2011,49.9458272253643
CHN,2012,47.4802130784317
CHN,2013,45.9160413795571
CHN,2014,44.0684564812532
CHN,2015,38.6971848362625
CHN,2016,36.177170692978
CHN,2017,36.95085261586
CHN,2018,36.8943843914718
CHN,2019,35.4544350281407
CHN,2020,34.337778473884
CHN,2021,36.6428789643754
CHN,2022,37.512555678171
CHN,2023,36.7391496938394
CHN,2024,37.9560601372544
CHN,2025,37.9563878652312
CIV,2010,67.472940081257
CIV,2011,64.7159030611345
CIV,2012,70.3010893191249
CIV,2013,58.3526792527234
CIV,2014,53.6804175610344
CIV,2015,52.7153604615931
CIV,2016,47.5655783613535
CIV,2017,48.6625074729482
CIV,2018,46.0375087102874
CIV,2019,44.6604105830795
CIV,2020,41.9426318190526
CIV,2021,45.1140327762435
CIV,2022,52.8663910413483
CIV,2023,48.8170039103332
CIV,2024,51.2649845400983
CIV,2025,54.5579069336573
CMR,2010,47.2385853965951
CMR,2011,51.521987603918
CMR,2012,50.0360127271229
CMR,2013,49.6745363462134
CMR,2014,50.8323893087648
CMR,2015,45.5401468279393
CMR,2016,40.6386315268268
CMR,2017,39.1990216052629
CMR,2018,40.587602877028
CMR,2019,43.3785132480415
CMR,2020,33.7388313623871
CMR,2021,36.7308347188558
CMR,2022,41.2866025594679
CMR,2023,37.8903321242578
CMR,2024,34.4031785915423
CMR,2025,33.3842706629963
COD,2010,80.9975153909582
COD,2011,83.4133637998303
COD,2012,66.7056747465748
COD,2013,72.5557545139014
COD,2014,74.1131729382021
COD,2015,57.7539236163245
COD,2016,68.0083342860132
COD,2017,65.9184525277578
COD,2018,72.5591739081336
COD,2019,60.9143523742792
COD,2020,61.0284707727916
COD,2021,75.3870523860732
COD,2022,85.8221691879958
COD,2023,86.7400581798289
COD,2024,94.2484870645646
COD,2025,87.3342878785207
COG,2010,124.064754399607
COG,2011,124.591742710141
COG,2012,97.444435145443
COG,2013,93.0028633915235
COG,2014,104.197620103417
COG,2015,117.320721558581
COG,2016,122.259818284021
COG,2017,94.6170952583422
COG,2018,100.583216779714
COG,2019,91.5757547930374
COG,2020,69.3066247188397
COG,2021,85.5462031552188
COG,2022,98.1613366922001
COG,2023,96.2103944039618
COG,2024,93.1881220839752
COG,2025,91.6690172364453
COL,2010,34.2646031687681
COL,2011,39.4704235545367
COL,2012,38.835151018669
COL,2013,37.9866487978457
COL,2014,37.4874656411103
COL,2015,38.3607641184453
COL,2016,36.202652984202
COL,2017,35.2829149424588
COL,2018,36.5347527968973
COL,2019,37.558533980839
COL,2020,34.0555709680101
COL,2021,40.0591463936128
COL,2022,48.2826551123359
COL,2023,40.1333165322581
COL,2024,36.3179938785373
COL,2025,35.3689564685036
COM,2010,39.5501057977388
COM,2011,40.0009485841888
COM,2012,40.8104424055408
COM,2013,39.2433304243612
COM,2014,39.2358265722767
COM,2015,37.8049520714563
COM,2016,37.1328797158337
COM,2017,40.164358921352
COM,2018,42.996153341343
COM,2019,42.2680785350184
COM,2020,33.7299346157491
COM,2021,42.0677236496077
COM,2022,50.3887704882382
COM,2023,44.4398634497089
COM,2024,41.4806352919635
COM,2025,40.8852246183221
CPV,2010,85.5484498816191
CPV,2011,90.5564501122747
CPV,2012,90.649916554117
CPV,2013,86.1698600308418
CPV,2014,91.3038524117221
CPV,2015,94.0084870167993
CPV,2016,95.3781398609533
CPV,2017,100.052133904219
CPV,2018,105.867524052105
CPV,2019,103.602656463726
CPV,2020,78.3934545931901
CPV,2021,77.4550586265341
CPV,2022,96.9941368513357
CPV,2023,95.0324943346692
CPV,2024,96.9022561569006
CPV,2025,95.3284601191981
CRI,2010,67.5120894036891
CRI,2011,68.6391459050112
CRI,2012,67.0485391393947
CRI,2013,64.0664108162845
CRI,2014,65.1912422181011
CRI,2015,60.7535621474841
CRI,2016,62.178478293067
CRI,2017,65.0719536997344
CRI,2018,66.7874137887726
CRI,2019,65.4194732486775
CRI,2020,59.7463550719484
CRI,2021,70.103693305909
CRI,2022,79.0523903153884
CRI,2023,71.4380310340536
CRI,2024,69.8533786394509
CRI,2025,71.4919046503354
CUB,2010,40.2919413008332
CUB,2011,46.9604290476881
CUB,2012,45.8662036340766
CUB,2013,44.3238969253902
CUB,2014,39.2741528539069
CUB,2015,31.6138124793419
CUB,2016,27.2691132420785
CUB,2017,26.2224363787618
CUB,2018,27.0835484486147
CUB,2019,22.8208911354416
CUB,2020,15.6829868097474
CUB,2021,80.0237703083904
CUB,2022,93.8607755890525
CUB,2023,120.533878427187
CUB,2024,124.863238865053
CYP,2010,108.901699269523
CYP,2011,110.617131287039
CYP,2012,112.344273297273
CYP,2013,120.926200639389
CYP,2014,130.84436307939
CYP,2015,137.276426477193
CYP,2016,139.022098457248
CYP,2017,148.013355558135
CYP,2018,147.623567410054
CYP,2019,150.50616312951
CYP,2020,160.66871645997
CYP,2021,176.82773681987
CYP,2022,205.753530252705
CYP,2023,190.740957956519
CYP,2024,190.40287092076
CYP,2025,189.496102105437
CZE,2010,126.756480116798
CZE,2011,136.750855542438
CZE,2012,145.480195396935
CZE,2013,145.502230624961
CZE,2014,156.415122826886
CZE,2015,154.018400997633
CZE,2016,148.547004664435
CZE,2017,147.750834854762
CZE,2018,145.141717890789
CZE,2019,138.154609993871
CZE,2020,128.780430305965
CZE,2021,137.378116302868
CZE,2022,144.011494109397
CZE,2023,131.892598295876
CZE,2024,131.466608125579
CZE,2025,128.039437374276
DEU,2010,73.8852351200263
DEU,2011,78.433002901442
DEU,2012,79.3316495670315
DEU,2013,77.5860288576931
DEU,2014,76.8483516336234
DEU,2015,77.7565815686922
DEU,2016,76.0059902166055
DEU,2017,77.4548394742448
DEU,2018,79.1252260463654
DEU,2019,79.0732427175683
DEU,2020,72.9335327120137
DEU,2021,79.9195348609851
DEU,2022,88.7857542130501
DEU,2023,81.9625483787634
DEU,2024,79.0907305894936
DEU,2025,78.5128112199127
DJI,2013,347.720317058403
DJI,2014,298.564535821251
DJI,2015,268.363456254629
DJI,2016,213.071998607921
DJI,2017,305.967966403468
DJI,2018,300.398900523844
DJI,2019,320.93923036418
DJI,2020,225.744871323723
DJI,2021,263.477728733891
DJI,2022,302.285409231545
DJI,2023,285.902043800644
DJI,2024,241.237463098287
DJI,2025,206.296043192215
DNK,2010,94.3877282319057
DNK,2011,102.012930474308
DNK,2012,104.362280505171
DNK,2013,103.612813249189
DNK,2014,103.210859225139
DNK,2015,105.130362453899
DNK,2016,101.452783808643
DNK,2017,104.215676920442
DNK,2018,108.813985501909
DNK,2019,111.891475065653
DNK,2020,104.433432671151
DNK,2021,112.321472697291
DNK,2022,131.995824909071
DNK,2023,129.625337431278
DNK,2024,131.765030975207
DNK,2025,129.222304332118
DOM,2010,56.0573964175321
DOM,2011,59.0692578401698
DOM,2012,58.5062536731089
DOM,2013,56.8137658014945
DOM,2014,55.6601041506633
DOM,2015,52.3471238667007
DOM,2016,51.7306571245477
DOM,2017,50.7595355508472
DOM,2018,52.3351709577013
DOM,2019,50.912982200697
DOM,2020,44.7331613466756
DOM,2021,51.9500227303115
DOM,2022,54.3781976712844
DOM,2023,49.8436131764417
DOM,2024,51.7835143952326
DOM,2025,51.4949057079303
DZA,2010,63.4912159928425
DZA,2011,62.2200899610479
DZA,2012,60.7576393340605
DZA,2013,59.151008157244
DZA,2014,56.9235419669867
DZA,2015,53.2046225904145
DZA,2016,49.7609327925216
DZA,2017,49.8208161712587
DZA,2018,52.4361676779223
DZA,2019,46.5068426081672
DZA,2020,40.3897565625388
DZA,2021,46.8370592599607
DZA,2022,51.1900893683897
DZA,2023,43.7397984507007
DZA,2024,40.1345741170703
DZA,2025,38.9789440161631
ECU,2010,65.7773849135062
ECU,2011,70.0356837525249
ECU,2012,67.0029290916898
ECU,2013,63.4333003342414
ECU,2014,61.4263766217565
ECU,2015,47.8280397077826
ECU,2016,40.5344917996647
ECU,2017,43.6177233172817
ECU,2018,48.0093476154836
ECU,2019,48.0828494933307
ECU,2020,43.9893109378389
ECU,2021,53.261275610573
ECU,2022,61.880792818786
ECU,2023,57.1626938264309
ECU,2024,57.4436448205751
ECU,2025,59.3567812036511
EGY,2010,47.9363500745898
EGY,2011,45.2556341623514
EGY,2012,40.7117692721084
EGY,2013,40.373038056332
EGY,2014,36.9201877934272
EGY,2015,34.8459429600229
EGY,2016,30.2465490514505
EGY,2017,42.8321343581608
EGY,2018,45.9110196733959
EGY,2019,41.1240171551108
EGY,2020,32.1262555667523
EGY,2021,29.8569734808122
EGY,2022,36.9831048772713
EGY,2023,40.4504007720031
EGY,2024,39.6007520873733
EGY,2025,51.334347878828
ERI,2010,37.4714654565691
ERI,2011,47.3937901188684
ESP,2010,52.6933699734019
ESP,2011,58.5118228859632
ESP,2012,60.5540346961864
ESP,2013,61.6687726441327
ESP,2014,63.39926213895
ESP,2015,63.5820412248232
ESP,2016,63.1886778507294
ESP,2017,66.167446137857
ESP,2018,67.0094103982921
ESP,2019,66.3662250440692
ESP,2020,59.4461280147076
ESP,2021,66.524588943191
ESP,2022,78.4657338703054
ESP,2023,71.7976366055733
ESP,2024,69.9502612382631
ESP,2025,69.4508260073781
EST,2010,143.671762256978
EST,2011,166.7460724339
EST,2012,169.156067773865
EST,2013,164.601632156916
EST,2014,157.953944842229
EST,2015,148.507157123558
EST,2016,147.7462327097
EST,2017,144.635650944133
EST,2018,143.485224864735
EST,2019,140.352147998549
EST,2020,137.392641283846
EST,2021,160.471922305927
EST,2022,175.68711950524
EST,2023,154.592617111149
EST,2024,151.037702410455
EST,2025,155.759916645579
ETH,2011,48.232935411689
ETH,2012,45.3979041835072
ETH,2013,41.4717870807625
ETH,2014,40.7410841498626
ETH,2015,39.6561241449515
ETH,2016,34.8990210816111
ETH,2017,31.1036494929016
ETH,2018,31.1993689777881
ETH,2019,28.8152939292608
ETH,2020,24.0061143414049
ETH,2021,24.3450574655662
ETH,2022,26.5954996964257
ETH,2023,20.5982015071406
ETH,2024,17.4004358586815
ETH,2025,33.4597826561314
FIN,2010,75.4612085231229
FIN,2011,78.7159444486606
FIN,2012,79.4303765882482
FIN,2013,77.485171771574
FIN,2014,74.6277719754196
FIN,2015,71.9618253787014
FIN,2016,71.7222101178859
FIN,2017,75.9387822310041
FIN,2018,79.1436148422846
FIN,2019,80.5641502947367
FIN,2020,72.1845955995888
FIN,2021,79.7892781913782
FIN,2022,94.5625340522667
FIN,2023,85.5141847218915
FIN,2024,83.4510295550974
FIN,2025,83.3959439712015
FJI,2010,121.227903395671
FJI,2011,124.476834805196
FJI,2012,125.285791685112
FJI,2013,126.348386724849
FJI,2014,110.812306063192
FJI,2015,101.189048956211
FJI,2016,97.1744905841206
FJI,2017,97.0216625258442
FJI,2018,103.235419948556
FJI,2019,110.696192117501
FJI,2020,78.0763651830605
FJI,2021,87.2159321837078
FJI,2022,119.213746657784
FJI,2023,126.282134510517
FJI,2024,118.962880886427
FRA,2010,56.587555247796
FRA,2011,60.6056354816406
FRA,2012,61.6589570771102
FRA,2013,61.8192338733962
FRA,2014,62.1992669379507
FRA,2015,63.5046871956484
FRA,2016,63.3427564383351
FRA,2017,65.3958481559711
FRA,2018,66.8022607812266
FRA,2019,66.4289607281749
FRA,2020,58.8388907240647
FRA,2021,63.788482630872
FRA,2022,75.9630077981996
FRA,2023,70.6261450610225
FRA,2024,68.1081875443744
FRA,2025,67.1923772838849
FSM,2010,107.534246575342
FSM,2011,108.116883116883
FSM,2012,112.654320987654
FSM,2013,114.331210191083
FSM,2014,106.645569620253
FSM,2015,106.410256410256
FSM,2016,100.611620795107
FSM,2017,102.216066481994
FSM,2018,105.837563451777
FSM,2019,106.582278481013
FSM,2020,93.858263831289
FSM,2021,90.3979270784948
FSM,2022,104.760485019371
FSM,2023,95.2648407722683
FSM,2024,96.4413755948864
FSM,2025,93.0654112335332
GAB,2010,89.1576627248353
GAB,2011,90.4983773331323
GAB,2012,92.3428089420545
GAB,2013,90.6350361478645
GAB,2014,73.5203290162438
GAB,2015,73.9497814588281
GAB,2016,70.1333810645308
GAB,2017,75.0687404456638
GAB,2018,77.0365976973024
GAB,2019,73.4280894486644
GAB,2020,70.1140546463796
GAB,2021,85.3483122054787
GAB,2022,92.0630888496921
GAB,2023,91.4786533179144
GAB,2024,92.0468055146014
GAB,2025,84.8918905135603
GBR,2010,59.0511802227821
GBR,2011,63.3240615708901
GBR,2012,61.9688704472535
GBR,2013,61.7195395154583
GBR,2014,58.8210228333296
GBR,2015,57.125044605439
GBR,2016,59.8395315138259
GBR,2017,63.1899245764158
GBR,2018,64.9097721959201
GBR,2019,65.0035664177054
GBR,2020,59.1598893030611
GBR,2021,58.53838629291
GBR,2022,69.1989264413981
GBR,2023,64.9923841747803
GBR,2024,62.839052044584
GBR,2025,62.4573294634195
GEO,2010,81.6733870603639
GEO,2011,85.4659350932986
GEO,2012,89.7348800946338
GEO,2013,93.8139137895532
GEO,2014,94.9506979383393
GEO,2015,97.0163115086257
GEO,2016,94.9262528383443
GEO,2017,102.584277697146
GEO,2018,109.847740556266
GEO,2019,117.810080239714
GEO,2020,92.8910841752194
GEO,2021,101.60090754891
GEO,2022,114.695437688718
GEO,2023,107.151179161579
GEO,2024,103.456471463024
GEO,2025,100.627997400937
GHA,2010,75.3778157916824
GHA,2011,86.2954538549695
GHA,2012,93.1680351286831
GHA,2013,60.7593219028775
GHA,2014,63.8365624430783
GHA,2015,76.5212709243242
GHA,2016,67.8769994445865
GHA,2017,70.5483652904116
GHA,2018,67.9585174644902
GHA,2019,76.824802732152
GHA,2020,66.5754987162431
GHA,2021,62.7078309128346
GHA,2022,70.1154557937915
GHA,2023,64.3878615301086
GHA,2024,68.9668717609486
GIN,2010,73.5465739340387
GIN,2011,85.9546732708386
GIN,2012,86.6743318322581
GIN,2013,80.4264477180461
GIN,2014,76.7719658952305
GIN,2015,72.4427307469345
GIN,2016,111.839467415368
GIN,2017,101.251633768429
GIN,2018,88.984111543709
GIN,2019,78.4153132285974
GIN,2020,115.765259518929
GIN,2021,115.195532789356
GIN,2022,94.1652726931221
GIN,2023,95.829526758227
GIN,2024,97.7778177313259
GIN,2025,103.678013340369
GMB,2010,41.0125150279466
GMB,2011,42.6397020468894
GMB,2012,47.7006731141985
GMB,2013,45.4619193623296
GMB,2014,58.2579307752264
GMB,2015,44.5223730803813
GMB,2016,38.1140879565948
GMB,2017,55.7335796090833
GMB,2018,64.8124640003735
GMB,2019,55.9979116186993
GMB,2020,47.3955201736291
GMB,2021,42.0979827971754
GMB,2022,44.7219215369466
GMB,2023,39.9620173467122
GMB,2024,42.1706172080435
GMB,2025,62.1713935326955
GNB,2010,43.5145876385454
GNB,2011,48.6174602066373
GNB,2012,44.1280665609795
GNB,2013,39.9574617805787
GNB,2014,46.8696583055238
GNB,2015,54.3703755891285
GNB,2016,54.3006730474711
GNB,2017,56.9137475938811
GNB,2018,55.0195890357005
GNB,2019,49.943905496502
GNB,2020,42.8852704163601
GNB,2021,44.8202242773261
GNB,2022,45.9934723683125
GNB,2023,42.4351515242076
GNB,2024,40.3719342566601
GNB,2025,40.8792835027354
GNQ,2010,144.668225001248
GNQ,2011,114.37734663649
GNQ,2012,116.675422472364
GNQ,2013,106.893284926066
GNQ,2014,104.379198671388
GNQ,2015,98.8780591680756
GNQ,2016,92.6007307237942
GNQ,2017,102.428258251803
GNQ,2018,103.645681622953
GNQ,2019,94.8787924253545
GNQ,2020,77.9278846441807
GNQ,2021,76.9666485998527
GNQ,2022,81.8130161368099
GNQ,2023,60.6886626813037
GNQ,2024,74.2894990329407
GNQ,2025,74.9321719146879
GRC,2010,50.9225181997227
GRC,2011,56.2929957941907
GRC,2012,62.3942117351318
GRC,2013,62.9547272215374
GRC,2014,66.4335364513677
GRC,2015,65.2716454619318
GRC,2016,63.6575490882866
GRC,2017,70.8824967397253
GRC,2018,79.2379908638706
GRC,2019,80.5900949510457
GRC,2020,70.2937464580745
GRC,2021,88.0126654490379
GRC,2022,108.121843229922
GRC,2023,92.4710882947018
GRC,2024,89.7765279446168
GRC,2025,83.4516228818392
GTM,2010,63.1251925746222
GTM,2011,65.0470510420457
GTM,2012,61.9594193352042
GTM,2013,56.6852489007381
GTM,2014,55.0832736168677
GTM,2015,49.8934518550985
GTM,2016,46.3727343925686
GTM,2017,46.0694034412912
GTM,2018,47.0116853424691
GTM,2019,45.5167341849579
GTM,2020,41.1407594007818
GTM,2021,49.261149442668
GTM,2022,54.4490964612191
GTM,2023,48.3297978472591
GTM,2024,47.3052981448815
GTM,2025,46.527609355823
HND,2010,109.441838241682
HND,2011,122.216902597337
HND,2012,121.188215808285
HND,2013,116.306049247436
HND,2014,112.97509728471
HND,2015,107.26440535424
HND,2016,99.8157169505924
HND,2017,101.813111079622
HND,2018,103.551162215452
HND,2019,99.4595352452417
HND,2020,88.0008563836292
HND,2021,103.372643459918
HND,2022,112.698524913966
HND,2023,98.7919798336365
HND,2024,91.6694117874122
HND,2025,91.507337541504
HRV,2010,72.6475745178258
HRV,2011,77.7839261603843
HRV,2012,79.0091759505258
HRV,2013,80.919621854334
HRV,2014,85.2166354640278
HRV,2015,90.6517861027716
HRV,2016,92.1393432283564
HRV,2017,97.2452344566878
HRV,2018,99.0845893099948
HRV,2019,101.395111645358
HRV,2020,89.5475327132272
HRV,2021,102.327614281062
HRV,2022,125.410793782261
HRV,2023,107.277801631602
HRV,2024,104.912403236133
HRV,2025,100.986286636193
HTI,2010,44.7215241260457
HTI,2011,44.1635704019387
HTI,2012,40.2582414988129
HTI,2013,40.3325097562551
HTI,2014,42.3515259071619
HTI,2015,41.9457381172044
HTI,2016,41.4109022161974
HTI,2017,42.0745477868911
HTI,2018,45.1385763027223
HTI,2019,44.5687187758294
HTI,2020,37.4138801252638
HTI,2021,33.4120026772124
HTI,2022,29.7746074753724
HTI,2023,25.2478984941791
HTI,2024,18.6547617785224
HTI,2025,15.8854793452678
HUN,2010,157.838960085896
HUN,2011,166.754347209897
HUN,2012,166.17569860957
HUN,2013,164.476024791467
HUN,2014,168.358355086413
HUN,2015,167.290738494524
HUN,2016,163.97194450015
HUN,2017,165.032855840268
HUN,2018,162.700858777925
HUN,2019,159.925556464831
HUN,2020,154.527002936377
HUN,2021,159.187527332834
HUN,2022,184.969952581351
HUN,2023,158.618825607913
HUN,2024,147.926666538068
HUN,2025,140.779303903333
IDN,2010,46.7012738758737
IDN,2011,50.1800131841104
IDN,2012,49.5828982992627
IDN,2013,48.6373726752893
IDN,2014,48.0801755855227
IDN,2015,41.9376402415294
IDN,2016,37.4213418023318
IDN,2017,39.3554970704606
IDN,2018,43.0743089552002
IDN,2019,37.6277775357108
IDN,2020,32.9721754002427
IDN,2021,40.2047582749671
IDN,2022,45.4646701959453
IDN,2023,41.4604765447233
IDN,2024,42.809937870822
IDN,2025,43.3912070511204
IND,2010,49.2552064974161
IND,2011,55.6238800135298
IND,2012,55.7937217287511
IND,2013,53.8441319466777
IND,2014,48.9221857470669
IND,2015,41.9229138658647
IND,2016,40.082485713276
IND,2017,40.7424969545225
IND,2018,43.6169693323889
IND,2019,39.9054035306442
IND,2020,37.7581053292768
IND,2021,45.4230887840446
IND,2022,50.6979382758042
IND,2023,46.3229520582338
IND,2024,45.9166907678748
IND,2025,46.2682006859907
IRL,2010,190.08027278672
IRL,2011,186.304879179038
IRL,2012,190.355682317985
IRL,2013,199.742586224446
IRL,2014,211.181602002085
IRL,2015,223.702938290642
IRL,2016,239.708527798768
IRL,2017,233.304083346711
IRL,2018,222.453716000399
IRL,2019,257.652772910421
IRL,2020,258.780437026252
IRL,2021,231.032350863586
IRL,2022,237.755419559378
IRL,2023,239.649627585111
IRL,2024,246.169874857401
IRL,2025,239.958912343567
IRN,2010,43.7706437371399
IRN,2011,41.2194147918578
IRN,2012,44.0893466807452
IRN,2013,47.0867179194755
IRN,2014,45.3514201413161
IRN,2015,39.42258866118
IRN,2016,39.8772417738866
IRN,2017,43.1556931383906
IRN,2018,56.6153496142829
IRN,2019,48.5917712137038
IRN,2020,43.8844674905013
IRN,2021,42.672379536261
IRN,2022,48.9183508223052
IRN,2023,49.3935500960203
IRN,2024,52.0621306794348
IRN,2025,60.2426223967467
IRQ,2010,73.4974796202443
IRQ,2011,72.1713282233655
IRQ,2012,73.6086845912812
IRQ,2013,67.4100184095672
IRQ,2014,68.9824868569036
IRQ,2015,69.5917685983115
IRQ,2016,54.588320188677
IRQ,2017,59.7809123923157
IRQ,2018,65.8017917701083
IRQ,2019,68.9899384202806
IRQ,2020,57.742316395146
IRQ,2021,61.5032683117218
IRQ,2022,68.75879409409
IRQ,2023,69.4613207990167
IRQ,2024,77.1389393108395
ISL,2010,92.4901528110187
ISL,2011,100.133252648313
ISL,2012,102.433137099998
ISL,2013,97.6980221861272
ISL,2014,95.2879194201667
ISL,2015,94.8888027460231
ISL,2016,87.7600165983392
ISL,2017,86.3585336945067
ISL,2018,88.934996973139
ISL,2019,83.7923659518443
ISL,2020,68.6550233460548
ISL,2021,76.2317249850944
ISL,2022,93.0164295134303
ISL,2023,87.2388810922276
ISL,2024,86.1815792789281
ISL,2025,82.4877303813374
ISR,2010,65.717030394986
ISR,2011,69.0009721692523
ISR,2012,70.0759039186632
ISR,2013,64.2271703557815
ISR,2014,61.8390527979395
ISR,2015,59.0201557126784
ISR,2016,57.9533051643572
ISR,2017,56.4519373834561
ISR,2018,58.8734013354625
ISR,2019,56.5281618447823
ISR,2020,51.1403984551453
ISR,2021,54.8184036562688
ISR,2022,60.6358428266501
ISR,2023,57.977782328645
ISR,2024,54.3822563777332
ISR,2025,52.9892163743201
ITA,2010,51.6621118138339
ITA,2011,54.4722149449288
ITA,2012,54.8844952702204
ITA,2013,54.0341846317499
ITA,2014,54.4545299332032
ITA,2015,55.4356858148221
ITA,2016,54.4321467018313
ITA,2017,57.5829940274911
ITA,2018,59.2749835128154
ITA,2019,58.6941902594738
ITA,2020,53.9394839042764
ITA,2021,60.3019776202798
ITA,2022,72.0165023032697
ITA,2023,65.1028419441908
ITA,2024,62.5926144915658
ITA,2025,62.5232263591126
JPN,2010,28.2400150860666
JPN,2011,29.9713853558472
JPN,2012,30.174299547803
JPN,2013,33.5913694460807
JPN,2014,36.7643250218282
JPN,2015,34.7276305886293
JPN,2016,30.6562793068554
JPN,2017,33.6888336792782
JPN,2018,35.8035749582494
JPN,2019,34.3582972799989
JPN,2020,30.5192226892273
JPN,2021,35.4253927340539
JPN,2022,44.86063102004
JPN,2023,43.5950833802735
JPN,2024,44.8529388577573
KAZ,2010,74.1382658957842
KAZ,2011,73.1178570509129
KAZ,2012,73.7237324891671
KAZ,2013,65.4076093299538
KAZ,2014,64.9720346513507
KAZ,2015,53.0497288072652
KAZ,2016,60.3115965864153
KAZ,2017,56.825387935971
KAZ,2018,63.5279565118188
KAZ,2019,64.8586165517565
KAZ,2020,57.0264423660931
KAZ,2021,58.6686085779207
KAZ,2022,68.3343147415612
KAZ,2023,62.3342837675021
KAZ,2024,57.1613431963924
KEN,2010,50.3942873502834
KEN,2011,58.4022059745625
KEN,2012,51.6236920232481
KEN,2013,47.4646425127304
KEN,2014,46.170489362216
KEN,2015,40.3273846919019
KEN,2016,34.8650195731824
KEN,2017,35.9950578754074
KEN,2018,34.4147531767425
KEN,2019,31.759461841481
KEN,2020,30.3991387830411
KEN,2021,35.0020477795269
KEN,2022,40.2753238373561
KEN,2023,40.9337677377556
KEN,2024,40.0062529666939
KEN,2025,37.5210445911226
KGZ,2010,133.232850492333
KGZ,2011,136.179840420492
KGZ,2012,139.675937840309
KGZ,2013,134.026785643922
KGZ,2014,125.126181075833
KGZ,2015,110.961570714633
KGZ,2016,105.823574017406
KGZ,2017,100.617445813258
KGZ,2018,98.8755599017608
KGZ,2019,94.4302823542939
KGZ,2020,78.9922784304738
KGZ,2021,100.261376861569
KGZ,2022,133.786718048766
KGZ,2023,132.373403912336
KGZ,2024,130.100743509033
KGZ,2025,92.4074476416439
KHM,2010,109.998400607758
KHM,2011,109.790505166814
KHM,2012,116.740233418212
KHM,2013,124.887552768657
KHM,2014,124.454908526693
KHM,2015,122.109596815379
KHM,2016,122.704555602667
KHM,2017,121.155451298689
KHM,2018,118.43765541305
KHM,2019,115.736679072448
KHM,2020,122.105396346568
KHM,2021,146.179846509715
KHM,2022,145.873632761406
KHM,2023,134.206842395931
KHM,2024,143.447009703011
KHM,2025,136.089748673383
KIR,2010,85.6972657116246
KIR,2011,93.4314038207066
KIR,2012,96.1286959983954
KIR,2013,96.7814166724492
KIR,2014,104.187967755713
KIR,2015,109.889098401931
KIR,2016,111.269790749303
KIR,2017,100.49175257732
KIR,2018,83.2436102236422
KIR,2019,98.3565819131955
KIR,2020,78.4012076801363
KIR,2021,74.450510015529
KIR,2022,107.219771673316
KIR,2023,106.479772480068
KIR,2024,102.110426164684
KOR,2010,88.0278677123124
KOR,2011,101.68061646213
KOR,2012,101.51727207905
KOR,2013,94.1675235855873
KOR,2014,86.9342577972039
KOR,2015,75.3881774564907
KOR,2016,69.8997221316919
KOR,2017,73.1921408264016
KOR,2018,74.7075162140824
KOR,2019,71.4470632403511
KOR,2020,65.544957860621
KOR,2021,75.3063047610912
KOR,2022,90.5851475278549
KOR,2023,82.2580090716629
KOR,2024,84.6424951192038
KOR,2025,86.3616006442431
KWT,2010,97.0280216600064
KWT,2011,99.1164927646913
KWT,2012,101.011435104032
KWT,2013,97.6054913328151
KWT,2014,100.037189841844
KWT,2015,98.6999884455485
KWT,2016,96.1576723758617
KWT,2017,97.840046457409
KWT,2018,102.785630655
KWT,2019,91.6857123895953
KWT,2020,82.0125101293052
KWT,2021,82.0003751775886
KWT,2022,90.9188102023425
KWT,2023,96.0343509693162
KWT,2024,93.9909162684119
LAO,2010,84.7203378916677
LAO,2011,91.6986958680216
LAO,2012,98.1851264313662
LAO,2013,98.1791466159604
LAO,2014,99.0597382933399
LAO,2015,85.798321703681
LAO,2016,75.0918909204124
LBN,2010,95.0966529416243
LBN,2011,102.139882412503
LBN,2012,88.5455019230591
LBN,2013,86.1743285920565
LBN,2014,79.8171565925627
LBN,2015,71.8390426347811
LBN,2016,67.7236177908116
LBN,2017,68.4554292593276
LBN,2018,68.2573073043718
LBN,2019,62.98091601016
LBN,2020,50.1298042879627
LBN,2021,78.8286204025241
LBN,2022,114.888278265666
LBN,2023,104.206410069182
LBN,2024,82.2323604617121
LBY,2010,98.077213074239
LBY,2011,63.0054352895288
LBY,2012,98.2243189168448
LBY,2013,106.334360918106
LBY,2014,76.5248826381117
LBY,2015,56.9049073326883
LBY,2016,41.1101760615135
LBY,2017,47.5489661921214
LBY,2018,63.7811335968183
LBY,2019,78.9939691850138
LBY,2020,50.9757934373319
LBY,2021,164.284069967105
LBY,2022,156.321684682347
LBY,2023,161.070232609722
LBY,2024,137.511130687153
LBY,2025,137.658573201308
LKA,2015,46.9179708088698
LKA,2016,46.4715370250761
LKA,2017,47.1404098001494
LKA,2018,49.8093967520437
LKA,2019,49.4255238852768
LKA,2020,37.0891188568192
LKA,2021,41.2288463294978
LKA,2022,46.6826080179359
LKA,2023,43.3476681195134
LKA,2024,42.1196098331113
LKA,2025,41.8090026525048
LSO,2010,150.102435487333
LSO,2011,149.796606699153
LSO,2012,150.208575358438
LSO,2013,133.36548975517
LSO,2014,126.292475360578
LSO,2015,129.722773082867
LSO,2016,136.31524774176
LSO,2017,146.366771329494
LSO,2018,144.434955465602
LSO,2019,140.51663349168
LSO,2020,141.096605062998
LSO,2021,139.186479465407
LSO,2022,142.373981074229
LSO,2023,140.722487877528
LSO,2024,152.474389103105
LSO,2025,153.981493548807
LTU,2010,131.626507396009
LTU,2011,149.645306927215
LTU,2012,156.638925650513
LTU,2013,156.626637927418
LTU,2014,143.290115780694
LTU,2015,138.195575009601
LTU,2016,134.690449650877
LTU,2017,144.918393101325
LTU,2018,147.202132525221
LTU,2019,148.374996011818
LTU,2020,135.796565563519
LTU,2021,154.726303914099
LTU,2022,176.631817072239
LTU,2023,147.990751776428
LTU,2024,142.41991022479
LTU,2025,142.106304695382
LUX,2010,293.671876906939
LUX,2011,308.714453874162
LUX,2012,311.786835204686
LUX,2013,320.533506316768
LUX,2014,333.428836459172
LUX,2015,351.13195404466
LUX,2016,348.437409376889
LUX,2017,353.793991980303
LUX,2018,361.865445198667
LUX,2019,382.66078058442
LUX,2020,375.581394826026
LUX,2021,397.506180867971
LUX,2022,412.177169924175
LUX,2023,402.566968197345
LUX,2024,351.267921153192
LUX,2025,349.886879178876
LVA,2010,110.86235386272
LVA,2011,129.734758014485
LVA,2012,133.211503650958
LVA,2013,129.677184929099
LVA,2014,130.042252244959
LVA,2015,126.380014406006
LVA,2016,123.330518429659
LVA,2017,128.714003328884
LVA,2018,128.234095559822
LVA,2019,125.29163170793
LVA,2020,123.88319804656
LVA,2021,136.796615414819
LVA,2022,159.892778190649
LVA,2023,135.642989154266
LVA,2024,131.309582395769
LVA,2025,129.724453873327
MAR,2010,69.541979610144
MAR,2011,76.8258714906247
MAR,2012,78.2221018956072
MAR,2013,73.8577565315318
MAR,2014,71.8935667539398
MAR,2015,67.2886759253849
MAR,2016,71.1226603816864
MAR,2017,74.1733578786573
MAR,2018,77.2548875243989
MAR,2019,75.9981158798422
MAR,2020,68.8438033904364
MAR,2021,75.5234171756506
MAR,2022,100.906310201651
MAR,2023,93.1178844179777
MAR,2024,92.1872446062404
MAR,2025,93.1016567989424
MDA,2010,87.9378518951573
MDA,2011,98.6175965326556
MDA,2012,96.3064098336294
MDA,2013,95.6872968332383
MDA,2014,94.2282919690928
MDA,2015,88.9664154565323
MDA,2016,89.0046837188671
MDA,2017,88.6233902754378
MDA,2018,87.4467874275648
MDA,2019,87.6322371148906
MDA,2020,79.265722119158
MDA,2021,88.4708865399267
MDA,2022,112.117671579766
MDA,2023,93.9946211488052
MDA,2024,88.8924378793564
MDA,2025,92.6661727857921
MDG,2010,57.8748945101807
MDG,2011,56.4830925951893
MDG,2012,52.6517140811255
MDG,2013,56.3675817900932
MDG,2014,61.9694322111234
MDG,2015,61.2203788365078
MDG,2016,60.8346984831423
MDG,2017,65.3434015072915
MDG,2018,67.8415046683582
MDG,2019,62.6013230457128
MDG,2020,49.0107073650291
MDG,2021,55.2158585927485
MDG,2022,70.4708546790091
MDG,2023,62.7622147594312
MDG,2024,57.5370213293734
MDG,2025,54.2413796011714
MDV,2014,165.97925116043
MDV,2015,143.720506661302
MDV,2016,144.380212278942
MDV,2017,141.912110574952
MDV,2018,142.491128546618
MDV,2019,137.125230875185
MDV,2020,114.361902904327
MDV,2021,142.607296696261
MDV,2022,162.243432933656
MDV,2023,149.349976177434
MDV,2024,156.473955741011
MEX,2010,59.2733845336286
MEX,2011,62.1623872764498
MEX,2012,64.2579318938989
MEX,2013,62.6916747661852
MEX,2014,64.0984090315875
MEX,2015,70.4129746799259
MEX,2016,75.6903034088551
MEX,2017,76.95212604414
MEX,2018,80.212661650262
MEX,2019,77.4619722509459
MEX,2020,76.8545557151738
MEX,2021,83.0692976264524
MEX,2022,88.7984855897261
MEX,2023,73.7390758255664
MEX,2024,75.4259015415068
MEX,2025,79.9239525815655
MHL,2010,144.804965859714
MHL,2011,153.240162507255
MHL,2012,157.517100166021
MHL,2013,161.91974248927
MHL,2014,149.853494623656
MHL,2015,138.489820359281
MHL,2016,116.326362735382
MHL,2017,125.145250350959
MHL,2018,128.482272727273
MHL,2019,153.007728638901
MHL,2020,107.825971877585
MHL,2021,120.056192355466
MHL,2022,128.337974710453
MHL,2023,118.181818181818
MHL,2024,118.245614035088
MHL,2025,115.909090909091
MKD,2010,97.8810691156562
MKD,2011,113.19191013947
MKD,2012,112.214834702155
MKD,2013,104.857229956305
MKD,2014,112.537928969299
MKD,2015,113.698443879103
MKD,2016,116.185408418026
MKD,2017,124.13728389629
MKD,2018,133.215207648008
MKD,2019,138.576231840539
MKD,2020,128.241244322257
MKD,2021,146.721411484074
MKD,2022,166.147357379878
MKD,2023,147.79425348309
MKD,2024,136.324876175556
MKD,2025,133.043033840548
MLI,2010,48.8166953656891
MLI,2011,43.1814699134793
MLI,2012,49.4252356224725
MLI,2013,54.603243985999
MLI,2014,51.0786821873053
MLI,2015,53.5751760102265
MLI,2016,53.6126193604252
MLI,2017,49.4919984941972
MLI,2018,50.6998462523276
MLI,2019,53.9987132798636
MLI,2020,56.0415474422019
MLI,2021,56.7150525565465
MLI,2022,61.5613274861987
MLI,2023,57.6291572269296
MLI,2024,49.7664846904175
MLI,2025,48.7722026619492
MLT,2010,178.232954637612
MLT,2011,192.02734125861
MLT,2012,199.213864790311
MLT,2013,187.432252396507
MLT,2014,181.301126701735
MLT,2015,207.196020605057
MLT,2016,213.35947198583
MLT,2017,213.047591305197
MLT,2018,228.098551105175
MLT,2019,233.070440941958
MLT,2020,242.361190373928
MLT,2021,220.072294790099
MLT,2022,244.581535518883
MLT,2023,221.133296375593
MLT,2024,217.730272683658
MLT,2025,219.014371043081
MNE,2010,98.8684992495822
MNE,2011,106.752728264703
MNE,2012,108.779987603414
MNE,2013,103.785966371179
MNE,2014,100.438431458711
MNE,2015,104.12510886943
MNE,2016,104.135954584294
MNE,2017,106.711366689116
MNE,2018,111.098935509174
MNE,2019,110.0161238696
MNE,2020,87.8612027134909
MNE,2021,105.719249175045
MNE,2022,125.455937754994
MNE,2023,116.806669538329
MNE,2024,109.944104480975
MNE,2025,105.773801433894
MNG,2010,103.350031656557
MNG,2011,126.999228633482
MNG,2012,109.588564338415
MNG,2013,100.311989662943
MNG,2014,109.322311877187
MNG,2015,89.653663477814
MNG,2016,101.055237224997
MNG,2017,115.932901867963
MNG,2018,126.355873241513
MNG,2019,124.396514621165
MNG,2020,112.838647629317
MNG,2021,119.098078437771
MNG,2022,136.327929944516
MNG,2023,142.864246599181
MNG,2024,138.448379141249
MNG,2025,130.707440813275
MOZ,2010,73.8373532681892
MOZ,2011,84.4062119333019
MOZ,2012,105.934588060511
MOZ,2013,109.38537659913
MOZ,2014,116.356855242217
MOZ,2015,98.7612036510901
MOZ,2016,110.394358201481
MOZ,2017,105.745640702087
MOZ,2018,124.607457525372
MOZ,2019,105.591171401921
MOZ,2020,99.906146051979
MOZ,2021,112.078964458333
MOZ,2022,135.274535098995
MOZ,2023,106.026083626657
MOZ,2024,95.6303976635291
MOZ,2025,97.1038097628682
MRT,2010,93.4207451334608
MRT,2011,98.485329604158
MRT,2012,110.788122743421
MRT,2013,102.398824183169
MRT,2014,91.610371363604
MRT,2015,77.3467864944966
MRT,2016,73.1532616736712
MRT,2017,78.8149801833884
MRT,2018,89.1467294935148
MRT,2019,93.4866941351317
MRT,2020,86.7761681322741
MRT,2021,88.3068737571235
MRT,2022,102.025899125696
MRT,2023,92.1654445146742
MRT,2024,93.5988355881472
MRT,2025,94.0242632380265
MUS,2010,111.508202075575
MUS,2011,115.552473002804
MUS,2012,117.447639083027
MUS,2013,136.552117959236
MUS,2014,135.099064765426
MUS,2015,133.135069083677
MUS,2016,126.310008998042
MUS,2017,126.964059884888
MUS,2018,123.538984386544
MUS,2019,127.940899064133
MUS,2020,121.12522550435
MUS,2021,135.19300461461
MUS,2022,147.663795034012
MUS,2023,147.321392128852
MUS,2024,145.419812647383
MUS,2025,139.942681072644
MWI,2017,45.3003137160008
MWI,2018,43.578773489
MWI,2019,44.1954524635798
MWI,2020,41.0323429397328
MWI,2021,44.5957618170542
MWI,2022,43.616624856781
MWI,2023,42.4376683990967
MWI,2024,41.9038196485235
MWI,2025,39.3994694717291
MYS,2010,157.944764886771
MYS,2011,154.937684607226
MYS,2012,147.841754766013
MYS,2013,142.720991464873
MYS,2014,138.312231176843
MYS,2015,131.37007244526
MYS,2016,126.8990100257
MYS,2017,133.155173371956
MYS,2018,130.402625502126
MYS,2019,123.028562027943
MYS,2020,116.788182437638
MYS,2021,134.035994690727
MYS,2022,146.424604753908
MYS,2023,132.593461641599
MYS,2024,137.362571161559
MYS,2025,136.39642032295
NAM,2010,108.072477173606
NAM,2011,102.189147754138
NAM,2012,100.2134087743
NAM,2013,97.7249042303832
NAM,2014,103.080137009254
NAM,2015,97.2390317873478
NAM,2016,93.966187960162
NAM,2017,81.2196661011436
NAM,2018,81.7138652963804
NAM,2019,82.9011507426355
NAM,2020,76.9252424036465
NAM,2021,83.5443030923624
NAM,2022,99.2625547814064
NAM,2023,109.8175996703
NAM,2024,108.00119146619
NAM,2025,108.580501173828
NER,2010,51.9459863027627
NER,2011,50.2463951569345
NER,2012,45.08596447308
NER,2013,46.2951491493291
NER,2014,45.7416008365932
NER,2015,44.727430371186
NER,2016,36.6748378115692
NER,2017,39.0298956366247
NER,2018,38.2929695977016
NER,2019,39.289303673296
NER,2020,36.3388196908038
NER,2021,38.0460948786617
NER,2022,37.1460454100715
NER,2023,30.7176535069056
NER,2024,24.388946208843
NER,2025,33.9056863589743
NIC,2010,100.364058423919
NIC,2011,111.827453935999
NIC,2012,115.177288474198
NIC,2013,110.984207880382
NIC,2014,106.698200190796
NIC,2015,98.194164594236
NIC,2016,93.8137278130087
NIC,2017,96.3805864351182
NIC,2018,93.9847404925404
NIC,2019,94.0422159246213
NIC,2020,88.6381231228968
NIC,2021,106.20739806697
NIC,2022,115.454670931919
NIC,2023,105.019535579852
NIC,2024,99.146065089948
NIC,2025,96.4496947305229
NLD,2010,130.081707935343
NLD,2011,141.757099325776
NLD,2012,149.393223058131
NLD,2013,150.651850226949
NLD,2014,151.715891056501
NLD,2015,160.325812564809
NLD,2016,150.96552921165
NLD,2017,159.646059656847
NLD,2018,163.559146573044
NLD,2019,160.676671884999
NLD,2020,152.233230409706
NLD,2021,163.154842689698
NLD,2022,184.107484252682
NLD,2023,165.030429478933
NLD,2024,153.956290574682
NLD,2025,150.119970359267
NOR,2010,67.1044480331039
NOR,2011,68.3082228214528
NOR,2012,67.2907057063447
NOR,2013,66.6575278489713
NOR,2014,67.7741797940433
NOR,2015,68.8351790107466
NOR,2016,67.3341230829057
NOR,2017,67.1957153368952
NOR,2018,68.1761206012317
NOR,2019,68.880243105732
NOR,2020,63.3673184179043
NOR,2021,69.1060572345311
NOR,2022,79.9216011363033
NOR,2023,77.401189583706
NOR,2024,79.5796368227724
NOR,2025,79.0528319312867
NPL,2010,45.9849057742707
NPL,2011,36.2967588899367
NPL,2012,37.921906058758
NPL,2013,41.8653757376722
NPL,2014,45.9826416115927
NPL,2015,46.6657303895158
NPL,2016,42.1154861221646
NPL,2017,44.6424106217427
NPL,2018,48.4473869463778
NPL,2019,49.2495265869012
NPL,2020,40.9188741248444
NPL,2021,43.0538047912219
NPL,2022,48.9734014800201
NPL,2023,41.5701502932467
NPL,2024,40.1700101626853
NPL,2025,42.5520448428369
NRU,2010,100
NRU,2011,130.30303030303
NRU,2012,120.408163265306
NRU,2013,179.347826086957
NRU,2014,197.222222222222
NRU,2015,200
NRU,2016,170.149253731343
NRU,2017,142.068965517241
NRU,2018,140.640059171598
NRU,2019,155.906685714286
NRU,2020,134.980107526882
NRU,2021,130.1856
NRU,2022,141.129076305221
NRU,2023,135
NRU,2024,160.546875
NRU,2025,165.441176470588
NZL,2010,58.1047406012087
NZL,2011,59.1815679267669
NZL,2012,56.9257462326897
NZL,2013,56.0063219921147
NZL,2014,55.1213465284556
NZL,2015,54.8749505791536
NZL,2016,52.4796021733125
NZL,2017,54.2775276299632
NZL,2018,55.9063918509538
NZL,2019,54.4612464097007
NZL,2020,43.8262466218168
NZL,2021,48.4315370741539
NZL,2022,53.2091433736439
NZL,2023,49.8655041498497
NZL,2024,50.6607664427853
OMN,2010,96.3865546218487
OMN,2011,101.641731939942
OMN,2012,102.0747604043
OMN,2013,112.543521763774
OMN,2014,102.27872108813
OMN,2015,96.3775801852347
OMN,2016,82.8642642018901
OMN,2017,88.9531480182956
OMN,2018,89.2792178262847
OMN,2019,86.4782010313236
OMN,2020,91.8758908014472
OMN,2021,95.9494877293305
OMN,2022,105.745009280655
OMN,2023,106.446731102604
OMN,2024,114.852671596819
PAK,2010,31.9890020462315
PAK,2011,32.3626382751438
PAK,2012,31.3189732760076
PAK,2013,30.8902743401844
PAK,2014,29.4698256903998
PAK,2015,26.6881860172247
PAK,2016,24.7015780480573
PAK,2017,25.472035002344
PAK,2018,27.6260570796337
PAK,2019,28.9055769867032
PAK,2020,26.7162807328814
PAK,2021,27.0304204125548
PAK,2022,33.031353478032
PAK,2023,28.4676925469837
PAK,2024,27.5653309105795
PAK,2025,27.1935373787664
PAN,2010,145.44871880643
PAN,2011,158.208395346813
PAN,2012,153.208620367102
PAN,2013,133.071568935782
PAN,2014,114.970604927053
PAN,2015,96.5791573428957
PAN,2016,84.3959718738111
PAN,2017,84.0475372402933
PAN,2018,86.1309615112445
PAN,2019,80.4286505649569
PAN,2020,68.700423510603
PAN,2021,80.1334635232887
PAN,2022,93.4752688552496
PAN,2023,88.3489105169795
PAN,2024,83.6737788620216
PER,2010,51.6728089370033
PER,2011,55.9882802838607
PER,2012,52.6198952632294
PER,2013,49.7871424471444
PER,2014,46.8531210912899
PER,2015,45.1627686891148
PER,2016,45.3888411964154
PER,2017,47.5135503619971
PER,2018,48.631470171736
PER,2019,46.9435053754409
PER,2020,44.245967197744
PER,2021,55.4083231938774
PER,2022,57.2727003111939
PER,2023,50.9070307213493
PER,2024,51.6811479870417
PER,2025,51.8154829678647
PHL,2010,66.1042785137797
PHL,2011,60.7958366999075
PHL,2012,57.8420055133082
PHL,2013,55.8247812320298
PHL,2014,57.4681720875945
PHL,2015,59.1415921053094
PHL,2016,61.7760657653871
PHL,2017,68.1683697426727
PHL,2018,72.1633982990273
PHL,2019,68.8418422595678
PHL,2020,58.1695603022281
PHL,2021,63.4846098136712
PHL,2022,72.4296836107599
PHL,2023,67.4199693171606
PHL,2024,65.8637883882752
PHL,2025,66.7936053314343
PLW,2010,123.113914891838
PLW,2011,138.086472173303
PLW,2012,144.101360548224
PLW,2013,140.845204181817
PLW,2014,145.793812924789
PLW,2015,128.207298267542
PLW,2016,118.759866134181
PLW,2017,122.650636452895
PLW,2018,117.771970509059
PLW,2019,115.497705299446
PLW,2020,104.430720909895
PLW,2021,79.5791429216543
PLW,2022,103.651854764975
PLW,2023,106.757623549153
PLW,2024,105.811955583144
POL,2010,82.2258523219922
POL,2011,86.9236892837618
POL,2012,88.8299033066583
POL,2013,90.4175072415629
POL,2014,92.0340197113178
POL,2015,92.2554272741942
POL,2016,96.8659028060623
POL,2017,100.56589524628
POL,2018,102.442462168005
POL,2019,101.581033817373
POL,2020,99.2590912303436
POL,2021,110.874283021945
POL,2022,123.021332860345
POL,2023,110.024935041815
POL,2024,100.359442847164
POL,2025,97.0301822542829
PRT,2010,67.6892401927983
PRT,2011,73.0075756700531
PRT,2012,75.9411067187813
PRT,2013,78.0305056874282
PRT,2014,80.220669072079
PRT,2015,80.6346756266443
PRT,2016,79.5223464844001
PRT,2017,84.8077923069539
PRT,2018,86.7356954918399
PRT,2019,86.7709889083586
PRT,2020,76.5086407209215
PRT,2021,85.8735452148975
PRT,2022,101.364146479435
PRT,2023,93.1358537072038
PRT,2024,89.6615637070518
PRT,2025,86.3988769792664
PRY,2010,81.2575233746727
PRY,2011,78.4921238489348
PRY,2012,74.7649574560794
PRY,2013,73.3698713841075
PRY,2014,69.0837249631346
PRY,2015,66.9150655259573
PRY,2016,67.7593152322047
PRY,2017,71.0801344038377
PRY,2018,72.069223625915
PRY,2019,71.2221617342433
PRY,2020,62.7602174748561
PRY,2021,69.7320126827159
PRY,2022,73.8736311444119
PRY,2023,82.5777252296516
PRY,2024,77.0944384539197
PRY,2025,76.4780703309698
PSE,2010,68.4976501575169
PSE,2011,67.2495329024414
PSE,2012,66.9293273483831
PSE,2013,66.2713181162369
PSE,2014,67.7398371659149
PSE,2015,70.7809681944405
PSE,2016,65.4225141833383
PSE,2017,68.4486607142857
PSE,2018,71.4012754506469
PSE,2019,68.9934922812035
PSE,2020,67.2881912475775
PSE,2021,73.0835496162129
PSE,2022,82.3949283869453
PSE,2023,76.173457614931
PSE,2024,74.5880913285342
PSE,2025,74.7604429402753
QAT,2010,86.0703268232169
QAT,2011,98.7216351018991
QAT,2012,105.746343435217
QAT,2013,102.383208106327
QAT,2014,99.0343747414317
QAT,2015,93.7076041736357
QAT,2016,89.5476001199351
QAT,2017,91.4945879195194
QAT,2018,91.838448978201
QAT,2019,90.0463755485388
QAT,2020,90.0190948833102
QAT,2021,92.7791585715125
QAT,2022,100.213647199618
ROU,2010,69.9549354932718
ROU,2011,76.271356441629
ROU,2012,76.5943239913672
ROU,2013,81.3976131747183
ROU,2014,83.3751429575201
ROU,2015,83.5205767017155
ROU,2016,85.8925282906884
ROU,2017,87.1560645667801
ROU,2018,87.0911701095809
ROU,2019,84.9063630584793
ROU,2020,78.3616463562709
ROU,2021,87.0711965460145
ROU,2022,93.9496509383447
ROU,2023,83.3753324062231
ROU,2024,77.2149837939003
ROU,2025,76.214786342907
RUS,2010,50.3555054872589
RUS,2011,48.0353994077919
RUS,2012,47.1513903857957
RUS,2013,46.287149400499
RUS,2014,47.8013412628116
RUS,2015,49.3593493116887
RUS,2016,46.5181198396096
RUS,2017,46.8765243371311
RUS,2018,51.5809003703964
RUS,2019,49.2287536619033
RUS,2020,45.9669082029127
RUS,2021,50.5861954621752
RUS,2022,42.7663082313349
RUS,2023,41.3395116492933
RUS,2024,39.4184058815423
RUS,2025,33.7100508676248
RWA,2010,37.7415245466166
RWA,2011,40.1597511764349
RWA,2012,41.081185425557
RWA,2013,43.260980041775
RWA,2014,44.4828257252622
RWA,2015,45.7348675761767
RWA,2016,50.08973657056
RWA,2017,54.2079656602139
RWA,2018,47.9830578657248
RWA,2019,48.892715033759
RWA,2020,44.3511840604967
RWA,2021,59.8007993935018
RWA,2022,60.9591709408266
RWA,2023,66.8925839339472
RWA,2024,71.6868069548772
RWA,2025,56.673349749538
SAU,2010,82.5496850227537
SAU,2011,84.3594342438995
SAU,2012,81.74067854616
SAU,2013,80.2515014286783
SAU,2014,78.000111117736
SAU,2015,67.1052692300592
SAU,2016,57.9216635110364
SAU,2017,59.5319791578229
SAU,2018,59.1029104697141
SAU,2019,56.7938204886513
SAU,2020,47.533159225048
SAU,2021,50.8839263398787
SAU,2022,56.8241647749332
SAU,2023,55.7974682325487
SAU,2024,56.4049374147889
SAU,2025,57.9182238579808
SDN,2010,32.728309950035
SDN,2011,27.512339023518
SDN,2012,21.8561745247301
SDN,2013,26.8585245020134
SDN,2014,20.8451090041313
SDN,2015,18.3782728546541
SDN,2016,15.2816698903461
SDN,2017,17.8313898297102
SDN,2018,21.8679187274323
SDN,2019,26.1196204552625
SDN,2020,9.95514507626151
SDN,2021,4.12754863828426
SDN,2022,2.69883443585856
SDN,2023,2.47372878267665
SDN,2024,1.99541210225008
SDN,2025,2.38193028387697
SEN,2010,52.4578551962948
SEN,2011,57.5768785989578
SEN,2012,61.9753040040375
SEN,2013,60.6267663596737
SEN,2014,58.4425289760992
SEN,2015,58.1103376742017
SEN,2016,54.1081692072139
SEN,2017,57.8165678119905
SEN,2018,61.7898394793183
SEN,2019,64.2362506061005
SEN,2020,60.0468716137065
SEN,2021,69.3759939883832
SEN,2022,79.3974220189679
SEN,2023,71.5942815846823
SEN,2024,68.2363510312865
SEN,2025,71.0687063150657
SGP,2010,369.685555787646
SGP,2011,379.098631377539
SGP,2012,369.212965787665
SGP,2013,367.041780049019
SGP,2014,360.467319166237
SGP,2015,329.471398940262
SGP,2016,301.338866227561
SGP,2017,315.401433455385
SGP,2018,325.725809994853
SGP,2019,324.270088576625
SGP,2020,331.080556828077
SGP,2021,326.53325458764
SGP,2022,330.246917062891
SGP,2023,323.7012199919
SGP,2024,313.299377202408
SGP,2025,320.306025413626
SLB,2010,96.1485545423385
SLB,2011,107.24751599476
SLB,2012,104.823434628967
SLB,2013,99.6074605551315
SLB,2014,93.4534073008692
SLB,2015,88.1884859107326
SLB,2016,85.54984577725
SLB,2017,82.1974922027324
SLB,2018,88.4949614655388
SLB,2019,82.9985659020552
SLB,2020,60.2204367377792
SLB,2021,67.4200567620007
SLB,2022,74.8355405899571
SLB,2023,101.134531825762
SLB,2024,111.352972154204
SLE,2010,27.9541259241389
SLE,2011,43.7807969332619
SLE,2012,53.3813447139398
SLE,2013,53.3627646114117
SLE,2014,51.1187772788807
SLE,2015,36.4823958242319
SLE,2016,43.0672126969961
SLE,2017,41.5213782343591
SLE,2018,37.3774603119412
SLE,2019,37.5619529967261
SLE,2020,30.613100943757
SLE,2021,42.1435161621354
SLE,2022,45.054212809586
SLE,2023,55.286796968766
SLE,2024,40.5454450723139
SLE,2025,49.0960746822456
SLV,2010,73.5372876725398
SLV,2011,79.2766437025052
SLV,2012,77.6485716222883
SLV,2013,80.4511944908271
SLV,2014,78.1044257477935
SLV,2015,76.5602707370519
SLV,2016,72.8190933731491
SLV,2017,74.3046511916519
SLV,2018,75.6336168879956
SLV,2019,76.0420130991468
SLV,2020,66.4595069497083
SLV,2021,81.8450759800765
SLV,2022,88.7011372097555
SLV,2023,79.8122651787866
SLV,2024,85.6825726575292
SLV,2025,88.1580664327311
SMR,2015,321.364011035718
SMR,2016,320.146095231777
SMR,2017,313.850322940524
SMR,2018,309.487954987512
SMR,2019,307.264770546858
SMR,2020,304.903169667588
SMR,2021,342.470171021559
SMR,2022,370.43607698812
SMR,2023,340.983400117352
SOM,2012,88.5736460782288
SOM,2013,83.3409991258378
SOM,2014,81.7010414559322
SOM,2015,76.4793322385239
SOM,2016,74.3615625516249
SOM,2017,68.6756490932841
SOM,2018,73.8219230280706
SOM,2019,70.2980591497227
SOM,2020,75.6954102920723
SOM,2021,79.0994411051355
SOM,2022,90.7576203077526
SOM,2023,103.121007483117
SOM,2024,130.325060583271
SOM,2025,128.063438809135
SRB,2010,73.7088615865295
SRB,2011,75.7493613069523
SRB,2012,82.0766814348254
SRB,2013,84.3322563766638
SRB,2014,88.3815023270446
SRB,2015,93.5281477663237
SRB,2016,97.6906940431804
SRB,2017,102.740445166934
SRB,2018,105.563713028559
SRB,2019,107.577309546092
SRB,2020,100.324460810129
SRB,2021,112.342298324945
SRB,2022,131.913292283516
SRB,2023,114.49206464322
SRB,2024,111.725028388916
SRB,2025,112.923490609083
SSD,2010,90.9434483661131
SSD,2011,93.226859754919
SSD,2012,71.6198113947489
SSD,2013,50.8112465907463
SSD,2014,64.6345178070809
SSD,2015,65.5513491845003
STP,2010,84.6502605115304
STP,2011,86.1122609020117
STP,2012,83.2030197079574
STP,2013,83.4581625069125
STP,2014,114.769955102294
STP,2015,112.659579338965
STP,2016,100.395470605091
STP,2017,92.8973617603292
STP,2018,79.2002901440524
STP,2019,67.5747989988655
STP,2020,48.6640079711896
STP,2021,57.9403473155232
STP,2022,64.9920379103896
STP,2023,46.9745787336632
STP,2024,44.2789124818003
STP,2025,46.5686308941032
SUR,2010,90.9613941465855
SVK,2010,155.108497681586
SVK,2011,169.178076311066
SVK,2012,176.968958181431
SVK,2013,180.903136491458
SVK,2014,176.756316098132
SVK,2015,179.42602289503
SVK,2016,182.757379596201
SVK,2017,186.644687399549
SVK,2018,188.732964699496
SVK,2019,183.722608631236
SVK,2020,167.534173320366
SVK,2021,181.97948448512
SVK,2022,204.056318531151
SVK,2023,181.39087235645
SVK,2024,171.212800151635
SVK,2025,170.342496403331
SVN,2010,128.606575425363
SVN,2011,140.332355750319
SVN,2012,143.656448572975
SVN,2013,145.168789432403
SVN,2014,146.471705096746
SVN,2015,147.218367714503
SVN,2016,148.238448080388
SVN,2017,158.70213584467
SVN,2018,162.613493975851
SVN,2019,160.044275685249
SVN,2020,147.549008584942
SVN,2021,161.788727511439
SVN,2022,186.647076274632
SVN,2023,160.1596693009
SVN,2024,155.657928684474
SVN,2025,151.915368839135
SWE,2010,85.0914849272733
SWE,2011,86.3907448060188
SWE,2012,85.2980605424359
SWE,2013,81.6402521329964
SWE,2014,83.8229810483527
SWE,2015,84.1730765958171
SWE,2016,83.4519478574149
SWE,2017,86.0693088740521
SWE,2018,90.4087142361701
SWE,2019,92.7511390290561
SWE,2020,84.4745958141618
SWE,2021,91.1102374413042
SWE,2022,107.111751826512
SWE,2023,107.619709443974
SWE,2024,105.967492313344
SWE,2025,104.335210186728
SWZ,2013,85.2034551274939
SWZ,2014,91.6200186943398
SWZ,2015,88.2620944023684
SWZ,2016,89.3584874439935
SWZ,2017,86.8801420302976
SWZ,2018,85.4927768173538
SWZ,2019,86.6407948477595
SWZ,2020,84.0140188426878
SWZ,2021,89.9313874866569
SWZ,2022,92.5715871298334
SWZ,2023,99.7246110815617
SWZ,2024,107.480621053879
SYC,2010,198.162692424328
SYC,2011,210.075382747992
SYC,2012,222.178254853141
SYC,2013,196.517733268793
SYC,2014,213.354469426486
SYC,2015,187.475012467679
SYC,2016,180.866188390939
SYC,2017,197.442236417869
SYC,2018,185.7075372109
SYC,2019,173.407846880196
SYC,2020,153.48333156592
SYC,2021,183.77081501466
SYC,2022,191.578843890135
SYC,2023,183.842116553333
SYC,2024,175.872982613261
SYC,2025,172.28733997155
SYR,2010,64.0101621944449
SYR,2011,50.6960903036998
SYR,2012,35.3686903315942
SYR,2013,44.705254783599
SYR,2014,54.2644225207985
SYR,2015,51.0862130409438
SYR,2016,67.1119407366416
SYR,2017,61.0508545098696
SYR,2018,50.6591076441391
SYR,2019,41.9994681765976
SYR,2020,43.1916195452227
SYR,2021,59.002012246256
SYR,2022,35.4372421451582
TCD,2010,63.7311691270791
TCD,2011,57.5437561870898
TCD,2012,54.3851887421013
TCD,2013,51.5308164549816
TCD,2014,40.8116269859319
TCD,2015,48.5114982079885
TCD,2016,43.9580149331537
TCD,2017,43.2900613852468
TCD,2018,46.7384317860183
TCD,2019,46.6777247152768
TCD,2020,40.6428170621932
TCD,2021,43.9465041015895
TCD,2022,47.9883784319429
TCD,2023,46.8626488759728
TCD,2024,44.5559353847423
TCD,2025,46.1321498031281
TGO,2010,66.7974885937104
TGO,2011,77.732312664143
TGO,2012,75.7132085684163
TGO,2013,82.1477877564195
TGO,2014,70.9156517502517
TGO,2015,69.1281378813376
TGO,2016,66.4450409805081
TGO,2017,58.2088602526732
TGO,2018,57.5737388499452
TGO,2019,56.3398500747576
TGO,2020,55.0659513954403
TGO,2021,56.3775580757321
TGO,2022,61.575092396894
TGO,2023,59.9291777017427
THA,2010,127.250522638251
THA,2011,139.675407224576
THA,2012,137.67493851024
THA,2013,132.462274174269
THA,2014,130.905495444398
THA,2015,124.839662152526
THA,2016,120.57522728913
THA,2017,120.891427433638
THA,2018,120.841864730984
THA,2019,109.689514715166
THA,2020,97.6624419371158
THA,2021,117.131472183199
THA,2022,132.813458288082
THA,2023,128.792359690165
THA,2024,135.724935837766
THA,2025,138.413686011523
TJK,2010,73.493044509473
TJK,2011,79.7842446734572
TJK,2012,83.1759445401528
TJK,2013,71.7437428882341
TJK,2014,54.6071596053705
TJK,2015,49.9378160689555
TJK,2016,55.7246446907573
TJK,2017,53.7861046057767
TJK,2018,55.8461114113303
TJK,2019,56.0450159145896
TJK,2020,55.7491040194954
TJK,2021,71.825937435383
TJK,2022,65.4355115893577
TJK,2023,65.6347010367354
TJK,2024,59.0899316296485
TKM,2010,97.2464440197632
TKM,2011,118.095536458021
TKM,2012,119.176960326488
TKM,2013,109.48116584462
TKM,2014,102.760907500564
TKM,2015,73.2280034158293
TKM,2016,58.2932324852085
TKM,2017,47.3983995269018
TKM,2018,41.6378669600992
TKM,2019,37.6560517756178
TKM,2020,29.9541700399769
TKM,2021,33.4124528498008
TKM,2022,37.8107225896924
TKM,2023,34.1794035540188
TKM,2024,28.7345237411748
TKM,2025,28.1660712907997
TLS,2010,134.4005216863
TLS,2011,140.766349625231
TLS,2012,128.500493298465
TLS,2013,79.6341248298199
TLS,2014,82.7357773406823
TLS,2015,60.0769209292639
TLS,2016,60.310621759226
TLS,2017,58.6347507796182
TLS,2018,64.8191831225499
TLS,2019,70.6142440551536
TLS,2020,84.7503111042388
TLS,2021,99.8600009384765
TLS,2022,97.621108820704
TLS,2023,89.3046490972644
TLS,2024,95.4485030105899
TON,2010,70.7976681214649
TON,2011,78.8578648859134
TON,2012,77.9722872799652
TON,2013,82.731581196292
TON,2014,74.7304254735603
TON,2015,81.3902291563255
TON,2016,87.7771750789587
TON,2017,88.0434925855836
TON,2018,86.1039702691392
TON,2019,88.045385533046
TON,2020,81.849496682175
TON,2021,68.5461517477239
TON,2022,70.1272718284375
TON,2023,79.6239257000079
TON,2024,77.5794710114187
TUN,2010,100.151009836799
TUN,2011,100.106379304237
TUN,2012,101.550723929668
TUN,2013,98.9549566862038
TUN,2014,96.1071038558701
TUN,2015,87.2485306596052
TUN,2016,87.0926643641466
TUN,2017,95.8091979825804
TUN,2018,103.871824260635
TUN,2019,102.332614725789
TUN,2020,84.3333297071767
TUN,2021,93.6334140664079
TUN,2022,116.095794384146
TUN,2023,112.128858013354
TUN,2024,106.298549204247
TUN,2025,101.446205451707
TUR,2010,46.9433366709891
TUR,2011,53.651583897618
TUR,2012,53.3277612968607
TUR,2013,53.0683530043043
TUR,2014,54.30677404128
TUR,2015,51.8749252596832
TUR,2016,48.870183807987
TUR,2017,56.1356585158689
TUR,2018,62.8251323851165
TUR,2019,62.5784589326239
TUR,2020,60.389853117297
TUR,2021,69.6088976086437
TUR,2022,79.8982722314341
TUR,2023,65.6832084738667
TUR,2024,54.5988061195916
TUR,2025,49.9346783626928
TZA,2010,47.6404394295683
TZA,2011,56.1661241821809
TZA,2012,54.3689490815138
TZA,2013,48.6316275295495
TZA,2014,45.3560223433065
TZA,2015,40.7576808778314
TZA,2016,35.4204704002636
TZA,2017,33.1125919853124
TZA,2018,32.6426099043737
TZA,2019,33.0185892502311
TZA,2020,27.9630151969884
TZA,2021,29.9151840074048
TZA,2022,35.0034517101994
TZA,2023,38.212034806339
TZA,2024,41.3081068648568
TZA,2025,38.9715711395739
UGA,2010,38.2692490371291
UGA,2011,39.7552255606122
UGA,2012,43.5021371397314
UGA,2013,43.1091548734687
UGA,2014,36.0144010819085
UGA,2015,37.6892983324358
UGA,2016,31.2093620232119
UGA,2017,36.8370529334101
UGA,2018,36.6384055999567
UGA,2019,39.3610539647435
UGA,2020,37.0006923916369
UGA,2021,41.7136307424781
UGA,2022,34.5053019270937
UGA,2023,33.3416963302219
UGA,2024,42.6527889088562
UGA,2025,50.1990176084385
UKR,2010,95.72973045329
UKR,2011,104.805073904259
UKR,2012,102.622788356626
UKR,2013,94.0016694501782
UKR,2014,100.691782483624
UKR,2015,107.806616298156
UKR,2016,105.521204913122
UKR,2017,104.034982911399
UKR,2018,99.1998150718675
UKR,2019,90.5112342910763
UKR,2020,79.1564523761815
UKR,2021,82.69796136345
UKR,2022,87.3965139907244
UKR,2023,77.5096141935657
UKR,2024,79.6884673892276
UKR,2025,77.1802739924807
URY,2010,51.6990372012256
URY,2011,53.2470340109018
URY,2012,55.0611541633768
URY,2013,49.7178464746233
URY,2014,49.0876240632174
URY,2015,45.3282408087534
URY,2016,48.4705353074514
URY,2017,46.3779636198842
URY,2018,47.7913453459107
URY,2019,49.7448660724665
URY,2020,47.7318331202564
URY,2021,58.3150555063308
URY,2022,60.2026828336525
URY,2023,52.3273108387018
URY,2024,51.4582237554765
URY,2025,49.7171497188849
USA,2010,28.2198829408336
USA,2011,30.842478575914
USA,2012,30.681839575193
USA,2013,29.9413062848227
USA,2014,29.906569337428
USA,2015,27.6882139340768
USA,2016,26.4525977865465
USA,2017,27.1253382222874
USA,2018,27.4453591302618
USA,2019,26.2584806245428
USA,2020,23.1399437509149
USA,2021,25.2327260228331
USA,2022,26.9078981557739
USA,2023,24.9292981752847
USA,2024,25.0160172978284
UZB,2010,44.1432918113775
UZB,2011,44.3313973754476
UZB,2012,39.6570271654711
UZB,2013,37.5113183619111
UZB,2014,32.1925400076306
UZB,2015,27.1724545801626
UZB,2016,25.6926479568511
UZB,2017,41.0443062055515
UZB,2018,61.395110017578
UZB,2019,62.3003782302878
UZB,2020,53.1070769988551
UZB,2021,54.7477822134912
UZB,2022,60.0483582576289
UZB,2023,63.102194304905
UZB,2024,57.5295432552977
UZB,2025,57.4005392040216
VEN,2010,0
VEN,2011,0
VEN,2012,50.7514450867052
VEN,2013,62.5819672131148
VEN,2014,64.0956340956341
VEN,2015,60.377358490566
VEN,2016,41.3927576601671
VEN,2017,42.6149425287356
VEN,2018,54.6332963725646
VEN,2019,58.1288399985284
VEN,2020,26.0905679013051
VEN,2021,29.2263872682484
VEN,2022,27.8980542310307
VEN,2023,28.0944323171165
VEN,2024,26.2373885733766
VEN,2025,25.0115313779011
VNM,2010,113.977687539714
VNM,2011,125.260577940829
VNM,2012,123.224116745985
VNM,2013,130.846354866743
VNM,2014,135.410521454361
VNM,2015,144.914228195237
VNM,2016,145.409507973118
VNM,2017,160.98008365887
VNM,2018,164.663936775893
VNM,2019,164.704215031408
VNM,2020,163.245862814935
VNM,2021,186.675832836814
VNM,2022,183.153619147836
VNM,2023,164.995585455876
VNM,2024,173.885260216071
VNM,2025,190.336808817292
VUT,2010,103.823312203828
VUT,2011,96.9987664175314
VUT,2012,104.451629665983
VUT,2013,93.4638521005109
VUT,2014,91.3913104611923
VUT,2015,92.5427728613569
VUT,2016,93.2943778278248
VUT,2017,90.0680828139658
VUT,2018,89.6801368961432
VUT,2019,85.2923789349229
VUT,2020,65.4819913449416
VUT,2021,60.1426638378911
VUT,2022,70.4738394846168
VUT,2023,78.0648945040347
VUT,2024,73.3835043414732
WLD,2010,56.1928236203117
WLD,2011,59.3107109256613
WLD,2012,59.2953615574382
WLD,2013,58.6308037331573
WLD,2014,58.0267788162164
WLD,2015,55.6181865121386
WLD,2016,53.7908953963337
WLD,2017,55.4551756398449
WLD,2018,56.989700265917
WLD,2019,55.8007220789098
WLD,2020,51.8676146705359
WLD,2021,56.498994335193
WLD,2022,62.1470721214396
WLD,2023,58.0658951471515
WLD,2024,56.7228465365692
WLD,2025,68.4920790757033
WSM,2010,78.5698016774915
WSM,2011,81.600955014363
WSM,2012,82.7339794775292
WSM,2013,77.877751737476
WSM,2014,80.5007740440855
WSM,2015,74.6343550051873
WSM,2016,75.2118174672901
WSM,2017,74.0110807608335
WSM,2018,78.9349684295151
WSM,2019,83.3310795816457
WSM,2020,77.4847998856019
WSM,2021,59.7697795919357
WSM,2022,60.8477789845035
WSM,2023,80.8405125709078
WSM,2024,79.5241475635456
WSM,2025,70.6296323498584
YEM,2010,64.3856367797178
YEM,2011,63.0594579549043
YEM,2012,61.3616371825683
YEM,2013,52.5118781367089
YEM,2014,48.2430405122774
YEM,2015,30.3676590844637
YEM,2016,31.0815442908559
YEM,2017,42.9699046721967
YEM,2018,56.0778227215077
ZAF,2010,50.4060871625999
ZAF,2011,54.6363504358971
ZAF,2012,55.5826171933345
ZAF,2013,58.875027630051
ZAF,2014,59.4995740550593
ZAF,2015,56.7266761447156
ZAF,2016,55.8612575048782
ZAF,2017,53.5359318293741
ZAF,2018,54.4855451276341
ZAF,2019,53.8979964081406
ZAF,2020,50.7596590804177
ZAF,2021,56.1647136277546
ZAF,2022,64.94713440234
ZAF,2023,65.6798759740707
ZAF,2024,61.646770473025
ZAF,2025,60.9110971393628
ZMB,2010,67.9009190299719
ZMB,2011,72.7954324384283
ZMB,2012,75.367709855907
ZMB,2013,80.4562410213373
ZMB,2014,76.1934997276313
ZMB,2015,79.8652687573958
ZMB,2016,73.958561254616
ZMB,2017,71.5856946542566
ZMB,2018,74.8883695274665
ZMB,2019,68.791204936096
ZMB,2020,79.2068494095955
ZMB,2021,86.2085111934645
ZMB,2022,69.2973154193203
ZMB,2023,78.2418870451485
ZMB,2024,62.5348874064443
ZWE,2010,83.1234047851259
ZWE,2011,89.4659437238642
ZWE,2012,74.1627003825153
ZWE,2013,58.6560737143829
ZWE,2014,54.6717592473918
ZWE,2015,56.7496526604333
ZWE,2016,51.2190376594477
ZWE,2017,55.028317831061
ZWE,2018,54.55031658746
ZWE,2019,36.5178684980287
ZWE,2020,31.8225698755474
ZWE,2021,34.9401169482991
ZWE,2022,43.6150764298492
ZWE,2023,40.2912612046942
ZWE,2024,41.5039527238816
