# World Bank Open Data NV.IND.MANF.CD, last updated 2026-07-13, CC BY 4.0
iso3,year,value
AFG,2010,1985663504.69017
AFG,2011,2453398176.74875
AFG,2012,2485646144.41251
AFG,2013,2316811184.00276
AFG,2014,2352575876.40564
AFG,2015,2185129260.81956
AFG,2016,745351407.840014
AFG,2017,662076240.50029
AFG,2018,1112110510.83443
AFG,2019,1324078917.64664
AFG,2020,1502305214.37745
AFG,2021,1211123774.78915
AFG,2022,1477307127.52739
AFG,2023,1293435754.18994
AFG,2024,1496561425.75373
AGO,2010,4287408953.4362
AGO,2011,5245654089.67395
AGO,2012,6262532532.51313
AGO,2013,7114270307.84886
AGO,2014,7252318034.68361
AGO,2015,5373785463.30726
AGO,2016,3514203749.04257
AGO,2017,4905693542.53535
AGO,2018,4833699146.54847
AGO,2019,4393761640.45159
AGO,2020,3567746207.53982
AGO,2021,4848700776.07943
AGO,2022,8612805843.30213
AGO,2023,7847840369.22263
AGO,2024,6778743788.62881
AGO,2025,8298877158.58976
ALB,2010,720435500.399488
ALB,2011,803363820.783362
ALB,2012,658785529.124608
ALB,2013,735526500.36505
ALB,2014,785427299.962078
ALB,2015,719858283.552249
ALB,2016,755694412.469541
ALB,2017,863961954.564117
ALB,2018,1031675115.15299
ALB,2019,1085890448.36829
ALB,2020,1077481583.98527
ALB,2021,1247506586.16692
ALB,2022,1427171427.85943
ALB,2023,1692088577.674
ALB,2024,1759050948.05831
ALB,2025,1842831538.50786
AND,2010,127640000.666667
AND,2011,132848209.338522
AND,2012,118740169.054688
AND,2013,122572013.839216
AND,2014,120295746.019607
AND,2015,103395506.277344
AND,2016,108365814.747082
AND,2017,112471057.929412
AND,2018,116194114.219608
AND,2019,115910390.745098
AND,2020,107937532.29572
AND,2021,135104425.620153
AND,2022,120879453.171207
AND,2023,128595277.862747
AND,2024,126389567.335937
ARE,2010,24923043904.9886
ARE,2011,28980487886.4501
ARE,2012,30764981374.7371
ARE,2013,31502829207.1404
ARE,2014,33477270465.9632
ARE,2015,33938410701.1515
ARE,2016,34512042134.3475
ARE,2017,36847613695.6809
ARE,2018,38430202580.0283
ARE,2019,38371586632.6323
ARE,2020,32116250206.6132
ARE,2021,37058003971.5172
ARE,2022,43696160850.5244
ARE,2023,49432722603.9888
ARE,2024,51773020762.1122
ARG,2010,67123175368.3781
ARG,2011,84033764932.5814
ARG,2012,83081051122.8397
ARG,2013,82864793306.4051
ARG,2014,77752039861.1526
ARG,2015,84344878153.7785
ARG,2016,75200104206.6516
ARG,2017,82610787771.5883
ARG,2018,73790429479.3891
ARG,2019,60629741137.9921
ARG,2020,56281582711.3467
ARG,2021,75701669306.8889
ARG,2022,104080020037.285
ARG,2023,107327116119.265
ARG,2024,96936086826.3434
ARG,2025,92789674938.8777
ARM,2012,1000845332.136
ARM,2013,1076844170.7506
ARM,2014,1122222631.24874
ARM,2015,971558304.419588
ARM,2016,1084633198.37413
ARM,2017,1225498672.41509
ARM,2018,1404248913.89681
ARM,2019,1595022102.92989
ARM,2020,1560606287.50286
ARM,2021,1531064374.6154
ARM,2022,2230821722.86364
ARM,2023,2476456889.52303
ARM,2024,2636463219.00542
ARM,2025,3214430893.25857
ATG,2010,27192592.5925926
ATG,2011,28088888.8888889
ATG,2012,28048148.1481481
ATG,2013,36233333.3333333
ATG,2014,38185185.1851852
ATG,2015,40274074.0740741
ATG,2016,42837037.037037
ATG,2017,45429629.6296296
ATG,2018,49985185.1851852
ATG,2019,51996296.2962963
ATG,2020,41096296.2962963
ATG,2021,44459259.2592593
ATG,2022,50218518.5185185
ATG,2023,50285185.1851852
ATG,2024,54770370.3703704
ATG,2025,56985185.1851852
AUS,2010,90778092906.0898
AUS,2011,101713263719.568
AUS,2012,107273743454.58
AUS,2013,102543163190.665
AUS,2014,91975612958.0718
AUS,2015,83604632878.2601
AUS,2016,71923352414.6726
AUS,2017,75023247500.4695
AUS,2018,79973180789.3839
AUS,2019,76233953579.1859
AUS,2020,73397638077.6685
AUS,2021,84744851922.0909
AUS,2022,89677570557.9697
AUS,2023,91394419093.0016
AUS,2024,94463332988.051
AUS,2025,95629870629.9839
AUT,2010,66327731282.8668
AUT,2011,73542776801.8387
AUT,2012,70190829110.032
AUT,2013,72972523950.7869
AUT,2014,75373654436.2252
AUT,2015,65444863055.8644
AUT,2016,69557569123.3694
AUT,2017,72374342908.5213
AUT,2018,78392304780.8133
AUT,2019,75760328861.9528
AUT,2020,72098388106.7706
AUT,2021,81580543054.4057
AUT,2022,78798817690.94
AUT,2023,82364468844.6936
AUT,2024,80933905264.1273
AUT,2025,88236775152.0779
AZE,2010,2543982058.31049
AZE,2011,2630412594.37295
AZE,2012,2951714833.03528
AZE,2013,3126414043.37058
AZE,2014,3541544749.96398
AZE,2015,2648931643.11844
AZE,2016,1866866534.39634
AZE,2017,1920512678.98591
AZE,2018,2176684115.51179
AZE,2019,2410411764.70588
AZE,2020,2604941176.47059
AZE,2021,3519294117.64706
AZE,2022,4163705882.35294
AZE,2023,3718294117.64706
AZE,2024,4129058823.52941
AZE,2025,4540882352.94118
BDI,2010,208147346.724865
BDI,2011,224233589.435516
BDI,2012,245251729.954259
BDI,2013,263483001.31739
BDI,2014,296420089.331513
BDI,2015,307103830.995665
BDI,2016,321451731.183375
BDI,2017,349542853.234361
BDI,2018,386323040.353889
BDI,2019,367825435.784602
BDI,2020,351430947.299802
BDI,2021,368433820.088722
BDI,2022,451772600.901168
BDI,2023,428601984.669394
BDI,2024,372283639.397856
BDI,2025,440745424.448675
BEL,2010,63221836973.3335
BEL,2011,68271646876.4593
BEL,2012,62907750135.3516
BEL,2013,66373628692.4316
BEL,2014,67699204317.9213
BEL,2015,57942868346.1328
BEL,2016,58090718123.113
BEL,2017,62342246500.3531
BEL,2018,66982913127.9215
BEL,2019,66625189608.6273
BEL,2020,63626948005.9146
BEL,2021,64310085072.092
BEL,2022,74080813339.1053
BEL,2023,77919028592.5504
BEL,2024,76787967022.8125
BEL,2025,81043520587.0587
BEN,2010,1119438570.40929
BEN,2011,1254708362.16295
BEN,2012,1193479627.90347
BEN,2013,1367170240.44546
BEN,2014,1379814512.52582
BEN,2015,1142878265.57857
BEN,2016,1173981451.39074
BEN,2017,1221907960.42585
BEN,2018,1306787720.84275
BEN,2019,1419844689.62354
BEN,2020,1519717922.44938
BEN,2021,1676745644.71821
BEN,2022,1711797821.03148
BEN,2023,1979543621.38577
BEN,2024,2185718276.98085
BEN,2025,2494120922.7393
BFA,2010,1227306679.2355
BFA,2011,1402782966.41654
BFA,2012,1299101515.41396
BFA,2013,1367254645.24751
BFA,2014,1533179979.7281
BFA,2015,1379664852.30135
BFA,2016,1427126200.95576
BFA,2017,1447287059.00689
BFA,2018,1672461830.69548
BFA,2019,1669111824.66543
BFA,2020,1778052265.18668
BFA,2021,1932632491.4307
BFA,2022,1903757961.11266
BFA,2023,1995925893.93058
BFA,2024,2197689501.17265
BFA,2025,1828265938.57674
BGD,2010,18583833053.9657
BGD,2011,20572997170.6682
BGD,2012,21215366551.7969
BGD,2013,24662857790.6125
BGD,2014,28721147380.6349
BGD,2015,32762527149.6439
BGD,2016,53967746788.2133
BGD,2017,58966969324.4339
BGD,2018,66850830760.9074
BGD,2019,74489012204.486
BGD,2020,77033525619.5612
BGD,2021,88398085892.132
BGD,2022,100146830952.669
BGD,2023,97727416239.7301
BGD,2024,98544468828.3762
BGD,2025,102404419323.59
BHR,2010,3910851063.82979
BHR,2011,4501409574.46809
BHR,2012,4719255319.14894
BHR,2013,4971835106.38298
BHR,2014,5159734042.55319
BHR,2015,5585319148.93617
BHR,2016,6045585106.38298
BHR,2017,6765505319.14894
BHR,2018,6794095744.68085
BHR,2019,6892420212.76596
BHR,2020,6467579787.23404
BHR,2021,8384069148.93617
BHR,2022,9726063829.78723
BHR,2023,9298404255.31915
BHR,2024,9379252659.57447
BHR,2025,9741488297.87234
BHS,2010,214800000
BHS,2011,220700000
BHS,2012,315800000
BHS,2013,272900000
BHS,2014,295200000
BHS,2015,293900000
BHS,2016,365000000
BHS,2017,324600000
BHS,2018,279500000
BHS,2019,278100000
BHS,2020,201300000
BHS,2021,229500000
BHS,2022,149900000
BHS,2023,130600000
BHS,2024,99700000
BIH,2010,1869609003.61607
BIH,2011,2035206906.91907
BIH,2012,1816578330.19097
BIH,2013,1988270331.44134
BIH,2014,2030361715.65133
BIH,2015,1823801355.4924
BIH,2016,2022163981.45168
BIH,2017,2302522311.0226
BIH,2018,2608020169.16267
BIH,2019,2556232435.03754
BIH,2020,2560988019.59265
BIH,2021,3310936643.91639
BIH,2022,3525970486.07936
BIH,2023,3663308926.63786
BIH,2024,3776145685.57462
BIH,2025,3921123477.10191
BLR,2010,12883186559.7228
BLR,2011,16318500069.3519
BLR,2012,16277681152.4667
BLR,2013,16612778081.2045
BLR,2014,16619741590.9469
BLR,2015,11654691482.2878
BLR,2016,9617338078.76403
BLR,2017,11836621053.623
BLR,2018,12761335840.8487
BLR,2019,13938300483.3675
BLR,2020,13186805078.7535
BLR,2021,15856618117.7189
BLR,2022,17701686912.1511
BLR,2023,16060751159.6588
BLR,2024,16407470661.0083
BLR,2025,19152140558.945
BLZ,2010,127682900
BLZ,2011,127625050
BLZ,2012,142796450
BLZ,2013,149971100
BLZ,2014,150883500
BLZ,2015,152689850
BLZ,2016,152659850
BLZ,2017,150585300
BLZ,2018,142066750
BLZ,2019,147975500
BLZ,2020,137303050
BLZ,2021,159462200
BLZ,2022,190442950
BLZ,2023,198117000
BLZ,2024,211245000
BOL,2010,2214528279.59486
BOL,2011,2477423099.622
BOL,2012,2766467120.11577
BOL,2013,3043801287.98842
BOL,2014,3213277004.34153
BOL,2015,3363113183.79161
BOL,2016,3728168494.93488
BOL,2017,5313110824.89146
BOL,2018,5413801056.43994
BOL,2019,5513281331.40376
BOL,2020,4806244602.02605
BOL,2021,5756445745.29667
BOL,2022,6245654891.46165
BOL,2023,6194946642.54703
BOL,2024,7170876599.13169
BRA,2010,281005236959.187
BRA,2011,308282556136.939
BRA,2012,263186297975.136
BRA,2013,259141899986.503
BRA,2014,253883632177.792
BRA,2015,189609619123.365
BRA,2016,193691599693.296
BRA,2017,221239717220.308
BRA,2018,201823568397.501
BRA,2019,193557513770.541
BRA,2020,157839136119.231
BRA,2021,198880098068.349
BRA,2022,255196129508.886
BRA,2023,290394278088.572
BRA,2024,264720626042.066
BRA,2025,268398195760.876
BRB,2010,298666250
BRB,2011,323795350
BRB,2012,295235200
BRB,2013,310286150
BRB,2014,296295150
BRB,2015,318136000
BRB,2016,317424350
BRB,2017,324878800
BRB,2018,317733250
BRB,2019,323295950
BRB,2020,275459350
BRB,2021,285798550
BRB,2022,354829450
BRB,2023,372111350
BRB,2024,376046050
BRN,2010,171263996.057232
BRN,2011,226135034.775855
BRN,2012,277784224.455351
BRN,2013,207212791.907709
BRN,2014,271300748.20053
BRN,2015,209190558.516151
BRN,2016,206268736.240785
BRN,2017,213803406.641074
BRN,2018,289561419.18084
BRN,2019,313539908.181897
BRN,2020,820248125.864769
BRN,2021,1355611854.9762
BRN,2022,1939363257.42083
BRN,2023,1566739062.45347
BRN,2024,1634611570.22319
BRN,2025,1493366027.87865
BTN,2010,134614694.212538
BTN,2011,146919515.504312
BTN,2012,157062466.164743
BTN,2013,145813804.244849
BTN,2014,154779616.957133
BTN,2015,159965666.823752
BTN,2016,160565632.010673
BTN,2017,179047206.310401
BTN,2018,225965839.154734
BTN,2019,167729319.856602
BTN,2020,121139521.6385
BTN,2021,200023386.721718
BTN,2022,252931010.010611
BTN,2023,236567187.344354
BTN,2024,221476264.132397
BWA,2010,1074098040.44233
BWA,2011,1168242497.73297
BWA,2012,1122848469.18242
BWA,2013,1140774669.75469
BWA,2014,1214214240.22037
BWA,2015,979900063.105983
BWA,2016,980859538.041738
BWA,2017,994268579.298582
BWA,2018,1047032154.49057
BWA,2019,1019004195.57066
BWA,2020,846608250.768446
BWA,2021,980194805.604776
BWA,2022,1094311044.36256
BWA,2023,1091754770.36797
BWA,2024,1076156806.83807
BWA,2025,1134163747.24373
CAF,2010,394161806.185214
CAF,2011,486830066.640873
CAF,2012,593681788.747082
CAF,2013,356262672.514203
CAF,2014,330516612.279963
CAF,2015,334839450.352013
CAF,2016,355042197.836752
CAF,2017,382150039.588793
CAF,2018,402697679.998528
CAF,2019,394998939.19898
CAF,2020,412458432.167752
CAF,2021,470951777.194291
CAF,2022,437014477.631347
CAF,2023,458742463.500694
CAN,2010,167011817372.211
CAN,2011,184228958244.045
CAN,2012,189307258648.934
CAN,2013,183266821151.293
CAN,2014,176166105614.527
CAN,2015,160515494629.239
CAN,2016,156571835986.801
CAN,2017,164963469176.005
CAN,2018,175719998823.225
CAN,2019,167553596706.489
CAN,2020,154012294258.414
CAN,2021,192714292439.82
CAN,2022,205190749695.971
CHE,2010,111731332049.74
CHE,2011,136057389357.726
CHE,2012,128009851361.938
CHE,2013,132388330260.227
CHE,2014,135320165127.336
CHE,2015,126104843754.253
CHE,2016,127459281008.243
CHE,2017,130253460389.462
CHE,2018,137426635079.168
CHE,2019,141475144776.232
CHE,2020,144010734504.398
CHE,2021,173965969095.809
CHE,2022,171041778531.837
CHE,2023,179713353515.342
CHE,2024,184929021730.591
CHE,2025,197492396657.268
CHL,2010,21460229841.2404
CHL,2011,24909632915.0239
CHL,2012,26242482383.9381
CHL,2013,27697983900.0891
CHL,2014,25749657849.158
CHL,2015,25212084389.8883
CHL,2016,24201223954.0753
CHL,2017,25298063753.6345
CHL,2018,28414793396.3977
CHL,2019,24983032062.0845
CHL,2020,22915899617.7274
CHL,2021,27000647092.8158
CHL,2022,28609536276.9727
CHL,2023,32171468724.643
CHL,2024,30860246855.9249
CHL,2025,31997296911.1918
CHN,2010,1924333072319.58
CHN,2011,2421387361155.63
CHN,2012,2690076711732.41
CHN,2013,2935359967255.02
CHN,2014,3184217491389.99
CHN,2015,3202510065357
CHN,2016,3153128508921.24
CHN,2017,3460348237641.4
CHN,2018,3868482846608.59
CHN,2019,3823422172446.96
CHN,2020,3836229773009.29
CHN,2021,4845643957683.2
CHN,2022,4758818184166.08
CHN,2023,4570224990167.98
CHN,2024,4652746352861.02
CHN,2025,4822731276479.18
CIV,2010,3144935419.64316
CIV,2011,3383657610.91895
CIV,2012,3745762921.07454
CIV,2013,5067167250.97163
CIV,2014,5959188494.47764
CIV,2015,5236929530.44376
CIV,2016,6071802070.25207
CIV,2017,5925292352.15125
CIV,2018,6607763803.58159
CIV,2019,7439153563.06846
CIV,2020,7596081145.16266
CIV,2021,9752356801.54213
CIV,2022,9085978127.33657
CIV,2023,10711998084.3093
CIV,2024,11253661628.2955
CIV,2025,12258978814.7867
CMR,2010,3994082054.65406
CMR,2011,4652555401.40291
CMR,2012,4683916494.44179
CMR,2013,5136442590.81274
CMR,2014,5281150824.63687
CMR,2015,4622187180.0649
CMR,2016,4680423083.7401
CMR,2017,4950174091.66431
CMR,2018,5467923482.99237
CMR,2019,5087699393.23934
CMR,2020,5374315867.87799
CMR,2021,5985061151.03551
CMR,2022,5926641291.62778
CMR,2023,6452349461.87145
CMR,2024,6864735347.54779
CMR,2025,8585060591.14848
COD,2010,1335037157.93126
COD,2011,3774937746.01239
COD,2012,4862389161.9392
COD,2013,5021602359.92742
COD,2014,5784227914.2215
COD,2015,6760385198.52376
COD,2016,6318865321.18015
COD,2017,5188427899.01046
COD,2018,5214242234.56333
COD,2019,5387845691.02515
COD,2020,5658051360.46986
COD,2021,6014954756.60738
COD,2022,6682714684.75336
COD,2023,5759166401.73726
COD,2024,6511454956.17287
COD,2025,7187046625.33024
COG,2010,698466062.648075
COG,2011,820655973.647337
COG,2012,753237148.140153
COG,2013,1063310018.6365
COG,2014,1085894228.64872
COG,2015,1040498809.61591
COG,2016,1253503057.67859
COG,2017,1464681527.08119
COG,2018,1360236342.70794
COG,2019,1337465328.54469
COG,2020,1474092994.84271
COL,2010,40015323874.834
COL,2011,44274492465.9275
COL,2012,48520819748.3849
COL,2013,48382065338.0741
COL,2014,46775656449.8115
COL,2015,36395677015.8096
COL,2016,34768292662.9692
COL,2017,35582742924.7915
COL,2018,37269293920.5275
COL,2019,35296567719.3979
COL,2020,29001624802.2816
COL,2021,35672086018.636
COL,2022,38529962112.9808
COL,2023,39937539803.3498
COL,2024,43001308358.1134
COL,2025,45261991593.3619
COM,2010,64877579.1169168
COM,2011,75415219.6381203
COM,2012,71085449.2762932
COM,2013,83228201.6927299
COM,2014,88480942.3273123
COM,2015,70061762.174471
COM,2016,72974896.3948954
COM,2017,74745249.035964
COM,2018,80977501.9083508
COM,2019,77526416.2673404
COM,2020,78633284.4688999
COM,2021,92541071.5885858
COM,2022,95974979.7735588
COM,2023,117545120.984385
COM,2024,115309677.878495
COM,2025,130124910.54663
CPV,2010,81457021.9759343
CPV,2011,90649895.7747846
CPV,2012,88791842.8668633
CPV,2013,98123819.5552078
CPV,2014,105943842.619634
CPV,2015,86476741.8135652
CPV,2016,94408647.3538861
CPV,2017,93865989.34321
CPV,2018,100953395.651397
CPV,2019,108509219.522308
CPV,2020,94448585.4093811
CPV,2021,110506070.001948
CPV,2022,106792252.288332
CPV,2023,123933718.143562
CPV,2024,140034946.916422
CPV,2025,158656311.213029
CRI,2010,5401966725.06773
CRI,2011,6016467765.25071
CRI,2012,6453814803.18703
CRI,2013,6432619749.29817
CRI,2014,6287301973.0982
CRI,2015,6453062641.85228
CRI,2016,6724544840.90921
CRI,2017,7069625477.71365
CRI,2018,7431431987.77857
CRI,2019,7766862714.33017
CRI,2020,7996506519.04074
CRI,2021,8963465627.82666
CRI,2022,10034959770.9951
CRI,2023,12055112848.511
CRI,2024,12668265396.4484
CRI,2025,13971885129.9545
CUB,2010,9310185185.18518
CUB,2011,10583000000
CUB,2012,11778000000
CUB,2013,12138000000
CUB,2014,12169000000
CUB,2015,12990400000
CUB,2016,12654990000
CUB,2017,13075300000
CUB,2018,12819319100
CUB,2019,12907000000
CUB,2020,12020000000
CYP,2010,1303667347.06667
CYP,2011,1271665263.8716
CYP,2012,1049480911.40977
CYP,2013,930787621.659611
CYP,2014,947035069.105879
CYP,2015,848159362.648046
CYP,2016,961930905.248641
CYP,2017,1122567574.10235
CYP,2018,1364341392.76784
CYP,2019,1416277428.1647
CYP,2020,1439113414.05915
CYP,2021,1514996900.72478
CYP,2022,1341888296.03697
CYP,2023,1628460835.40199
CYP,2024,1677104158.72891
CYP,2025,1810538081.32941
CZE,2010,43708193159.0591
CZE,2011,50600430419.447
CZE,2012,45677435831.9499
CZE,2013,46357790391.1909
CZE,2014,49499120799.7109
CZE,2015,44882727780.8832
CZE,2016,47085144180.1151
CZE,2017,51363872292.4896
CZE,2018,56209511464.609
CZE,2019,56820024201.7246
CZE,2020,52222832584.7417
CZE,2021,57149897362.1692
CZE,2022,58540351928.758
CZE,2023,70506177335.1304
CZE,2024,69009755852.4348
CZE,2025,75946577095.3295
DEU,2010,673576752583.335
DEU,2011,769414401692.609
DEU,2012,720997706882.813
DEU,2013,752269963536.473
DEU,2014,797344914732.546
DEU,2015,689745331150.39
DEU,2016,721965379415.955
DEU,2017,756559910375.295
DEU,2018,803196685980.392
DEU,2019,764634674431.371
DEU,2020,730242522726.85
DEU,2021,808884377244.173
DEU,2022,769701681924.128
DEU,2023,864093661090.211
DEU,2024,843720987292.969
DEU,2025,889626684095.685
DJI,2013,40000900.2875293
DJI,2014,61619054.5855583
DJI,2015,66320645.2810866
DJI,2016,73865410.9531232
DJI,2017,85682208.6303813
DJI,2018,96605670.1233957
DJI,2019,114378934.397173
DJI,2020,140947936.372179
DJI,2021,177017751.41936
DJI,2022,179090624.630741
DJI,2023,183305125.44944
DJI,2024,219412687.864687
DMA,2010,24233333.3333333
DMA,2011,27659259.2592593
DMA,2012,31085185.1851852
DMA,2013,28688888.8888889
DMA,2014,28388888.8888889
DMA,2015,25918518.5185185
DMA,2016,23751851.8518518
DMA,2017,19762962.962963
DMA,2018,20677777.7777778
DMA,2019,22214814.8148148
DMA,2020,16744444.4444444
DMA,2021,20422222.2222222
DMA,2022,24622222.2222222
DMA,2023,25329629.6296296
DMA,2024,32611111.1111111
DMA,2025,34596296.2962963
DNK,2010,35060797553.3754
DNK,2011,37774325119.6465
DNK,2012,36628753050.9713
DNK,2013,40665955837.5574
DNK,2014,41737946416.9052
DNK,2015,37673196189.4847
DNK,2016,40396859554.7309
DNK,2017,43157621198.0424
DNK,2018,46203514235.261
DNK,2019,46292183268.3415
DNK,2020,45652740975.6349
DNK,2021,50984611982.2834
DNK,2022,51311120656.4357
DNK,2023,66177847057.9441
DNK,2024,75811058063.9877
DNK,2025,86663223171.5675
DOM,2010,7870123514.40574
DOM,2011,8246160750.28123
DOM,2012,8455901021.71395
DOM,2013,8378591541.09334
DOM,2014,8816855646.65434
DOM,2015,9308910193.22486
DOM,2016,9581310179.2784
DOM,2017,9722541886.43928
DOM,2018,10287967429.1208
DOM,2019,10803981416.6168
DOM,2020,10173835636.9968
DOM,2021,12973336319.1774
DOM,2022,15169770986.3471
DOM,2023,15089148337.8919
DOM,2024,15490441993.9766
DOM,2025,15625947891.2584
DZA,2010,16659926373.4943
DZA,2011,21251206317.573
DZA,2012,19441132397.3041
DZA,2013,18422483003.3111
DZA,2014,23602707886.0989
DZA,2015,13330846130.6733
DZA,2016,12470063544.546
DZA,2017,13926944060.6449
DZA,2018,13769360893.5886
DZA,2019,12389098614.0522
DZA,2020,10357999255.3843
DZA,2021,15251509650.2113
DZA,2022,23048512808.2878
DZA,2023,22611113674.9381
DZA,2024,25463405055.1347
ECU,2010,9142985000
ECU,2011,10149903000
ECU,2012,11054333000
ECU,2013,11840663000
ECU,2014,13492085000
ECU,2015,13900706000
ECU,2016,14252859000
ECU,2017,14554047000
ECU,2018,14365969000
ECU,2019,13641522000
ECU,2020,12406730000
ECU,2021,13944041000
ECU,2022,14963440000
ECU,2023,16017271000
ECU,2024,16090265000
ECU,2025,17249286900
EGY,2010,35261343012.7042
EGY,2011,37208950086.0585
EGY,2012,45120533333.3333
EGY,2013,47904217054.2636
EGY,2014,51261936872.3099
EGY,2015,54995808625.3369
EGY,2016,55987595092.0245
EGY,2017,41212127717.3913
EGY,2018,42935577377.6027
EGY,2019,50951321753.9863
EGY,2020,62871112913.2876
EGY,2021,65761628425.7489
EGY,2022,76139148328.2675
EGY,2023,59641946440.1547
EGY,2024,54053889005.3826
EGY,2025,52958009070.0409
ESP,2010,158709496466.667
ESP,2011,166629571371.596
ESP,2012,143905324770.703
ESP,2013,148018755470.589
ESP,2014,151793171114.901
ESP,2015,132844197420.312
ESP,2016,136144655266.926
ESP,2017,146907129231.765
ESP,2018,154454678428.235
ESP,2019,150128248611.764
ESP,2020,139982986328.405
ESP,2021,164478963961.238
ESP,2022,159779069863.814
ESP,2023,177349680274.513
ESP,2024,187139253525
ESP,2025,202018385278.431
EST,2010,2684278591.17358
EST,2011,3391318019.55254
EST,2012,3224671815.70899
EST,2013,3449633873.28825
EST,2014,3777270483.00626
EST,2015,3183173621.48398
EST,2016,3342872859.54981
EST,2017,3664671050.6153
EST,2018,4125709456.27137
EST,2019,4105442152.95686
EST,2020,4006803390.6646
EST,2021,4847685881.51155
EST,2022,4585646668.5078
EST,2023,4732644662.4295
EST,2024,4672841053.50234
EST,2025,5070602711.36548
ETH,2010,1189540726.08797
ETH,2011,1176676923.07692
ETH,2012,1481252970.15358
ETH,2013,1764029256.61647
ETH,2014,2219664905.21725
ETH,2015,2735419043.0622
ETH,2016,3897233786.0262
ETH,2017,4724455325
ETH,2018,4856614482.55595
ETH,2019,5137560980.2229
ETH,2020,5233108527.08746
ETH,2021,5023468655.33199
ETH,2022,5222457019.52876
ETH,2023,6085809928.04584
ETH,2024,6579460009.84259
ETH,2025,5310181943.67296
FIN,2010,42501150616.6667
FIN,2011,44997737461.0896
FIN,2012,37574929497.6563
FIN,2013,39576589450.5883
FIN,2014,39934733576.4705
FIN,2015,34611254623.0469
FIN,2016,35213908728.7939
FIN,2017,39027095603.5295
FIN,2018,40505558731.7647
FIN,2019,39283480023.5294
FIN,2020,39212734616.3425
FIN,2021,43957726364.3404
FIN,2022,44154329396.8873
FIN,2023,42731736156.8635
FIN,2024,42512657671.0937
FIN,2025,45148476249.0195
FJI,2010,386568215.21296
FJI,2011,450682400.423478
FJI,2012,459256670.650145
FJI,2013,484630163.721838
FJI,2014,517481488.546079
FJI,2015,491480575.697335
FJI,2016,538961596.336652
FJI,2017,559230432.416087
FJI,2018,579775028.983702
FJI,2019,605213958.756578
FJI,2020,519456567.095705
FJI,2021,501199391.683606
FJI,2022,582627383.305313
FJI,2023,648452863.729793
FJI,2024,676938676.541904
FJI,2025,566207011.41259
FRA,2010,271967194731.667
FRA,2011,296033387436.771
FRA,2012,274929872232.656
FRA,2013,288742291363.569
FRA,2014,291316707536.117
FRA,2015,252062134176.992
FRA,2016,251122666448.872
FRA,2017,259147054392.471
FRA,2018,274992343334.902
FRA,2019,269854704065.882
FRA,2020,244818428211.829
FRA,2021,269821622062.786
FRA,2022,259953375407.199
FRA,2023,298556108971.574
FRA,2024,302342959906.641
FRA,2025,319336285542.705
FSM,2010,1127000
FSM,2011,1228800
FSM,2012,1190000
FSM,2013,1044800
FSM,2014,1037900
FSM,2015,1158900
FSM,2016,1810700
FSM,2017,1895900
FSM,2018,1930100
FSM,2019,1923300
FSM,2020,1841900
FSM,2021,1986100
FSM,2022,2116500
FSM,2023,2264200
FSM,2024,2386700
FSM,2025,2412300
GAB,2010,2454905161.36988
GAB,2011,3487783958.22845
GAB,2012,2833367918.15519
GAB,2013,3019854561.58193
GAB,2014,3166289846.06669
GAB,2015,2400113944.80222
GAB,2016,2448011234.41937
GAB,2017,2630936789.76435
GAB,2018,3194934348.28961
GAB,2019,3172821702.36319
GAB,2020,2850046042.72823
GAB,2021,4209740378.02327
GAB,2022,4251664769.53919
GAB,2023,3981686797.2727
GAB,2024,4066264032.94052
GAB,2025,4085100138.7918
GBR,2010,235923783797.278
GBR,2011,249547844141.957
GBR,2012,254966855290.385
GBR,2013,268450184378.507
GBR,2014,291284137173.491
GBR,2015,276428461923.508
GBR,2016,247177263512.914
GBR,2017,244063533969.927
GBR,2018,261180357369.671
GBR,2019,258282293697.537
GBR,2020,247388595795.252
GBR,2021,278975078473.836
GBR,2022,253269524754.241
GBR,2023,281323871481.498
GBR,2024,294663475863.889
GBR,2025,307302176387.788
GEO,2010,1127298240.18062
GEO,2011,1462653432.11809
GEO,2012,1612554125.40015
GEO,2013,1615585595.33472
GEO,2014,1654769387.43262
GEO,2015,1406479014.62186
GEO,2016,1202155045.47423
GEO,2017,1444817221.62849
GEO,2018,1621455119.35293
GEO,2019,1556695232.69012
GEO,2020,1509533717.07882
GEO,2021,1869483560.49551
GEO,2022,2429313524.44963
GEO,2023,2571597230.54619
GEO,2024,2884462018.5821
GEO,2025,3046343308.10194
GHA,2010,2056998299.97979
GHA,2011,2526895454.1718
GHA,2012,2336220338.24931
GHA,2013,7282906317.7638
GHA,2014,6025546444.22744
GHA,2015,5486644849.26978
GHA,2016,6075038593.68153
GHA,2017,6130461480.91078
GHA,2018,6806736301.6132
GHA,2019,6945460166.00438
GHA,2020,7668042048.45089
GHA,2021,8655459553.05535
GHA,2022,8489177681.17649
GHA,2023,8974100974.25666
GHA,2024,8804856653.5649
GHA,2025,11542668021.6405
GIN,2010,728748732.716775
GIN,2011,710490506.381459
GIN,2012,804275337.843059
GIN,2013,904739478.255548
GIN,2014,972873744.650019
GIN,2015,1065746063.35975
GIN,2016,939252173.312721
GIN,2017,1034695595.96125
GIN,2018,1431528912.48975
GIN,2019,1398105852.80576
GIN,2020,1347760599.48674
GIN,2021,1949769752.75287
GIN,2022,2537658127.78817
GMB,2010,70232876.2927427
GMB,2011,77374052.6625917
GMB,2012,81336733.5124142
GMB,2013,77188232.9033926
GMB,2014,80059855.3249108
GMB,2015,87503938.2482672
GMB,2016,82932392.1354088
GMB,2017,67258800.2435329
GMB,2018,71094774.2514446
GMB,2019,68684609.811731
GMB,2020,47358980.2736456
GMB,2021,38310749.3878019
GMB,2022,31544523.9251421
GMB,2023,40488676.194365
GMB,2024,34973175.3372715
GNB,2010,85528007.8005432
GNB,2011,106452664.967558
GNB,2012,93323691.7333107
GNB,2013,96816014.7860327
GNB,2014,106073172.220046
GNB,2015,102088643.043054
GNB,2016,107769819.224544
GNB,2017,119655889.645647
GNB,2018,174277823.912237
GNB,2019,155501020.937458
GNB,2020,110067735.055511
GNB,2021,126454875.557606
GNB,2022,130057330.843821
GNB,2023,185014503.6082
GNB,2024,201586990.949174
GNB,2025,217388375.600059
GNQ,2010,3428722057.41141
GNQ,2011,4798672877.19158
GNQ,2012,3826112525.90111
GNQ,2013,4233005854.6471
GNQ,2014,4380435223.10849
GNQ,2015,2352906758.621
GNQ,2016,2080034290.59645
GNQ,2017,3141807961.4161
GNQ,2018,3348924046.96908
GNQ,2019,2369858168.20617
GNQ,2020,1931971921.38124
GNQ,2021,2556867491.41515
GNQ,2022,3475754707.98169
GNQ,2023,2777436610.38158
GNQ,2024,3420933594.83757
GNQ,2025,2860295894.33345
GRC,2010,23784884225.6
GRC,2011,23079479713.6868
GRC,2012,19433127587.1469
GRC,2013,18405231114.6781
GRC,2014,18229270613.1066
GRC,2015,16137377917.9816
GRC,2016,15655836171.6491
GRC,2017,16065981139.0059
GRC,2018,17451731230.8494
GRC,2019,16251912983.4039
GRC,2020,16126695417.1596
GRC,2021,18917311503.7671
GRC,2022,21190890532.2783
GRC,2023,21738590024.4631
GRC,2024,23230248778.3187
GRC,2025,25470668531.0615
GRD,2010,26622222.2222222
GRD,2011,26300000
GRD,2012,25970370.3703704
GRD,2013,28485185.1851852
GRD,2014,31181481.4814815
GRD,2015,34088888.8888889
GRD,2016,35600000
GRD,2017,34677777.7777778
GRD,2018,36355555.5555556
GRD,2019,40918518.5185185
GRD,2020,32648148.1481481
GRD,2021,37207407.4074074
GRD,2022,41307407.4074074
GRD,2023,47422222.2222222
GRD,2024,47625925.9259259
GRD,2025,46806571.7900852
GTM,2010,7703480751.68679
GTM,2011,8886237527.64463
GTM,2012,9634476770.27371
GTM,2013,7640191813.11916
GTM,2014,8143644533.2157
GTM,2015,8908980034.13538
GTM,2016,9373374674.0269
GTM,2017,10132157602.2882
GTM,2018,10232442831.0856
GTM,2019,10658493161.6129
GTM,2020,10964785505.6886
GTM,2021,12040533135.912
GTM,2022,13469249419.6104
GTM,2023,14614972674.8327
GTM,2024,15328532385.8696
GTM,2025,16269521915.3334
GUY,2010,197190245.981904
GUY,2011,222162314.507334
GUY,2012,244423602.731189
GUY,2013,264486576.193763
GUY,2014,249567487.961819
GUY,2015,254184019.37046
GUY,2016,222644067.79661
GUY,2017,227404358.353511
GUY,2018,223506378.522817
GUY,2019,261232613.908873
GUY,2020,232201438.848921
GUY,2021,252100719.42446
GUY,2022,274796163.069544
GUY,2023,381645083.932854
GUY,2024,418613908.872902
GUY,2025,514494004.796163
HND,2010,2619282247.77852
HND,2011,3045174582.9259
HND,2012,3276985988.79616
HND,2013,3199391130.26628
HND,2014,3408908438.19825
HND,2015,3680508357.75974
HND,2016,3723868314.88375
HND,2017,3962467201.12211
HND,2018,4065694928.2107
HND,2019,4114149766.33246
HND,2020,3790877516.65546
HND,2021,4563649683.93808
HND,2022,5097147032.61154
HND,2023,5224329086.58514
HND,2024,5500231821.22773
HND,2025,5928517965.87442
HRV,2010,7640013893.34472
HRV,2011,8592813662.75468
HRV,2012,7778181776.1338
HRV,2013,7546267705.24135
HRV,2014,7589716883.49991
HRV,2015,6496121743.20182
HRV,2016,6779762326.43808
HRV,2017,7169074244.99345
HRV,2018,7584382455.06295
HRV,2019,7371906821.78457
HRV,2020,7046235135.68771
HRV,2021,8044724980.86983
HRV,2022,8739896469.08183
HRV,2023,10466680313.7257
HRV,2024,9742506599.21875
HRV,2025,10656870967.451
HTI,2010,1716825847.07844
HTI,2011,1906309193.62995
HTI,2012,2210782625.69453
HTI,2013,2349636874.0565
HTI,2014,2517596623.22074
HTI,2015,2519764492.94688
HTI,2016,2302695455.28352
HTI,2017,2472989614.24897
HTI,2018,2737909517.57785
HTI,2019,2515145418.99674
HTI,2020,2558927192.11172
HTI,2021,3357481931.80879
HTI,2022,4037090707.43672
HTI,2023,4237815374.40151
HTI,2024,5055801638.02809
HTI,2025,6480578180.82833
HUN,2010,23920319957.6809
HUN,2011,26159409116.9083
HUN,2012,23758929384.5442
HUN,2013,25375743758.2422
HUN,2014,27412077872.7581
HUN,2015,25308927532.6
HUN,2016,25226036918.1951
HUN,2017,27381866877.2015
HUN,2018,29662564532.7428
HUN,2019,28577196724.6955
HUN,2020,27373831967.8784
HUN,2021,30291207881.9251
HUN,2022,29695914473.9049
HUN,2023,36581211500.4272
HUN,2024,35340306132.9129
HUN,2025,37328054029.5633
IDN,2010,166412396921.541
IDN,2011,194317707608.302
IDN,2012,196891862575.911
IDN,2013,191891859856.002
IDN,2014,187740778013.027
IDN,2015,180657039362.472
IDN,2016,191248955474.816
IDN,2017,204748965929.525
IDN,2018,207028410179.706
IDN,2019,220502280580.222
IDN,2020,210396303050.68
IDN,2021,228324898226.085
IDN,2022,241872729218.742
IDN,2023,255961883712.788
IDN,2024,265073987434.714
IDN,2025,275613348601.304
IND,2010,285356221248.779
IND,2011,294228486617.162
IND,2012,289076030524.154
IND,2013,283206152895.644
IND,2014,307206029364.073
IND,2015,327820151125.237
IND,2016,347942545530.751
IND,2017,398204735179.971
IND,2018,402237303537.545
IND,2019,381553721136.483
IND,2020,377702025494.416
IND,2021,455359411362.824
IND,2022,433305207840.131
IND,2023,466070154072.719
IND,2024,494141553765.715
IND,2025,532923979711.023
IRL,2010,43257344706.2001
IRL,2011,49635115727.6363
IRL,2012,44489082689.9965
IRL,2013,46340541890.7393
IRL,2014,52195737000.561
IRL,2015,105407167427.875
IRL,2016,99652364208.8571
IRL,2017,112028795656.592
IRL,2018,129736607317.742
IRL,2019,130023977555.733
IRL,2020,146565302596.825
IRL,2021,182001022741.493
IRL,2022,203424045952.728
IRL,2023,169102906085.256
IRL,2024,180097386856.696
IRL,2025,244838090579.713
IRN,2010,62266526094.2548
IRN,2011,86764229440.8502
IRN,2012,105472324188.075
IRN,2013,78711371696.3111
IRN,2014,72045955285.4691
IRN,2015,55039327894.3543
IRN,2016,63746358160.0338
IRN,2017,72123685599.4184
IRN,2018,66860755843.8077
IRN,2019,64918407199.0164
IRN,2020,64239661069.2132
IRN,2021,95487358125.993
IRN,2022,93935984985.0603
IRN,2023,98918116740.459
IRN,2024,97858664001.8126
IRQ,2010,3144200512.82051
IRQ,2011,5241675897.4359
IRQ,2012,5933539767.78101
IRQ,2013,5391116981.13208
IRQ,2014,4287507632.9331
IRQ,2015,3627684381.38997
IRQ,2016,3756513717.18882
IRQ,2017,4070858445.94595
IRQ,2018,4620056309.44832
IRQ,2019,4994045177.66497
IRQ,2020,4682433802.6891
IRQ,2021,5186530609.65517
IRQ,2022,6455060827.58621
IRQ,2023,8109549990.49971
IRQ,2024,11429111076.9231
IRQ,2025,10165888384.6154
ISL,2010,1795266176.41221
ISL,2011,2005605621.64772
ISL,2012,1735177886.43539
ISL,2013,1807257423.47459
ISL,2014,2064443612.23106
ISL,2015,1894285996.06012
ISL,2016,1996104469.00139
ISL,2017,2194281244.1188
ISL,2018,2403823990.67316
ISL,2019,2093383452.3153
ISL,2020,1948178625.31804
ISL,2021,2597607108.75459
ISL,2022,2875838075.31167
ISL,2023,2682892713.84046
ISL,2024,2910665973.60263
ISL,2025,3290870307.49782
ISR,2010,33617023916.9826
ISR,2011,36388139124.4476
ISR,2012,36236169021.819
ISR,2013,38694721191.9934
ISR,2014,39326222042.1054
ISR,2015,39138351185.6267
ISR,2016,38838776395.8443
ISR,2017,41105021445.4767
ISR,2018,43847682570.7192
ISR,2019,46449689650.2761
ISR,2020,50620169292.1743
ISR,2021,58282470053.9325
ISR,2022,63405307436.3831
ISR,2023,58954709497.0667
ISR,2024,60964810946.6201
ITA,2010,303789034740.001
ITA,2011,326019444277.238
ITA,2012,288638053446.094
ITA,2013,296269798786.236
ITA,2014,300696454473.685
ITA,2015,263201310745
ITA,2016,276723343023.269
ITA,2017,291997279259.295
ITA,2018,313825080003.529
ITA,2019,298968094010.196
ITA,2020,276150923433.308
ITA,2021,334841824417.049
ITA,2022,323653024661.869
ITA,2023,358364212434.908
ITA,2024,359511373838.75
ITA,2025,382774103859.764
JAM,2010,1024678315.48426
JAM,2011,1139167016.70301
JAM,2012,1197230840.01923
JAM,2013,1165213812.3271
JAM,2014,1129828689.83871
JAM,2015,1055520385.98137
JAM,2016,1037003528.88486
JAM,2017,1107697474.50821
JAM,2018,1158844203.17329
JAM,2019,1169856150.4353
JAM,2020,1052823155.5618
JAM,2021,1213435035.1417
JAM,2022,1530762382.95421
JAM,2023,1700058729.05387
JAM,2024,1702632287.96522
JAM,2025,1746745690.60721
JOR,2010,5142735774.64789
JOR,2011,5689604929.57747
JOR,2012,5939024366.19718
JOR,2013,6709044929.57747
JOR,2014,7013874647.88732
JOR,2015,7162130281.69014
JOR,2016,7267265774.64789
JOR,2017,7577345633.80282
JOR,2018,7764848450.70423
JOR,2019,7912419154.92958
JOR,2020,7544395352.11268
JOR,2021,7835904647.88732
JOR,2022,8400378873.23944
JOR,2023,9193626901.40845
JOR,2024,9885956901.40845
JOR,2025,10702862957.7465
JPN,2010,1213157343867.26
JPN,2011,1235886269245.43
JPN,2012,1249801113163.53
JPN,2013,1011264248243.85
JPN,2014,967625766927.363
JPN,2015,910244015575.185
JPN,2016,1023490503075.71
JPN,2017,1014898069078.7
JPN,2018,1047890494464.09
JPN,2019,1051968181466.49
JPN,2020,1026611368336.51
JPN,2021,1028273839717.91
JPN,2022,837275718336.755
JPN,2023,854533133748.176
JPN,2024,788452296563.8
KAZ,2010,16760911404.4315
KAZ,2011,21355675970.0035
KAZ,2012,23047903428.6193
KAZ,2013,25166028155.5344
KAZ,2014,22846202440.8758
KAZ,2015,18946663437.9108
KAZ,2016,15553825403.3201
KAZ,2017,18815954758.5223
KAZ,2018,20496089487.4094
KAZ,2019,20830620806.1119
KAZ,2020,22364797331.7121
KAZ,2021,26824523400.034
KAZ,2022,30271296165.5058
KAZ,2023,32175404952.1555
KAZ,2024,36124707839.1129
KAZ,2025,38909956336.9063
KEN,2010,5067436923.37268
KEN,2011,5646725053.72941
KEN,2012,6250638681.58281
KEN,2013,6727747687.11576
KEN,2014,6872988249.01535
KEN,2015,6994640667.23479
KEN,2016,6973887005.78987
KEN,2017,7169286956.32497
KEN,2018,7752781807.71406
KEN,2019,7934529865.47931
KEN,2020,7649807732.73808
KEN,2021,8077811011.56703
KEN,2022,8859137473.49119
KEN,2023,8049060460.51216
KEN,2024,8780605234.81087
KEN,2025,9682568417.89659
KGZ,2010,808343247.376478
KGZ,2011,1132223302.92361
KGZ,2012,797355928.570126
KGZ,2013,1156594652.15152
KGZ,2014,1021352383.07604
KGZ,2015,938335742.914271
KGZ,2016,1051550913.94627
KGZ,2017,1154734246.76216
KGZ,2018,1179828914.21771
KGZ,2019,1285872433.05565
KGZ,2020,1088189137.57179
KGZ,2021,1091977816.56705
KGZ,2022,1655575940.84166
KGZ,2023,1906956380.02522
KGZ,2024,2304276291.00999
KGZ,2025,3098964702.52205
KHM,2010,2719392755.99917
KHM,2011,3301454648.51546
KHM,2012,3729535109.89338
KHM,2013,4279041560.12167
KHM,2014,4805033086.26625
KHM,2015,5428817663.7699
KHM,2016,6037374433.983
KHM,2017,6797340601.58367
KHM,2018,7811291141.44865
KHM,2019,9030337906.54381
KHM,2020,8355666418.89127
KHM,2021,9806019639.12517
KHM,2022,10847449157.8834
KHM,2023,11148219816.5955
KHM,2024,12888711532.4213
KHM,2025,14879481985.2565
KIR,2010,9621990.92059048
KIR,2011,11726595.0325077
KIR,2012,10947286.2421969
KIR,2013,10108288.611305
KIR,2014,10331965.2809766
KIR,2015,8734796.29476594
KIR,2016,10137420.5145055
KIR,2017,11540071.0323294
KIR,2018,12777829.2483929
KIR,2019,10805369.7340367
KIR,2020,12057587.8217723
KIR,2021,15789754.3914473
KIR,2022,12779013.838461
KIR,2023,14023444.7832163
KIR,2024,14565997.8201106
KNA,2010,64362962.962963
KNA,2011,64714814.8148148
KNA,2012,61603703.7037037
KNA,2013,62466666.6666667
KNA,2014,65381481.4814815
KNA,2015,62692592.5925926
KNA,2016,57677777.7777778
KNA,2017,56985185.1851852
KNA,2018,58270370.3703704
KNA,2019,60674074.0740741
KNA,2020,44888888.8888889
KNA,2021,41214814.8148148
KNA,2022,43222222.2222222
KNA,2023,42888888.8888889
KNA,2024,43748148.1481481
KNA,2025,46851851.8518519
KOR,2010,335173373916.953
KOR,2011,379067295667.798
KOR,2012,383789340265.726
KOR,2013,414124243994.767
KOR,2014,440047110672.087
KOR,2015,428233369659.645
KOR,2016,434471588841.004
KOR,2017,479406469031.675
KOR,2018,506543983061.424
KOR,2019,461753839487.024
KOR,2020,448230305410.866
KOR,2021,509820126146.934
KOR,2022,476790575820.194
KOR,2023,469596698993.806
KOR,2024,499190318144.311
KOR,2025,513523784647.99
KWT,2010,6899471401.60568
KWT,2011,8646436866.57318
KWT,2012,10381014589.0489
KWT,2013,10240809410.8023
KWT,2014,9014541742.36647
KWT,2015,7995218579.23497
KWT,2016,7879531470.82284
KWT,2017,9053347618.26273
KWT,2018,10298272264.8333
KWT,2019,8985673114.61047
KWT,2020,10096391636.4337
KWT,2021,16381701216.3385
KWT,2022,14449607183.6735
KWT,2023,12489137695.9492
KWT,2024,12815326473.6952
KWT,2025,12172421773.2032
LAO,2010,791227943.216431
LAO,2011,933755701.864703
LAO,2012,915702151.067401
LAO,2013,1010835565.67449
LAO,2014,1119134379.33595
LAO,2015,1181528062.17895
LAO,2016,1236650227.85685
LAO,2017,1277525813.2323
LAO,2018,1352047063.51776
LAO,2019,1432470789.97893
LAO,2020,1458711206.22615
LAO,2021,1637039352.33253
LAO,2022,1362152313.09624
LAO,2023,1465155611.68838
LAO,2024,1494121132.45099
LAO,2025,1668145078.6347
LBN,2010,2968459277.61194
LBN,2011,3026202321.72471
LBN,2012,3251975594.36153
LBN,2013,3527453018.90547
LBN,2014,3622804038.40796
LBN,2015,4018582380.76285
LBN,2016,4274078912.57048
LBN,2017,4394876670.44776
LBN,2018,4087445703.81426
LBN,2019,3638979610.42471
LBN,2020,933516099.430586
LBN,2021,330053453.23692
LBR,2010,52076700
LBR,2011,54603300
LBY,2010,2984238101.21496
LBY,2011,1786706226.02422
LBY,2012,2138769557.56701
LBY,2013,2233402427.63185
LBY,2014,2619219397.6432
LBY,2015,2017289188.46519
LBY,2016,1824407765.13285
LBY,2017,1884963625.14528
LCA,2010,45822222.2222222
LCA,2011,45803703.7037037
LCA,2012,46944444.4444444
LCA,2013,45125925.9259259
LCA,2014,44422222.2222222
LCA,2015,52533333.3333333
LCA,2016,58688888.8888889
LCA,2017,60011111.1111111
LCA,2018,59948148.1481481
LCA,2019,44296296.2962963
LCA,2020,44962962.962963
LCA,2021,57037037.037037
LCA,2022,53074074.0740741
LCA,2023,81925925.9259259
LCA,2024,87555555.5555556
LCA,2025,95000000
LIE,2016,2299486296.85182
LIE,2017,2507687683.05216
LIE,2018,2445384570.54678
LIE,2019,2497949737.11353
LIE,2020,2199624643.9763
LIE,2021,2844242903.0712
LIE,2022,2569771436.23171
LIE,2023,2815612861.57887
LKA,2010,10822270510.7019
LKA,2011,12612739550.3857
LKA,2012,13904831064.2368
LKA,2013,13905466952.573
LKA,2014,14159394097.5511
LKA,2015,13765023835.2781
LKA,2016,14096453917.6163
LKA,2017,14052819352.1947
LKA,2018,14198461803.5792
LKA,2019,14382904436.5881
LKA,2020,13734861368.2502
LKA,2021,15909316030.6408
LKA,2022,14569885278.1996
LKA,2023,15111243608.8032
LKA,2024,17424402779.9539
LKA,2025,18626408616.8198
LSO,2010,292411336.375311
LSO,2011,329716814.281188
LSO,2012,283734352.16756
LSO,2013,258951933.839075
LSO,2014,299043367.817058
LSO,2015,357092071.428241
LSO,2016,352328501.413124
LSO,2017,351471535.787723
LSO,2018,425137355.309377
LSO,2019,411658196.425119
LSO,2020,335719414.877054
LSO,2021,398968601.927723
LSO,2022,383457414.296888
LSO,2023,299273835.660706
LSO,2024,288565337.32083
LTU,2010,6194705345.25601
LTU,2011,7901324097.49273
LTU,2012,7973604034.17743
LTU,2013,8178994757.64365
LTU,2014,8406480844.33321
LTU,2015,7161677149.3289
LTU,2016,7222164250.41947
LTU,2017,7981039356.40001
LTU,2018,8961567011.74117
LTU,2019,8820976643.74116
LTU,2020,8876217268.92609
LTU,2021,10670919625.5812
LTU,2022,11420740018.2919
LTU,2023,11990219166.5943
LTU,2024,11611602323.1141
LTU,2025,12504690582.4278
LUX,2010,2791744533.90001
LUX,2011,3004418489.18289
LUX,2012,2723782819.30313
LUX,2013,2969613498.49256
LUX,2014,3253180909.09685
LUX,2015,3291652915.82617
LUX,2016,3605440240.04359
LUX,2017,3138350331.1353
LUX,2018,3525313364.44157
LUX,2019,3523523630.11764
LUX,2020,3629062004.4934
LUX,2021,4012843902.68211
LUX,2022,3161269913.50001
LUX,2023,3597140681.89418
LUX,2024,3696633449.69297
LUX,2025,3766188597.14509
LVA,2010,2849558816.76958
LVA,2011,3233880601.17505
LVA,2012,3203221760.36694
LVA,2013,3354683924.58948
LVA,2014,3300083629.28705
LVA,2015,2857352956.51015
LVA,2016,2857944140.32997
LVA,2017,3196154987.25412
LVA,2018,3637741414.72941
LVA,2019,3648403250.63529
LVA,2020,3832874335.97822
LVA,2021,4905836491.59682
LVA,2022,4554779706.82687
LVA,2023,4655164196.39224
LVA,2024,4377870728.15859
LVA,2025,4855973714.27529
MAR,2010,14945409555.1016
MAR,2011,16144029320.6014
MAR,2012,15357842473.3541
MAR,2013,16849504693.5912
MAR,2014,18280970653.4487
MAR,2015,16544576248.2042
MAR,2016,16467641623.5941
MAR,2017,17300044841.1153
MAR,2018,18936082305.5194
MAR,2019,19032916033.938
MAR,2020,18418323470.9372
MAR,2021,21638020382.525
MAR,2022,21064674932.5339
MAR,2023,23061805464.9537
MAR,2024,24517935374.9557
MAR,2025,27231992652.6422
MDA,2010,694273869.716226
MDA,2011,888954571.460408
MDA,2012,927909735.236207
MDA,2013,1063048596.47712
MDA,2014,946708911.534431
MDA,2015,781000479.5819
MDA,2016,800775784.653431
MDA,2017,948593048.231975
MDA,2018,1133021728.53649
MDA,2019,1161277491.65518
MDA,2020,1165373818.65143
MDA,2021,1319890714.41895
MDA,2022,1343785345.86359
MDA,2023,1395966337.25572
MDA,2024,1385461954.38348
MDA,2025,1507870021.01264
MDG,2010,894354006.0767
MDG,2011,1007823538.23914
MDG,2012,1003341774.43798
MDG,2013,1072136542.58988
MDG,2014,1131942011.19453
MDG,2015,963329899.837036
MDG,2016,1208002993.78144
MDG,2017,1210660421.90423
MDG,2018,1289259448.51037
MDG,2019,1423167909.09981
MDG,2020,1269250621.84172
MDG,2021,1632008240.70876
MDG,2022,1850827506.62712
MDG,2023,2086925634.0176
MDG,2024,2308235349.77249
MDV,2010,59209984.375
MDV,2011,71592913.7965135
MDV,2012,75748161.3046935
MDV,2013,69800887.7632232
MDV,2014,73391468.3850102
MDV,2015,79614528.6731101
MDV,2016,91653462.0892418
MDV,2017,105200913.838196
MDV,2018,118502983.301038
MDV,2019,122035364.355396
MDV,2020,99719379.4790677
MDV,2021,112189590.922817
MDV,2022,123233860.576962
MDV,2023,130174609.473552
MDV,2024,111449902.905909
MDV,2025,138354245.59335
MEX,2010,197187940368.509
MEX,2011,217785972515.41
MEX,2012,235961204781.548
MEX,2013,240303264596.47
MEX,2014,248735043953.522
MEX,2015,240516475082.102
MEX,2016,220987179851.241
MEX,2017,240071149382.636
MEX,2018,253639038217.051
MEX,2019,259357437301.676
MEX,2020,226278779497.42
MEX,2021,274318253115.269
MEX,2022,315192492305.246
MEX,2023,367228393413.781
MEX,2024,368487765160.484
MEX,2025,366082864474.962
MHL,2010,7618300
MHL,2011,7407700
MHL,2012,6773100
MHL,2013,9755000
MHL,2014,11417100
MHL,2015,5825700
MHL,2016,9167900
MHL,2017,8841700
MHL,2018,8165300
MHL,2019,11462900
MHL,2020,7800000
MHL,2021,5938800
MHL,2022,6520100
MHL,2023,6917000
MHL,2024,9040100
MKD,2010,928076501.968619
MKD,2011,1197445446.69922
MKD,2012,997781385.563867
MKD,2013,1072478353.53816
MKD,2014,1244327518.85555
MKD,2015,1183623732.43459
MKD,2016,1311533063.08032
MKD,2017,1424976627.83691
MKD,2018,1692859254.44183
MKD,2019,1688511880.49619
MKD,2020,1643681032.13033
MKD,2021,1887695323.48353
MKD,2022,1837014373.10694
MKD,2023,2280893849.86708
MKD,2024,2431132643.12549
MKD,2025,2736434400.73193
MLI,2010,1187842013.01025
MLI,2011,1311980729.67962
MLI,2012,1220206337.34646
MLI,2013,1286692097.58297
MLI,2014,1701094907.49231
MLI,2015,1389882850.38974
MLI,2016,1375196217.13338
MLI,2017,1512216985.336
MLI,2018,1712165027.43456
MLI,2019,1531727480.94428
MLI,2020,1463838579.60549
MLI,2021,1780053015.10146
MLI,2022,1661567745.30069
MLI,2023,1774097702.69619
MLI,2024,1958096142.60421
MLI,2025,2243125646.22524
MLT,2010,1006531421.41834
MLT,2011,1080130272.33269
MLT,2012,1039650736.32352
MLT,2013,1017872321.49098
MLT,2014,993500712.538036
MLT,2015,812108071.244257
MLT,2016,841433875.146072
MLT,2017,938493934.164708
MLT,2018,1055853754.76682
MLT,2019,1050599064.48314
MLT,2020,1075752162.68
MLT,2021,1215975312.79068
MLT,2022,1182468315.75876
MLT,2023,1320877755.29414
MLT,2024,1428633980.70312
MLT,2025,1483441862.58823
MMR,2010,9839837391.28594
MMR,2011,11828315588.6381
MMR,2012,12042914309.2766
MMR,2013,12003268013.624
MMR,2014,13060899804.6129
MMR,2015,12403169560.5028
MMR,2016,14429083588.544
MMR,2017,15914842919.6807
MMR,2018,16905326237.8148
MMR,2019,19006539037.4353
MMR,2020,20108666134.8437
MMR,2021,17009242784.2902
MMR,2022,15911602800.7441
MMR,2023,17303040571.4286
MMR,2024,18591155730.4762
MMR,2025,20498109226.1905
MNE,2010,186367525.568334
MNE,2011,206183232.642997
MNE,2012,157585497.591094
MNE,2013,153633507.293177
MNE,2014,163003857.833411
MNE,2015,142498290.984219
MNE,2016,151152379.741751
MNE,2017,168455006.896118
MNE,2018,203480942.043686
MNE,2019,193241898.723137
MNE,2020,181861606.663036
MNE,2021,214766006.820927
MNE,2022,234798886.673542
MNE,2023,221305196.263925
MNE,2024,275660008.352969
MNG,2010,489892280.826836
MNG,2011,735966698.885228
MNG,2012,919773641.332371
MNG,2013,1097370445.77252
MNG,2014,1073157027.47004
MNG,2015,815194242.965221
MNG,2016,745517180.696614
MNG,2017,791976226.23411
MNG,2018,929479630.726241
MNG,2019,1004326441.93503
MNG,2020,1032576764.13564
MNG,2021,1086740980.08144
MNG,2022,1220342614.09789
MNG,2023,1280093920.18597
MNG,2024,1326108547.63598
MNG,2025,1490497519.10668
MOZ,2010,1145736456.77535
MOZ,2011,1396108378.40069
MOZ,2012,1439549107.70048
MOZ,2013,1431917670.64638
MOZ,2014,1477913463.11359
MOZ,2015,1346746331.90532
MOZ,2016,979745374.259829
MOZ,2017,1037279914.10713
MOZ,2018,1293464817.14879
MOZ,2019,1353911655.80704
MOZ,2020,1187060557.11509
MOZ,2021,1303947214.54212
MOZ,2022,1536801441.57242
MOZ,2023,1489056057.23259
MOZ,2024,1465787808.46569
MOZ,2025,1382512642.27846
MRT,2010,377454996.602502
MRT,2011,388480982.367816
MRT,2012,438755387.364304
MRT,2013,463266347.095036
MRT,2014,490478163.586641
MRT,2015,459861107.624531
MRT,2016,391596268.481744
MRT,2017,436929105.969435
MRT,2018,473759174.559686
MRT,2019,560254382.886319
MRT,2020,552264049.475666
MRT,2021,561424110.515222
MRT,2022,633539649.217851
MRT,2023,695146991.90015
MRT,2024,545159544.338851
MRT,2025,540557807.610497
MUS,2010,1416951442.93863
MUS,2011,1597160170.62665
MUS,2012,1592513963.07457
MUS,2013,1686798349.44109
MUS,2014,1768162667.56912
MUS,2015,1561983871.8419
MUS,2016,1559540331.61383
MUS,2017,1623599593.14886
MUS,2018,1668808053.18497
MUS,2019,1518710422.76411
MUS,2020,1233946239.21514
MUS,2021,1343490869.12872
MUS,2022,1526680929.38934
MUS,2023,1618367372.86193
MUS,2024,1656135694.15277
MUS,2025,1815119679.52148
MWI,2017,1010357640.46982
MWI,2018,1128174588.08747
MWI,2019,1274214401.675
MWI,2020,1419201457.87207
MWI,2021,1471243543.41139
MWI,2022,1336116903.92704
MWI,2023,1710821143.61855
MWI,2024,1241009801.03674
MYS,2010,59760261054.7309
MYS,2011,69482938415.4199
MYS,2012,72756386701.5065
MYS,2013,73838692263.0898
MYS,2014,77329002768.2211
MYS,2015,67182131376.9782
MYS,2016,65664596336.178
MYS,2017,69713195228.1173
MYS,2018,77240558544.5822
MYS,2019,78180806620.2048
MYS,2020,75023544052.2881
MYS,2021,87327904244.3966
MYS,2022,95180791924.5203
MYS,2023,92069291629.6743
MYS,2024,95002423942.8655
MYS,2025,104334217154.978
NAM,2010,1405993629.13952
NAM,2011,1685301338.00912
NAM,2012,1589827101.58729
NAM,2013,1242659610.31069
NAM,2014,1232172796.78373
NAM,2015,1294156290.82029
NAM,2016,1252201894.28522
NAM,2017,1575793318.30139
NAM,2018,1682728895.13948
NAM,2019,1563025089.28324
NAM,2020,1166291326.01688
NAM,2021,1336607192.45805
NAM,2022,1402606619.5977
NAM,2023,1377472967.20752
NAM,2024,1403615520.78302
NAM,2025,1510496206.91417
NER,2010,543083116.836953
NER,2011,586136352.575806
NER,2012,708581062.40961
NER,2013,819428142.954002
NER,2014,921525730.666115
NER,2015,738468134.979291
NER,2016,835964066.928391
NER,2017,937572843.164227
NER,2018,1037487937.31618
NER,2019,1047329690.66072
NER,2020,1077470603.19856
NER,2021,1140559086.29401
NER,2022,1074926768.95457
NER,2023,1233445947.4776
NER,2024,1378572576.97412
NGA,2010,24048210354.1371
NGA,2011,29721754775.3149
NGA,2012,35839657847.2559
NGA,2013,46440895419.9011
NGA,2014,55327265695.5825
NGA,2015,46484711768.2576
NGA,2016,35122321150.4705
NGA,2017,32847667356.418
NGA,2018,40693398885.8616
NGA,2019,60811664916.6532
NGA,2020,48392900234.9112
NGA,2021,53710232519.5703
NGA,2022,59108815372.872
NGA,2023,45195964341.9412
NGA,2024,21839012706.4223
NGA,2025,24012284494.9279
NIC,2010,1249442980.90005
NIC,2011,1373452033.29018
NIC,2012,1496258697.19804
NIC,2013,1591932734.54376
NIC,2014,1750334775.35643
NIC,2015,1811187373.30017
NIC,2016,1879284766.87821
NIC,2017,1880744519.7806
NIC,2018,1803439050.83261
NIC,2019,1782861860.08618
NIC,2020,1777874949.02033
NIC,2021,2064545608.67546
NIC,2022,2258288798.58437
NIC,2023,2569822045.34791
NIC,2024,2644518966.91541
NIC,2025,2799297807.73967
NLD,2010,83304058183.3335
NLD,2011,92239306789.8835
NLD,2012,85082560217.5781
NLD,2013,85285099888.2355
NLD,2014,87111124928.235
NLD,2015,78728815692.9687
NLD,2016,81844416163.4243
NLD,2017,89488824075.2943
NLD,2018,99104521508.2352
NLD,2019,96798721913.7253
NLD,2020,97769702533.8524
NLD,2021,113408237372.091
NLD,2022,108291309750.973
NLD,2023,118901704617.649
NLD,2024,122321981534.375
NLD,2025,134365164867.843
NOR,2010,31892899489.8662
NOR,2011,34757832143.7298
NOR,2012,34878212290.5028
NOR,2013,35756595744.6809
NOR,2014,34929172176.6728
NOR,2015,27524356722.1246
NOR,2016,25061428571.4286
NOR,2017,26476888978.4404
NOR,2018,27327636028.2816
NOR,2019,26068977272.7273
NOR,2020,24608018408.7087
NOR,2021,28759604190.9197
NOR,2022,29506145445.0897
NOR,2023,28328747238.8767
NOR,2024,28889150833.6565
NOR,2025,32457523046.0923
NPL,2010,951540195.341848
NPL,2011,1164320865.30897
NPL,2012,1255572747.52896
NPL,2013,1274418602.40373
NPL,2014,1275741570.89011
NPL,2015,1304778050.65141
NPL,2016,1198784975.54311
NPL,2017,1406765909.78683
NPL,2018,1624608555.38102
NPL,2019,1702964554.3242
NPL,2020,1496107571.52638
NPL,2021,1759851848.74053
NPL,2022,1989989254.09213
NPL,2023,1863772227.41195
NPL,2024,2169310398.91018
NPL,2025,2266413322.05255
NZL,2010,15888789824.964
NZL,2011,18419025893.957
NZL,2012,18691813592.6799
NZL,2013,19541450038.9436
NZL,2014,22290739153.2783
NZL,2015,20095189944.0367
NZL,2016,19068933711.5609
NZL,2017,21069222980.7744
NZL,2018,21086195662.8285
NZL,2019,20607757555.7935
NZL,2020,20016104016.8178
NZL,2021,22056868015.278
NZL,2022,22258033836.692
NZL,2023,21193990133.6663
OMN,2010,6528998699.60988
OMN,2011,8109752925.87776
OMN,2012,8681664499.3498
OMN,2013,8461118335.50065
OMN,2014,8001040312.09363
OMN,2015,7017945383.61508
OMN,2016,5945903771.13134
OMN,2017,6868920676.20286
OMN,2018,8318855656.69701
OMN,2019,7070741222.36671
OMN,2020,6343042912.87386
OMN,2021,8216905071.52146
OMN,2022,11557087126.1378
OMN,2023,9926322236.671
OMN,2024,10715989856.9571
OMN,2025,10281849002.4231
PAK,2010,25642083477.4211
PAK,2011,30855103850.9828
PAK,2012,34362386680.6583
PAK,2013,34455116436.179
PAK,2014,36404389643.9553
PAK,2015,36899847395.1639
PAK,2016,35160798219.6922
PAK,2017,38328006733.9602
PAK,2018,41320636510.5312
PAK,2019,40393756523.7031
PAK,2020,34296808217.0563
PAK,2021,41594472841.3586
PAK,2022,51579783174.3123
PAK,2023,45946890612.0771
PAK,2024,48875641908.2184
PAK,2025,53034962578.4655
PAN,2010,2097060300
PAN,2011,2209354200
PAN,2012,2535019500
PAN,2013,3046344300
PAN,2014,3326246800
PAN,2015,3491138700
PAN,2016,3615677700
PAN,2017,3814837400
PAN,2018,3868152800
PAN,2019,3960357500
PAN,2020,3234200000
PAN,2021,3560800000
PAN,2022,3883400000
PAN,2023,4149500000
PAN,2024,4272300000
PAN,2025,4339000000
PER,2010,22950134949.781
PER,2011,25921353618.2419
PER,2012,29214213299.5853
PER,2013,29837162677.0653
PER,2014,28029153475.6066
PER,2015,26170072656.4396
PER,2016,25606936998.4907
PER,2017,27369522599.0711
PER,2018,29313853848.4873
PER,2019,29340980188.3205
PER,2020,24677955936.8813
PER,2021,27308471934.6774
PER,2022,30498690935.317
PER,2023,34035502718.3421
PER,2024,35713857587.31
PHL,2010,45672798003.9931
PHL,2011,50835164920.0565
PHL,2012,55863909090.9414
PHL,2013,58014120003.9532
PHL,2014,61207491369.4409
PHL,2015,61068601786.1742
PHL,2016,62419995966.0969
PHL,2017,64054407390.9624
PHL,2018,66240722688.3129
PHL,2019,69774333445.2536
PHL,2020,63878664971.5493
PHL,2021,69517344053.8485
PHL,2022,69667576219.0482
PHL,2023,70935554391.4031
PHL,2024,72354180857.0296
PHL,2025,74671977425.2529
PLW,2010,1493800
PLW,2011,1689900
PLW,2012,2092900
PLW,2013,2325900
PLW,2014,2442300
PLW,2015,2666100
PLW,2016,2823100
PLW,2017,2834200
PLW,2018,2920100
PLW,2019,2923100
PLW,2020,2663300
PLW,2021,2451400
PLW,2022,2668700
PLW,2023,3153000
PLW,2024,3891900
PNG,2010,347767545.546749
PNG,2011,451222453.257528
PNG,2012,525195378.490033
PNG,2013,518886483.018565
PNG,2014,493979527.786185
PNG,2015,386049258.564115
PNG,2016,400937495.312045
PNG,2017,442422073.841221
PNG,2018,415716435.860977
PNG,2019,418546183.098167
PNG,2020,401900043.179515
PNG,2021,444303363.113933
PNG,2022,515038659.024844
PNG,2023,511689528.398943
PNG,2024,507433957.742571
POL,2010,77310052067.7876
POL,2011,85188980332.4369
POL,2012,82475828655.058
POL,2013,80619385392.156
POL,2014,91664653696.1625
POL,2015,84822390237.432
POL,2016,86489162604.1809
POL,2017,89217594744.8928
POL,2018,98023183987.0067
POL,2019,100416083346.899
POL,2020,98208812976.0885
POL,2021,119230692875.997
POL,2022,122783910449.182
POL,2023,141836650542.052
POL,2024,147549351678.251
POL,2025,155796970736.434
PRT,2010,27624122572.2001
PRT,2011,27803881630.6907
PRT,2012,24631739724.8039
PRT,2013,26215694085.5997
PRT,2014,27244730679.1093
PRT,2015,24384914252.6203
PRT,2016,25259039783.8436
PRT,2017,27455322829.5142
PRT,2018,29831008936.8713
PRT,2019,28664468351.6627
PRT,2020,27761015891.6219
PRT,2021,31860853625.0189
PRT,2022,32015390199.4651
PRT,2023,35315580633.2594
PRT,2024,36848023817.4125
PRT,2025,39157384754.1137
PRY,2010,5057331667.78648
PRY,2011,6209059202.25581
PRY,2012,6162498371.41597
PRY,2013,7052093207.12031
PRY,2014,7577931949.04647
PRY,2015,7030991082.15128
PRY,2016,6879144662.7604
PRY,2017,7586021831.95441
PRY,2018,7639918159.20456
PRY,2019,7128131144.58341
PRY,2020,6627386070.77193
PRY,2021,7652959629.47568
PRY,2022,8156300198.93015
PRY,2023,8338135353.54177
PRY,2024,8575546811.7746
PRY,2025,9573481296.64192
PSE,2010,1184000000
PSE,2011,1283000000
PSE,2012,1600600000
PSE,2013,1608200000
PSE,2014,1504000000
PSE,2015,1302400000
PSE,2016,1544600000
PSE,2017,1879800000
PSE,2018,1879500000
PSE,2019,1924900000
PSE,2020,1715800000
PSE,2021,2027000000
PSE,2022,2145700000
PSE,2023,2050600000
PSE,2024,1812800000
QAT,2010,11217582417.5824
QAT,2011,15876098901.0989
QAT,2012,19662368598.9011
QAT,2013,20280136923.0769
QAT,2014,20915613269.2308
QAT,2015,14419966675.8242
QAT,2016,12860941758.2418
QAT,2017,12963920714.2857
QAT,2018,15102077252.7473
QAT,2019,14698027774.7253
QAT,2020,11424759010.989
QAT,2021,15747952857.1429
QAT,2022,21886528186.8132
QAT,2023,18456064532.967
QAT,2024,17693681318.6813
QAT,2025,16983791208.7912
ROU,2010,39724188929.7964
ROU,2011,49912615856.1547
ROU,2012,38113199930.7998
ROU,2013,38368294641.9637
ROU,2014,42966790328.9616
ROU,2015,35947071985.7642
ROU,2016,37288439570.2288
ROU,2017,41673863884.247
ROU,2018,46109452034.533
ROU,2019,43120347811.7239
ROU,2020,39890716305.3723
ROU,2021,44786150370.1567
ROU,2022,40821030180.2282
ROU,2023,48253262794.3073
ROU,2024,50483689979.1232
ROU,2025,50688289900.4586
RUS,2010,195425251381.269
RUS,2011,234686442911.407
RUS,2012,252083012500.944
RUS,2013,253485439240.404
RUS,2014,233426986349.31
RUS,2015,168840255851.678
RUS,2016,149387566600.557
RUS,2017,193827580081.388
RUS,2018,212467613834.929
RUS,2019,219583594265.953
RUS,2020,200114180271.889
RUS,2021,240221026282.24
RUS,2022,301433746706.862
RUS,2023,265156290849.678
RUS,2024,290016124335.697
RUS,2025,349767677482.14
RWA,2010,505807213.954877
RWA,2011,576287288.743334
RWA,2012,634171028.980724
RWA,2013,533794347.637083
RWA,2014,561669535.609469
RWA,2015,583841794.829213
RWA,2016,583041030.945127
RWA,2017,710420639.858605
RWA,2018,729870290.773982
RWA,2019,853479547.761061
RWA,2020,879103467.273734
RWA,2021,1005696351.59883
RWA,2022,1264016915.03407
RWA,2023,1269342757.40164
RWA,2024,1227671677.95632
RWA,2025,1361535324.64875
SAU,2010,57196266666.6667
SAU,2011,67632266666.6667
SAU,2012,73349600000
SAU,2013,77165333333.3333
SAU,2014,86512800000
SAU,2015,90818133333.3333
SAU,2016,93284533333.3333
SAU,2017,99483466666.6667
SAU,2018,111899200000
SAU,2019,114392266666.667
SAU,2020,102799200000
SAU,2021,138942400000
SAU,2022,187293333333.333
SAU,2023,193653600000
SAU,2024,201970666666.667
SAU,2025,201969600000
SEN,2010,2510554600.57053
SEN,2011,3072206578.48666
SEN,2012,3001483618.05274
SEN,2013,3288069017.44068
SEN,2014,3365021436.74505
SEN,2015,3029363265.40684
SEN,2016,3125021014.18664
SEN,2017,3318571600.17515
SEN,2018,3589011994.3838
SEN,2019,3485350086.77162
SEN,2020,3591817698.90322
SEN,2021,4152778383.26978
SEN,2022,4323337970.81899
SEN,2023,4464322528.44788
SEN,2024,4575317885.71848
SEN,2025,4885784290.16574
SGP,2010,49817309469.3981
SGP,2011,54705130325.2725
SGP,2012,56412382089.4376
SGP,2013,54251578358.5071
SGP,2014,56674716862.0023
SGP,2015,55714872801.993
SGP,2016,55715481062.5198
SGP,2017,63712149465.0325
SGP,2018,77917502568.8702
SGP,2019,72753082854.0389
SGP,2020,69044719954.8901
SGP,2021,90919795784.5391
SGP,2022,101297920382.514
SGP,2023,85530549976.2803
SGP,2024,93138921131.2698
SGP,2025,105251979043.176
SLB,2010,79031176.2624867
SLB,2011,98816621.7111604
SLB,2012,109850849.799795
SLB,2013,111145849.809679
SLB,2014,131886833.768454
SLB,2015,103047498.139219
SLB,2016,108377090.878849
SLB,2017,151916869.839072
SLB,2018,164326347.48422
SLB,2019,167610341.792931
SLB,2020,148719734.414914
SLB,2021,158022232.093412
SLB,2022,148220452.652428
SLB,2023,153106256.186872
SLB,2024,159844484.269121
SLE,2010,293976024.154323
SLE,2011,347393681.817325
SLE,2012,401734699.374177
SLE,2013,422925960.282968
SLE,2014,402645066.772646
SLE,2015,386486761.229314
SLE,2016,390254469.83596
SLE,2017,384582131.706271
SLE,2018,449093313.961112
SLE,2019,456486272.645255
SLE,2020,470270755.825552
SLE,2021,527151313.410461
SLE,2022,498741632.942165
SLE,2023,491797914.796496
SLE,2024,485035672.328593
SLV,2010,2977670000
SLV,2011,3295460000
SLV,2012,3458870000
SLV,2013,3513560000
SLV,2014,3632180000
SLV,2015,3840940000
SLV,2016,3939740000
SLV,2017,4017810000
SLV,2018,4082110000
SLV,2019,4182350000
SLV,2020,3673490000
SLV,2021,4376600000
SLV,2022,4388040000
SLV,2023,4393900000
SLV,2024,4502320000
SLV,2025,4652270000
SMR,2015,404309603.979844
SMR,2016,419836174.766149
SMR,2017,437984057.236589
SMR,2018,532836282.423843
SMR,2019,494409760.145097
SMR,2020,486214722.661636
SMR,2021,608084877.648827
SMR,2022,616056515.07257
SMR,2023,643991051.793737
SRB,2010,7357572280.06572
SRB,2011,8687464375.03239
SRB,2012,7845474706.53028
SRB,2013,9678989512.54655
SRB,2014,8948972837.69431
SRB,2015,7354427166.08114
SRB,2016,7496004820.36632
SRB,2017,8135587935.46887
SRB,2018,8925560574.82363
SRB,2019,8454196073.67852
SRB,2020,8295011562.8338
SRB,2021,9576107241.88317
SRB,2022,9914281364.17501
SRB,2023,10811074691.7613
SRB,2024,11429354102.9624
SSD,2010,340392381.448219
SSD,2011,307554165.272666
SSD,2012,324055389.830508
SSD,2013,740237525.423729
SSD,2014,373605864.40678
SSD,2015,424035514.122413
STP,2010,8887515.16700762
STP,2011,6365181.60219251
STP,2012,6282718.15268306
STP,2013,8090809.71714566
STP,2014,7405807.92000826
STP,2015,7135680.5200395
STP,2016,6776578.73279481
STP,2017,7059956.30622151
STP,2018,8474742.87178212
STP,2019,8663469.16835413
STP,2020,4033484.02306699
STP,2021,4372672.7387609
STP,2022,3969857.16134054
STP,2023,4181420.78944331
STP,2024,5256731.10603774
STP,2025,5832319.04103273
SUR,2010,916800617.174003
SUR,2011,920440636.474908
SUR,2012,1060303030.30303
SUR,2013,966666666.666667
SUR,2014,856969696.969697
SUR,2015,589243757.14695
SUR,2016,444507668.620547
SUR,2017,848000637.315178
SUR,2018,852120030.375835
SUR,2019,699834080.036449
SUR,2020,672881315.144314
SUR,2021,674875472.081218
SUR,2022,1049249317.30825
SUR,2023,884882353.153912
SUR,2024,875797156.719997
SVK,2010,15613225023.8
SVK,2011,17357503833.6187
SVK,2012,16363254819.3574
SVK,2013,16523663710.5146
SVK,2014,18851679873.0615
SVK,2015,16791218302.4785
SVK,2016,16052390853.2428
SVK,2017,16431326809.5636
SVK,2018,19304226075.0172
SVK,2019,19794874049.4353
SVK,2020,18896984712.9822
SVK,2021,20037831394.3524
SVK,2022,20090825378.5507
SVK,2023,22503901146.2867
SVK,2024,23011581946.5
SVK,2025,25025198668.8109
SVN,2010,8361973783.60002
SVN,2011,9316639074.69846
SVN,2012,8641047924.5168
SVN,2013,9175763002.76316
SVN,2014,9725898444.92781
SVN,2015,8534971182.13554
SVN,2016,8960426081.47123
SVN,2017,9939216281.20119
SVN,2018,10955896854.4455
SVN,2019,11091648212.5333
SVN,2020,10953372851.4055
SVN,2021,12260713023.5153
SVN,2022,11940696473.002
SVN,2023,13518516682.6924
SVN,2024,14132541119.0852
SVN,2025,14818337835.8561
SWE,2010,73518865528.1419
SWE,2011,84244606052.2684
SWE,2012,77380188164.3819
SWE,2013,78051153123.9389
SWE,2014,75358432016.1614
SWE,2015,69007941169.4096
SWE,2016,69325108351.9313
SWE,2017,71445425525.9936
SWE,2018,73806459232.8537
SWE,2019,69996570049.7947
SWE,2020,68877602048.1441
SWE,2021,81483538009.4755
SWE,2022,78705479837.7252
SWE,2023,77550847437.8492
SWE,2024,79044070561.962
SWE,2025,83310102573.2193
SWZ,2010,1414399536.03374
SWZ,2011,1496398412.80946
SWZ,2012,1484829260.62206
SWZ,2013,1335009066.75218
SWZ,2014,1303324246.15689
SWZ,2015,1239593984.13657
SWZ,2016,1157198738.97413
SWZ,2017,1278359213.46797
SWZ,2018,1309158722.36615
SWZ,2019,1354978944.12934
SWZ,2020,1093053508.09362
SWZ,2021,1359952642.94124
SWZ,2022,1406047786.85224
SWZ,2023,1348709308.19322
SWZ,2024,1414985281.7116
SWZ,2025,1448153071.94883
SYC,2010,77905960.4862776
SYC,2011,77886116.4400512
SYC,2012,89283087.5820406
SYC,2013,96466139.5209439
SYC,2014,100858223.243009
SYC,2015,83916005.2351204
SYC,2016,96728979.8565475
SYC,2017,95178160.7671015
SYC,2018,102861301.504401
SYC,2019,93861087.0610871
SYC,2020,92288448.1321196
SYC,2021,97644753.6521182
SYC,2022,112820824.512648
SYC,2023,104090501.209471
SYC,2024,112706820.440046
SYC,2025,129092824.018489
TCD,2010,696862630.351198
TCD,2011,844579848.175515
TCD,2012,1250936498.41244
TCD,2013,1067087747.1654
TCD,2014,1053195664.9636
TCD,2015,1005561209.14238
TCD,2016,1166359772.67951
TCD,2017,1351877852.10454
TCD,2018,1369215680.5508
TCD,2019,1353113326.78432
TCD,2020,1270074313.22101
TCD,2021,1397127399.67
TCD,2022,1329021414.2898
TCD,2023,1177320497.76633
TCD,2024,1256054928.62254
TGO,2010,692556535.750611
TGO,2011,771531161.981574
TGO,2012,647098028.974033
TGO,2013,875807510.232079
TGO,2014,1034214519.91406
TGO,2015,856486774.048913
TGO,2016,810095260.403498
TGO,2017,830988359.301773
TGO,2018,931556935.052055
TGO,2019,883417427.758778
TGO,2020,1027594477.38831
TGO,2021,1068878651.30274
TGO,2022,1004069353.94501
TGO,2023,1150952549.15037
TGO,2024,1215309168.60511
THA,2010,105505337501.564
THA,2011,107522160186.828
THA,2012,111208144929.726
THA,2013,115964552067.637
THA,2014,112317634145.471
THA,2015,109851117959.191
THA,2016,112205151445.688
THA,2017,123283951109.804
THA,2018,135368412464.834
THA,2019,139375512559.648
THA,2020,127894702548.979
THA,2021,137440041844.954
THA,2022,133987139685.152
THA,2023,129175006779.028
THA,2024,128318957425.011
THA,2025,137002985359.31
TJK,2011,630278667.896697
TJK,2012,722923405.157093
TJK,2013,779453901.603889
TJK,2014,694167795.596495
TJK,2015,887765070.823741
TJK,2016,795579193.879277
TJK,2017,965058360.825391
TJK,2018,1027229493.08272
TJK,2019,1114993787.75235
TJK,2020,1271001135.25149
TJK,2021,1340569553.93342
TJK,2022,1622099387.41238
TJK,2023,1789188553.67109
TJK,2024,1909376848.46658
TLS,2010,8900200
TLS,2011,9489700
TLS,2012,9214800
TLS,2013,10095700
TLS,2014,11241900
TLS,2015,15485400
TLS,2016,18056200
TLS,2017,24759300
TLS,2018,26328000
TLS,2019,37174000
TLS,2020,33029100
TLS,2021,27265900
TLS,2022,41409200
TLS,2023,34214600
TLS,2024,35448800
TON,2010,22042301.9677637
TON,2011,24166551.58655
TON,2012,27588658.4240548
TON,2013,27926781.6490394
TON,2014,27499841.3622431
TON,2015,26401178.7265184
TON,2016,25451544.6065599
TON,2017,27506476.9740012
TON,2018,28428368.5175933
TON,2019,26416974.5563
TON,2020,27264628.6145427
TON,2021,29547371.1705661
TON,2022,25744414.7708089
TON,2023,29345932.5836226
TON,2024,35867849.2179694
TTO,2012,4736865059.94227
TTO,2013,3988562541.78224
TTO,2014,4261682811.69182
TTO,2015,3800697960.09121
TTO,2016,4070332511.76681
TTO,2017,3869065354.87368
TTO,2018,4036607962.69129
TTO,2019,3439197569.20268
TTO,2020,3153379154.33341
TTO,2021,4180604258.61837
TTO,2022,4970345635.9806
TTO,2023,3519534234.3749
TTO,2024,3685839620.99654
TUN,2010,7265404499.0918
TUN,2011,7685062257.4644
TUN,2012,7302489544.73165
TUN,2013,7306830114.39946
TUN,2014,7312765988.77877
TUN,2015,6413968011.21519
TUN,2016,6125743878.23651
TUN,2017,5987662357.79162
TUN,2018,6196760169.66474
TUN,2019,6000443697.3003
TUN,2020,5818782672.76072
TUN,2021,6800581291.53073
TUN,2022,7021426730.24874
TUN,2023,7314448965.55787
TUN,2024,7606365347.79321
TUR,2010,118288323577.419
TUR,2011,139547637040.995
TUR,2012,141123266134.039
TUR,2013,157804005740.195
TUR,2014,159311237846.932
TUR,2015,145128753323.978
TUR,2016,146628443298.065
TUR,2017,151818837580.757
TUR,2018,149074375389.624
TUR,2019,141669660540.81
TUR,2020,139644454238.754
TUR,2021,185827324491.707
TUR,2022,201907315657.997
TUR,2023,222184595472.195
TUR,2024,228910150844.692
TUV,2010,349490.303707991
TUV,2011,402284.563722391
TZA,2010,2774182654.91742
TZA,2011,3309305802.51538
TZA,2012,3742296710.07548
TZA,2013,4159019527.97119
TZA,2014,4558843938.84002
TZA,2015,3724631271.7843
TZA,2016,3889231903.96813
TZA,2017,4083832705.44913
TZA,2018,4602378968.44735
TZA,2019,5188377136.72645
TZA,2020,5306725646.66287
TZA,2021,5670025579.9439
TZA,2022,6198628162.96048
TZA,2023,6637421604.27017
UGA,2010,5243013580.05935
UGA,2011,5319683107.27109
UGA,2012,5098016341.49436
UGA,2013,4785146748.84028
UGA,2014,5098577452.7662
UGA,2015,5702912688.37247
UGA,2016,4739733653.58483
UGA,2017,4772463471.7411
UGA,2018,5195672467.24088
UGA,2019,5467813119.27705
UGA,2020,5939074692.33635
UGA,2021,6660563829.03303
UGA,2022,7459896984.25427
UGA,2023,7632023950.80995
UGA,2024,8145653102.80828
UGA,2025,8971587117.98571
UKR,2010,18492398658.7596
UKR,2011,19923030417.2054
UKR,2012,22330290629.6548
UKR,2013,21222694858.0008
UKR,2014,16325024550.6328
UKR,2015,10835215025.6323
UKR,2016,11407271338.5532
UKR,2017,13428781100.8668
UKR,2018,15097006333.5619
UKR,2019,16601827104.8108
UKR,2020,15820555329.9331
UKR,2021,20542516948.7758
UKR,2022,12316995865.0439
UKR,2023,15064359718.8458
UKR,2024,16069128966.4848
UKR,2025,17821420946.9622
URY,2010,5675180623.42732
URY,2011,6410302105.06172
URY,2012,6601778831.96315
URY,2013,6910436206.96187
URY,2014,7467667809.87287
URY,2015,7638410491.57791
URY,2016,6315284822.9264
URY,2017,6678235587.4517
URY,2018,7239983078.41711
URY,2019,6582319263.37473
URY,2020,5202177253.80815
URY,2021,6360626730.94617
URY,2022,7480701807.13973
URY,2023,7849852914.11992
URY,2024,8248515826.57029
URY,2025,8498386073.32418
USA,2010,1791742513000
USA,2011,1863738024000
USA,2012,1927324612000
USA,2013,1987179289000
USA,2014,2045615226000
USA,2015,2123243202000
USA,2016,2098271549000
USA,2017,2192925367000
USA,2018,2330106524000
USA,2019,2364316202000
USA,2020,2238531370000
USA,2021,2497131582000
UZB,2010,5763705423.24734
UZB,2011,7004861294.37442
UZB,2012,8096834220.58061
UZB,2013,9717683910.97084
UZB,2014,11648910597.6522
UZB,2015,12984721626.0263
UZB,2016,13746747795.3392
UZB,2017,1993128759.52461
UZB,2018,10744700689.6626
UZB,2019,13017996856.8895
UZB,2020,14380726330.5416
UZB,2021,16575986140.1848
UZB,2022,18184505997.5356
UZB,2023,20675729191.561
UZB,2024,24213633095.2847
UZB,2025,30542340852.927
VCT,2010,35366740.7407407
VCT,2011,31232703.7037037
VCT,2012,30532111.1111111
VCT,2013,32829370.3703704
VCT,2014,36118518.5185185
VCT,2015,37714814.8148148
VCT,2016,40644444.4444444
VCT,2017,41807407.4074074
VCT,2018,43140740.7407407
VCT,2019,36788888.8888889
VCT,2020,31303703.7037037
VCT,2021,33525925.9259259
VCT,2022,38251851.8518519
VCT,2023,39496296.2962963
VCT,2024,43544444.4444444
VCT,2025,49381481.4814815
VEN,2010,0
VEN,2011,0
VNM,2010,25216400855.608
VNM,2011,32265169686.1639
VNM,2012,39654231525.2257
VNM,2013,44210911448.0132
VNM,2014,47556934021.1935
VNM,2015,50148764986.0935
VNM,2016,55245439700.7225
VNM,2017,63662229234.5945
VNM,2018,72463101547.5322
VNM,2019,79534518972.5641
VNM,2020,83004913327.0191
VNM,2021,89637425571.2384
VNM,2022,101940636011.509
VNM,2023,104602515525.578
VNM,2024,115904447328.948
VNM,2025,126245015106.721
VUT,2010,33455158.4732779
VUT,2011,33374626.1435518
VUT,2012,28109566.8600729
VUT,2013,46116825.7661898
VUT,2014,48108785.4399369
VUT,2015,44389732.7887642
VUT,2016,45227010.8319889
VUT,2017,45501410.6596635
VUT,2018,45204919.8928879
VUT,2019,48739459.1767808
VUT,2020,41896342.5203675
VUT,2021,47975149.0372536
VUT,2022,44116403.9535823
VUT,2023,50699968.5171582
VUT,2024,52548986.6991147
WLD,2010,10698810979009
WLD,2011,11978402144933.7
WLD,2012,12224070334570.2
WLD,2013,12449402878361.1
WLD,2014,12899392950911.7
WLD,2015,12420155403030.1
WLD,2016,12491031767303.2
WLD,2017,13344116802702.1
WLD,2018,14303974408513.5
WLD,2019,14179971199760
WLD,2020,13742871154226.6
WLD,2021,16155851442758.1
WLD,2022,16159692616520.8
WLD,2023,16366925244703.2
WLD,2024,16622489847772.4
WLD,2025,17601077429749.1
WSM,2010,55453054.8779022
WSM,2011,56391928.5422579
WSM,2012,62927658.5832449
WSM,2013,61269441.957076
WSM,2014,54970608.914069
WSM,2015,53107674.1822214
WSM,2016,52795312.4192959
WSM,2017,54790172.6134324
WSM,2018,41534842.5260515
WSM,2019,41448970.44786
WSM,2020,34323948.3449409
WSM,2021,43237904.4414405
WSM,2022,38302626.7610445
WSM,2023,50187218.5952892
WSM,2024,61307987.1307222
WSM,2025,63428794.3770985
ZAF,2010,57844846256.5402
ZAF,2011,58932565239.139
ZAF,2012,54224447021.2792
ZAF,2013,49576674421.2555
ZAF,2014,47576330742.1342
ZAF,2015,43400939046.4837
ZAF,2016,40395264202.3822
ZAF,2017,47729563002.8018
ZAF,2018,50483463259.5044
ZAF,2019,48280393962.6092
ZAF,2020,39627686444.6761
ZAF,2021,50724069805.1612
ZAF,2022,50726980365.9889
ZAF,2023,49511027220.0194
ZAF,2024,51335732752.5016
ZAF,2025,52349349672.2437
ZMB,2010,1535781638.90684
ZMB,2011,1763254592.95986
ZMB,2012,1804548928.56449
ZMB,2013,1688888874.47893
ZMB,2014,1851013290.00812
ZMB,2015,1598582684.37399
ZMB,2016,1610889833.96051
ZMB,2017,2102809214.60468
ZMB,2018,1801750575.3546
ZMB,2019,1582409162.14119
ZMB,2020,1397302712.10465
ZMB,2021,1915386967.057
ZMB,2022,2332038936.58096
ZMB,2023,2344942276.42188
ZMB,2024,2289580412.20696
ZMB,2025,2526681069.13879
ZWE,2010,1109500000
ZWE,2011,1294250000
ZWE,2012,2404750000
ZWE,2013,2467750000
ZWE,2014,2456000000
ZWE,2015,2374500000
ZWE,2016,2384000000
ZWE,2017,7158764940.23904
ZWE,2018,4669975490.19608
ZWE,2019,4055721265.10671
ZWE,2020,4409522881.422
ZWE,2021,4610665155.45481
ZWE,2022,7361002064.40502
ZWE,2023,5480609449.17009
ZWE,2024,6465422918.06824
ZWE,2025,7635291003.83358
