# World Bank Open Data NV.SRV.TOTL.CD, last updated 2026-07-13, CC BY 4.0
iso3,year,value
AFG,2010,7750640788.72606
AFG,2011,8848567676.96903
AFG,2012,10069007544.1812
AFG,2013,10613685059.4782
AFG,2014,10861605729.0307
AFG,2015,10186159051.2556
AFG,2016,10692983731.6196
AFG,2017,10938713019.1724
AFG,2018,10737591606.7966
AFG,2019,10428579510.35
AFG,2020,10491252791.0318
AFG,2021,6725074082.51653
AFG,2022,6530995142.88942
AFG,2023,7954240731.3357
AFG,2024,8029036348.26712
AGO,2010,38445443241.9894
AGO,2011,47329905469.8276
AGO,2012,54600028836.334
AGO,2013,60072048680.1963
AGO,2014,67391719125.5055
AGO,2015,49098490965.4831
AGO,2016,27871154279.0509
AGO,2017,39215191596.341
AGO,2018,38782447144.1619
AGO,2019,35130907512.9864
AGO,2020,26559061437.2676
AGO,2021,33722036677.8857
AGO,2022,57040038555.9142
AGO,2023,46186125883.412
AGO,2024,45981710050.2221
AGO,2025,57213562838.7649
ALB,2010,4993336911.60214
ALB,2011,5479987280.54507
ALB,2012,5327952825.11164
ALB,2013,5455199530.43635
ALB,2014,5671887292.3777
ALB,2015,4918164762.7766
ALB,2016,5208858021.22561
ALB,2017,5908166910.57996
ALB,2018,6828044658.40541
ALB,2019,7083964904.48097
ALB,2020,6968600658.07639
ALB,2021,8164663145.28594
ALB,2022,8804819392.83503
ALB,2023,11197098690.4466
ALB,2024,13164544528.2763
ALB,2025,15183392690.6931
AND,2010,2656139627.50001
AND,2011,2808047009.92218
AND,2012,2449680864.89063
AND,2013,2491629128.65099
AND,2014,2559888161.29411
AND,2015,2194727448.94531
AND,2016,2262277512.99222
AND,2017,2336191969.75295
AND,2018,2499289457.73333
AND,2019,2446992162.5098
AND,2020,2307464579.29962
AND,2021,2639166727.90693
AND,2022,2643373221.92608
AND,2023,2964124939.17652
AND,2024,3137550383.78906
AND,2025,3501365749.09803
ARE,2010,150816734619.528
ARE,2011,160827948263.827
ARE,2012,172891360943.798
ARE,2013,189984631668.964
ARE,2014,206663898270.632
ARE,2015,218202082256.424
ARE,2016,226679653108.857
ARE,2017,233282370910.549
ARE,2018,235921306627.156
ARE,2019,242124093678.851
ARE,2020,209709064561.569
ARE,2021,226971398158.772
ARE,2022,255322268780.159
ARE,2023,281354870853.47
ARE,2024,303233478175.491
ARG,2010,218147704405.241
ARG,2011,274685000000
ARG,2012,292963866956.432
ARG,2013,297646952435.908
ARG,2014,278636495643.778
ARG,2015,331958726542.68
ARG,2016,312899603968.648
ARG,2017,369120480516.862
ARG,2018,295839662702.164
ARG,2019,248229900148.069
ARG,2020,211609016841.665
ARG,2021,257071424378.388
ARG,2022,339403077627.252
ARG,2023,345507603654.52
ARG,2024,342492033303.306
ARG,2025,383580131954.979
ARM,2012,4852916180.81756
ARM,2013,5088042939.41004
ARM,2014,5504423594.52149
ARM,2015,5088045727.44689
ARM,2016,5263630319.99097
ARM,2017,5851944195.62224
ARM,2018,6554908087.5925
ARM,2019,7350764919.50447
ARM,2020,6730592379.71801
ARM,2021,7366698493.36007
ARM,2022,10852671287.9014
ARM,2023,14595038728.0881
ARM,2024,16089511623.7619
ARM,2025,17937415570.6571
ATG,2010,956344444.444444
ATG,2011,966240740.740741
ATG,2012,1023525925.92593
ATG,2013,982677777.777778
ATG,2014,1019477777.77778
ATG,2015,1050577777.77778
ATG,2016,1059870370.37037
ATG,2017,1078840740.74074
ATG,2018,1128259259.25926
ATG,2019,1181418518.51852
ATG,2020,957514814.814815
ATG,2021,1096492592.59259
ATG,2022,1267425925.92593
ATG,2023,1413181481.48148
ATG,2024,1512585185.18519
ATG,2025,1605459259.25926
AUS,2010,757491148026.142
AUS,2011,906688896272.466
AUS,2012,1011700809064.49
AUS,2013,1048450290387.81
AUS,2014,967839840920.546
AUS,2015,911456647677.778
AUS,2016,825760244815.719
AUS,2017,890791425612.901
AUS,2018,954360059529.346
AUS,2019,923575803045.181
AUS,2020,883398100621.35
AUS,2021,1025734605397.99
AUS,2022,1074396691900.19
AUS,2023,1103745507410.25
AUS,2024,1162092987579.02
AUS,2025,1213874414844.84
AUT,2010,240277641360.917
AUT,2011,264496554640.983
AUT,2012,249557527641.048
AUT,2013,262714889884.862
AUT,2014,271210026184.634
AUT,2015,235937862934.787
AUT,2016,243158446527.539
AUT,2017,256656519731.983
AUT,2018,281700944380.565
AUT,2019,277136802911.043
AUT,2020,272855394114.589
AUT,2021,299346428743.007
AUT,2022,295459947234.102
AUT,2023,323332337226.657
AUT,2024,342109265472.483
AUT,2025,371152829574.11
AZE,2010,14928980812.3598
AZE,2011,18277391266.9086
AZE,2012,20571123089.9452
AZE,2013,23355057288.2743
AZE,2014,25722161237.3095
AZE,2015,21575714157.4367
AZE,2016,14890312974.3151
AZE,2017,15579654360.0083
AZE,2018,16622774948.7211
AZE,2019,17811235294.1176
AZE,2020,18082294117.6471
AZE,2021,20669823529.4118
AZE,2022,25274705882.3529
AZE,2023,28795117647.0588
AZE,2024,31632882352.9412
AZE,2025,34395823529.4118
BDI,2010,824925756.775329
BDI,2011,933534132.546755
BDI,2012,979509525.309477
BDI,2013,950895580.258366
BDI,2014,1146465562.69823
BDI,2015,1220624107.62796
BDI,2016,1053811774.41129
BDI,2017,1120588459.97083
BDI,2018,1192489652.43492
BDI,2019,1205761985.33571
BDI,2020,1523451030.43912
BDI,2021,1499391376.175
BDI,2022,1756016163.2148
BDI,2023,1497542882.37888
BDI,2024,1316490699.53752
BDI,2025,1415030343.81438
BEL,2010,327057748530.001
BEL,2011,359065157959.145
BEL,2012,342281063989.688
BEL,2013,360585774200.511
BEL,2014,372763237970.116
BEL,2015,320090474698.906
BEL,2016,330035560408.25
BEL,2017,347720949682.942
BEL,2018,378092860617.961
BEL,2019,373214442186.666
BEL,2020,372584484958.912
BEL,2021,423446933020.536
BEL,2022,410705396430.352
BEL,2023,457790971549.812
BEL,2024,476561404823.984
BEL,2025,516756543439.019
BEN,2010,4247752074.17422
BEN,2011,5023640845.37405
BEN,2012,5445018041.28029
BEN,2013,6186414308.54784
BEN,2014,6579634236.31605
BEN,2015,5607632614.87428
BEN,2016,5698131969.26931
BEN,2017,6147725802.72252
BEN,2018,6960066392.39385
BEN,2019,6911869473.25737
BEN,2020,7513530855.02901
BEN,2021,8115961310.88665
BEN,2022,8171454645.81479
BEN,2023,9388532475.61396
BEN,2024,10500617422.1211
BEN,2025,12298590348.5965
BFA,2010,4258245114.61291
BFA,2011,4900082967.24456
BFA,2012,5064453223.18181
BFA,2013,5587307029.6162
BFA,2014,5925214230.23735
BFA,2015,5212992250.36647
BFA,2016,5621760772.55022
BFA,2017,6202543929.78296
BFA,2018,6920252968.82891
BFA,2019,7265470193.50872
BFA,2020,7967997764.29589
BFA,2021,8934609435.26704
BFA,2022,8681714903.2204
BFA,2023,9563464602.54571
BFA,2024,10171083341.6902
BFA,2025,11470370629.9606
BGD,2010,61670449957.3559
BGD,2011,68220857709.6624
BGD,2012,70856764979.7241
BGD,2013,80084715500.4906
BGD,2014,92729038273.0412
BGD,2015,104820721587.673
BGD,2016,135815650111.219
BGD,2017,150931188240.932
BGD,2018,163542021225.287
BGD,2019,178598798205.273
BGD,2020,192641707403.846
BGD,2021,213553628322.65
BGD,2022,234842391905.645
BGD,2023,223571344200.739
BGD,2024,231436357746.362
BGD,2025,237901194374.123
BGR,2010,30161819265.1715
BGR,2011,33220647587.196
BGR,2012,31049656584.2539
BGR,2013,32483017277.372
BGR,2014,33524226744.4578
BGR,2015,29585438861.7056
BGR,2016,31061178468.8939
BGR,2017,34294532130.6924
BGR,2018,40286702074.5322
BGR,2019,42132119700.3697
BGR,2020,43363182786.4789
BGR,2021,52676403874.6222
BGR,2022,54210351185.6458
BGR,2023,63808383922.6268
BGR,2024,72274344360.2692
BGR,2025,82799371393.7536
BHR,2010,14685824468.0851
BHR,2011,15138882978.7234
BHR,2012,16763191489.3617
BHR,2013,17633164893.617
BHR,2014,18680132978.7234
BHR,2015,19421196808.5106
BHR,2016,20571542553.1915
BHR,2017,21886329787.234
BHR,2018,22635319148.9362
BHR,2019,22811808510.6383
BHR,2020,20722420212.766
BHR,2021,21593882978.7234
BHR,2022,22876542553.1915
BHR,2023,23994547872.3404
BHR,2024,25165028723.4043
BHR,2025,26599127393.617
BHS,2010,8191500000
BHS,2011,8042500000
BHS,2012,8248400000
BHS,2013,8279700000
BHS,2014,8732400000
BHS,2015,9095700000
BHS,2016,9087700000
BHS,2017,9330200000
BHS,2018,9632200000
BHS,2019,9874000000
BHS,2020,7924300000
BHS,2021,9289800000
BHS,2022,11160500000
BHS,2023,11996900000
BHS,2024,12220700000
BIH,2010,9534342470.57708
BIH,2011,10406228352.7976
BIH,2012,9782401771.10911
BIH,2013,10208864798.2996
BIH,2014,10538292081.8441
BIH,2015,9010719129.99889
BIH,2016,9273090746.82477
BIH,2017,9978721850.82804
BIH,2018,11006660893.1282
BIH,2019,11177515875.0056
BIH,2020,11054775389.2031
BIH,2021,12750486391.5588
BIH,2022,13371805267.0699
BIH,2023,15427197169.1402
BIH,2024,16846561449.5531
BIH,2025,18808092069.6887
BLR,2010,24880997545.7527
BLR,2011,27260680693.8405
BLR,2012,28437212872.8904
BLR,2013,34305966745.6827
BLR,2014,35979910212.1458
BLR,2015,26952465749.382
BLR,2016,23156894252.6575
BLR,2017,26067745771.7112
BLR,2018,28701104432.2559
BLR,2019,31191715393.0403
BLR,2020,30079419571.0318
BLR,2021,33928683269.8159
BLR,2022,35561517078.5576
BLR,2023,35373667847.1079
BLR,2024,38929829165.9889
BLR,2025,46682219163.1302
BLZ,2010,1077588300
BLZ,2011,1115751700
BLZ,2012,1184869400
BLZ,2013,1265248700
BLZ,2014,1323711950
BLZ,2015,1363312750
BLZ,2016,1385203650
BLZ,2017,1417481500
BLZ,2018,1458331550
BLZ,2019,1525624200
BLZ,2020,1257702400
BLZ,2021,1483824050
BLZ,2022,1753663050
BLZ,2023,1896458600
BLZ,2024,2000378550
BOL,2010,8557932277.53291
BOL,2011,9828058680.44254
BOL,2012,10953916555.7164
BOL,2013,12328666439.9421
BOL,2014,13681985065.123
BOL,2015,15172303241.6787
BOL,2016,16903472503.6179
BOL,2017,23657514688.8567
BOL,2018,25335661403.7627
BOL,2019,26169361505.0651
BOL,2020,23601731548.4805
BOL,2021,25164494515.1954
BOL,2022,26936138437.0478
BOL,2023,28157880738.0608
BOL,2024,29286027047.7569
BRA,2010,1272575966546.67
BRA,2011,1506073244665.18
BRA,2012,1447917098627.85
BRA,2013,1475747986238.04
BRA,2014,1504350704986.76
BRA,2015,1122919988012.88
BRA,2016,1134944646985.25
BRA,2017,1307003000981.7
BRA,2018,1201023311160.22
BRA,2019,1181442581197.83
BRA,2020,907044934870.351
BRA,2021,950821972578.605
BRA,2022,1133818570634.61
BRA,2023,1296688462151.46
BRA,2024,1293367100104.2
BRA,2025,1361997743358.76
BRB,2010,4089364700
BRB,2011,4198533200
BRB,2012,4056128300
BRB,2013,4273767650
BRB,2014,4305805200
BRB,2015,4260342250
BRB,2016,4261840850
BRB,2017,4339054850
BRB,2018,4447829950
BRB,2019,4590045200
BRB,2020,3974164250
BRB,2021,4453740050
BRB,2022,5213841500
BRB,2023,5453623250
BRB,2024,5762141600
BRN,2010,4455231538.62571
BRN,2011,5067886491.35513
BRN,2012,5386969246.14686
BRN,2013,5653675611.3897
BRN,2014,5614238776.99204
BRN,2015,5098472119.28627
BRN,2016,4899383138.3425
BRN,2017,4954487139.10077
BRN,2018,5065553899.08512
BRN,2019,5142230609.60154
BRN,2020,4976446525.08547
BRN,2021,5270454909.07549
BRN,2022,5424866130.60895
BRN,2023,5862721059.05828
BRN,2024,5975749850.49022
BRN,2025,6049209160.70528
BTN,2010,734909411.778188
BTN,2011,885091790.489262
BTN,2012,836574324.497677
BTN,2013,825236354.681644
BTN,2014,899142144.569593
BTN,2015,957056503.229271
BTN,2016,1023193851.33305
BTN,2017,1120485550.64759
BTN,2018,1178374038.21264
BTN,2019,1357647484.26879
BTN,2020,1228350897.11118
BTN,2021,1389362218.11049
BTN,2022,1483799697.90785
BTN,2023,1590531718.46204
BTN,2024,1724207733.72957
BTN,2025,1902732243.84069
BWA,2010,6917200816.94235
BWA,2011,7813400216.10846
BWA,2012,7729953517.59205
BWA,2013,7867124095.17999
BWA,2014,8204444477.61902
BWA,2015,7695736347.7037
BWA,2016,8163460964.42231
BWA,2017,9174795419.95843
BWA,2018,9952833315.76793
BWA,2019,10240090743.0335
BWA,2020,9861398764.09734
BWA,2021,11296914160.3812
BWA,2022,11466871989.6048
BWA,2023,11490254003.5832
BWA,2024,12248226582.964
BWA,2025,12879013882.2162
CAF,2010,628408661.699476
CAF,2011,696532534.823773
CAF,2012,774903709.05943
CAF,2013,691093864.853803
CAF,2014,809847217.863075
CAF,2015,733133328.495134
CAF,2016,780397600.518854
CAF,2017,889947460.354159
CAF,2018,955211780.286481
CAF,2019,891398813.150488
CAF,2020,907484953.356362
CAF,2021,1068624004.61435
CAF,2022,1010888610.29193
CAF,2023,1035249583.91018
CAF,2024,1157837475.1411
CAF,2025,1268790379.41434
CAN,2010,1058302613658.84
CAN,2011,1156356396976.14
CAN,2012,1185306973849.31
CAN,2013,1197159760844.32
CAN,2014,1166017056976.84
CAN,2015,1037630837928.99
CAN,2016,1033536758983.73
CAN,2017,1101693896427.6
CAN,2018,1148159721600.28
CAN,2019,1174606418647.89
CAN,2020,1146946974686.6
CAN,2021,1337071443900.37
CAN,2022,1410798865811.7
CHE,2010,432163397373.307
CHE,2011,512439638595.103
CHE,2012,496181286532.581
CHE,2013,510351354403.662
CHE,2014,528393887050.964
CHE,2015,505209211621.155
CHE,2016,499912371003
CHE,2017,504313960207.51
CHE,2018,529171048693.607
CHE,2019,521775270056.099
CHE,2020,535297542539.122
CHE,2021,587353027635.041
CHE,2022,607720125781.223
CHE,2023,659616335184.588
CHE,2024,693009491268.106
CHE,2025,748696701272.119
CHL,2010,116277453450.848
CHL,2011,135860005045.307
CHL,2012,148887846580.545
CHL,2013,158728157748.597
CHL,2014,148346563441.911
CHL,2015,141456952933.822
CHL,2016,147070174110.35
CHL,2017,160933884980.935
CHL,2018,171601134679.48
CHL,2019,163863080528.147
CHL,2020,143139074532.423
CHL,2021,173423134692.925
CHL,2022,166795447352.115
CHL,2023,192969524186.267
CHL,2024,183635270369.309
CHL,2025,198391175850.212
CHN,2010,2794510823720.59
CHN,2011,3465021300910.12
CHN,2012,4020492898584.41
CHN,2013,4659328204878.24
CHN,2014,5255591579562.83
CHN,2015,5835384052866.25
CHN,2016,6104708300637.01
CHN,2017,6712817671301.89
CHN,2018,7654671878913.36
CHN,2019,8041516215439.64
CHN,2020,8330246478398.71
CHN,2021,9977839889284.73
CHN,2022,10066450868452.2
CHN,2023,10293149433413.2
CHN,2024,10644332865438.8
CHN,2025,11250299206645.1
CIV,2010,13217174292.9387
CIV,2011,12480681482.1355
CIV,2012,14407199465.6151
CIV,2013,16596720470.4736
CIV,2014,18225837781.4867
CIV,2015,24800859065.5458
CIV,2016,26379118935.6179
CIV,2017,29275650373.478
CIV,2018,32549410910.0971
CIV,2019,33209068558.6755
CIV,2020,35026350232.4036
CIV,2021,39381922379.6772
CIV,2022,37564669475.1766
CIV,2023,42225097773.1745
CIV,2024,45175257769.5424
CIV,2025,51054271745.4656
CMR,2010,13927798558.0197
CMR,2011,15857739337.3663
CMR,2012,15307219882.167
CMR,2013,16971370395.4956
CMR,2014,18348941321.6407
CMR,2015,15963495101.7157
CMR,2016,17064899056.0105
CMR,2017,18180198542.4263
CMR,2018,20156157185.5953
CMR,2019,20241216444.5254
CMR,2020,21105012794.743
CMR,2021,22929660293.3643
CMR,2022,21909559046.6817
CMR,2023,24834077202.1684
CMR,2024,27031627117.5241
CMR,2025,29679682091.0369
COD,2010,9084612068.75792
COD,2011,10626008564.471
COD,2012,11876241470.4693
COD,2013,14297679938.3993
COD,2014,15881335381.0848
COD,2015,17018882763.5826
COD,2016,17159187542.7621
COD,2017,16957185068.3357
COD,2018,21674442766.5145
COD,2019,23147987197.1275
COD,2020,22663720642.7971
COD,2021,25265072878.9397
COD,2022,30815809938.9611
COD,2023,32073884718.4928
COD,2024,35794405468.9737
COD,2025,43657290860.9508
COG,2010,3344054543.62363
COG,2011,3997951179.17224
COG,2012,4774552421.67614
COG,2013,5133622049.48753
COG,2014,5716457920.73608
COG,2015,4869609329.00891
COG,2016,5160229539.84329
COG,2017,4928872350.1449
COG,2018,5127621139.67788
COG,2019,5455871163.15221
COG,2020,5730825578.35992
COG,2021,6316177188.93549
COG,2022,5902096583.18404
COG,2023,6193772439.19599
COG,2024,7076881970.80733
COG,2025,8851070045.15216
COL,2010,152987563174.78
COL,2011,172306887533.066
COL,2012,192712320147.587
COL,2013,203851473731.804
COL,2014,208287421199.787
COL,2015,164988337855.131
COL,2016,160863823150.604
COL,2017,179661308347.235
COL,2018,192674234558.07
COL,2019,187799193071.888
COL,2020,162538360833.013
COL,2021,185358905307.737
COL,2022,189782460176
COL,2023,208048858575.736
COL,2024,242237562210.193
COL,2025,267611312497.555
COM,2010,490358214.211158
COM,2011,556479134.246574
COM,2012,559259220.505579
COM,2013,603210270.184904
COM,2014,624344822.866926
COM,2015,535530676.114972
COM,2016,553449588.083664
COM,2017,590168518.193888
COM,2018,632257759.238116
COM,2019,626316506.975978
COM,2020,636632660.176017
COM,2021,671201043.743467
COM,2022,662280444.417626
COM,2023,744781376.965289
COM,2024,794503943.545441
COM,2025,885915884.260025
CPV,2010,1230594324.07732
CPV,2011,1376517247.19089
CPV,2012,1313671711.08213
CPV,2013,1380496927.38271
CPV,2014,1379321474.80866
CPV,2015,1175073014.02956
CPV,2016,1281623985.7843
CPV,2017,1389873896.26695
CPV,2018,1486877898.12657
CPV,2019,1572599314.73397
CPV,2020,1201931225.42589
CPV,2021,1406326295.54357
CPV,2022,1550554758.71743
CPV,2023,1725293017.33504
CPV,2024,1867961965.54638
CPV,2025,2076072145.11137
CRI,2010,23400625491.7588
CRI,2011,27115247263.6784
CRI,2012,30464327423.2518
CRI,2013,33518580253.604
CRI,2014,34642497704.6201
CRI,2015,38082458216.5072
CRI,2016,39800128306.1299
CRI,2017,41389809528.4463
CRI,2018,43016510071.0753
CRI,2019,44891702868.6571
CRI,2020,42939639915.5546
CRI,2021,44108508018.6896
CRI,2022,47946834709.1244
CRI,2023,59635382451.8761
CRI,2024,66749912676.8653
CRI,2025,71232011843.1252
CUB,2010,43164814814.8148
CUB,2011,50367000000
CUB,2012,52411000000
CUB,2013,55369000000
CUB,2014,58786000000
CUB,2015,63396500000
CUB,2016,65831000500
CUB,2017,68586800000
CUB,2018,70249547300
CUB,2019,72819000000
CUB,2020,78914000000
CYP,2010,18483420167.1667
CYP,2011,20450775002.4611
CYP,2012,18772607452.6266
CYP,2013,18236674341.8491
CYP,2014,17611600115.4493
CYP,2015,15035004742.8078
CYP,2016,15694153836.7063
CYP,2017,17012139959.953
CYP,2018,18928490045.3145
CYP,2019,19198409074.8157
CYP,2020,19053153760.3705
CYP,2021,23019294995.3989
CYP,2022,24086615276.7978
CYP,2023,26735157221.0926
CYP,2024,28781740319.2211
CYP,2025,31680401593.178
CZE,2010,118864346209.731
CZE,2011,127550611958.502
CZE,2012,116051385519.091
CZE,2013,117095334409.211
CZE,2014,115153607129.953
CZE,2015,102747903856.903
CZE,2016,108731058139.178
CZE,2017,123314292232.885
CZE,2018,143692727767.785
CZE,2019,148440776635.524
CZE,2020,149616484096.466
CZE,2021,177105059622.2
CZE,2022,180325855204.007
CZE,2023,205992108928.324
CZE,2024,208866038291.183
CZE,2025,237743899095.147
DEU,2010,2174081207450
DEU,2011,2372294026040.86
DEU,2012,2223349922875.78
DEU,2013,2374111932069.03
DEU,2014,2469977885213.32
DEU,2015,2144373315917.19
DEU,2016,2205519948978.22
DEU,2017,2352969994585.89
DEU,2018,2546257199542.74
DEU,2019,2495001946337.25
DEU,2020,2517573837933.08
DEU,2021,2767560285007.71
DEU,2022,2666837251680.94
DEU,2023,2902268804805.93
DEU,2024,3000918250077.34
DEU,2025,3255807983558.03
DJI,2013,1647306733.58804
DJI,2014,1784853787.67844
DJI,2015,1946459268.17877
DJI,2016,2101794289.36367
DJI,2017,2188257960.51114
DJI,2018,2258489579.17185
DJI,2019,2377937962.31171
DJI,2020,2429415797.23274
DJI,2021,2548468201.28178
DJI,2022,2721581734.85407
DJI,2023,3006298125.15122
DJI,2024,3159150247.86041
DJI,2025,3498770544.84276
DMA,2010,306581481.481481
DMA,2011,306811111.111111
DMA,2012,303477777.777778
DMA,2013,316833333.333333
DMA,2014,333503703.703704
DMA,2015,349500000
DMA,2016,361455555.555556
DMA,2017,347177777.777778
DMA,2018,345711111.111111
DMA,2019,355562962.962963
DMA,2020,315388888.888889
DMA,2021,318096296.296296
DMA,2022,365437037.037037
DMA,2023,384503703.703704
DMA,2024,392259259.259259
DMA,2025,414185185.185185
DNK,2010,212034073692.118
DNK,2011,224374113812.453
DNK,2012,211982212293.925
DNK,2013,225971161843.417
DNK,2014,232831728295.342
DNK,2015,199969975764.48
DNK,2016,204734030500.522
DNK,2017,216426087054.413
DNK,2018,231498436308.878
DNK,2019,225050992630.218
DNK,2020,234668246180.854
DNK,2021,270631311012.37
DNK,2022,265795160639.121
DNK,2023,258604616208.48
DNK,2024,269783607872.756
DNK,2025,289823910152.867
DOM,2010,32344361132.1406
DOM,2011,35177729278.4512
DOM,2012,37073733224.9822
DOM,2013,37807188462.0808
DOM,2014,40505248216.2151
DOM,2015,43310854172.1338
DOM,2016,46852672286.6773
DOM,2017,49127774678.2654
DOM,2018,51904174793.5614
DOM,2019,54348192694.0903
DOM,2020,47179397563.5323
DOM,2021,54830238771.8157
DOM,2022,66180277581.8759
DOM,2023,71781256668.7323
DOM,2024,74335936083.6145
DOM,2025,76570449303.9597
DZA,2010,77518556150.5586
DZA,2011,97488063918.7183
DZA,2012,102013650000.651
DZA,2013,107485031826.268
DZA,2014,114462143413.837
DZA,2015,97703744071.2558
DZA,2016,94709388946.4922
DZA,2017,97261057613.672
DZA,2018,96160780155.4306
DZA,2019,97658571686.6522
DZA,2020,87060069350.2281
DZA,2021,90299708879.6159
DZA,2022,96427806688.2296
DZA,2023,112923577702.787
DZA,2024,126029320499.388
DZA,2025,131120054055.317
ECU,2010,36500777000
ECU,2011,40678808000
ECU,2012,45396057000
ECU,2013,50234827000
ECU,2014,54270122000
ECU,2015,55999150000
ECU,2016,57203669000
ECU,2017,60648834000
ECU,2018,63141357000
ECU,2019,63951854000
ECU,2020,58785830000
ECU,2021,62655815000
ECU,2022,67593168000
ECU,2023,70554076000
ECU,2024,70649024000
ECU,2025,74246406100
EGY,2010,101242105263.158
EGY,2011,107885094664.372
EGY,2012,144503223333.333
EGY,2013,150853170542.636
EGY,2014,159890530846.485
EGY,2015,175125997304.582
EGY,2016,181125165644.172
EGY,2017,132054362771.739
EGY,2018,135606667416.995
EGY,2019,161766949886.105
EGY,2020,199689326263.256
EGY,2021,222856297641.81
EGY,2022,245185869908.815
EGY,2023,204490954254.581
EGY,2024,190376567582.223
EGY,2025,172815247359.808
ESP,2010,949378847916.668
ESP,2011,1010340976643.97
ESP,2012,915699721373.438
ESP,2013,936934151945.101
ESP,2014,948289173846.271
ESP,2015,822975639056.64
ESP,2016,847344295007.395
ESP,2017,898583427881.178
ESP,2018,975246405650.195
ESP,2019,958171666635.293
ESP,2020,882150036432.687
ESP,2021,985681581534.868
ESP,2022,979446856618.681
ESP,2023,1112409163921.59
ESP,2024,1189031745857.81
ESP,2025,1303192602449.02
EST,2010,11699744467.822
EST,2011,13621452784.1732
EST,2012,13754267867.8863
EST,2013,15197246990.5071
EST,2014,16206339884.3188
EST,2015,14154318900.2582
EST,2016,14940134756.9487
EST,2017,16798585030.353
EST,2018,19241076894.5145
EST,2019,19864262437.9764
EST,2020,20349634293.1285
EST,2021,23331293610.0151
EST,2022,23968438999.4806
EST,2023,27011984696.3613
EST,2024,28335441298.1609
EST,2025,30956702762.94
ETH,2010,12498876332.3249
ETH,2011,13238047828.7841
ETH,2012,16709934859.461
ETH,2013,18902118013.0454
ETH,2014,22184834811.6927
ETH,2015,24559237129.1866
ETH,2016,25147475694.3231
ETH,2017,27975687270.8333
ETH,2018,30343108032.5737
ETH,2019,34116756262.4801
ETH,2020,36340767366.8026
ETH,2021,39849886175.2887
ETH,2022,45012112534.9418
ETH,2023,50245686089.226
ETH,2024,56110595567.5997
ETH,2025,46215270798.8714
FIN,2010,147082961300
FIN,2011,163252687928.016
FIN,2012,156503962487.109
FIN,2013,163687892097.255
FIN,2014,166499674797.254
FIN,2015,142119725185.937
FIN,2016,144386655845.137
FIN,2017,151918394930.589
FIN,2018,164074733865.098
FIN,2019,160233745011.764
FIN,2020,162124457900.39
FIN,2021,177001818364.338
FIN,2022,166549119558.366
FIN,2023,182366766705.886
FIN,2024,185799266504.687
FIN,2025,196862272223.137
FJI,2010,1805219000.79697
FJI,2011,2197964803.9739
FJI,2012,2303601388.46289
FJI,2013,2382924141.8709
FJI,2014,2697814760.94726
FJI,2015,2595837445.11663
FJI,2016,2688709196.94314
FJI,2017,2916910795.28273
FJI,2018,3009774933.16981
FJI,2019,2963349723.86968
FJI,2020,2289094685.78319
FJI,2021,2225020078.40115
FJI,2022,2738475892.91757
FJI,2023,3079428920.61552
FJI,2024,3256712075.12234
FJI,2025,3530232059.30473
FRA,2010,1871166482851.67
FRA,2011,2017226981154.67
FRA,2012,1888715792582.23
FRA,2013,1982790983016.79
FRA,2014,2015118347075.6
FRA,2015,1717285967049.26
FRA,2016,1744181770279.85
FRA,2017,1822179691531.18
FRA,2018,1950905909187.92
FRA,2019,1908954913453.33
FRA,2020,1879418934756.89
FRA,2021,2096484669102.68
FRA,2022,2005471318160.32
FRA,2023,2145851766204.35
FRA,2024,2241202109820.62
FRA,2025,2385084448370.55
FSM,2010,175720100
FSM,2011,178769000
FSM,2012,182562200
FSM,2013,185206900
FSM,2014,199359100
FSM,2015,190193800
FSM,2016,198213900
FSM,2017,217947200
FSM,2018,261716900
FSM,2019,260582300
FSM,2020,249740900
FSM,2021,259938600
FSM,2022,287346300
FSM,2023,307393700
FSM,2024,320154100
FSM,2025,327490500
GAB,2010,4430730443.67681
GAB,2011,4667769577.75151
GAB,2012,4714269162.59338
GAB,2013,5209358086.08755
GAB,2014,5948873710.89762
GAB,2015,5613610885.28394
GAB,2016,5853966215.79429
GAB,2017,6367380318.4067
GAB,2018,6935540493.62576
GAB,2019,6829135719.11303
GAB,2020,6875815830.51172
GAB,2021,7501070883.58998
GAB,2022,6834961681.82241
GAB,2023,7330622881.37514
GAB,2024,7694190304.08644
GAB,2025,9072856518.42842
GBR,2010,1772741988554.92
GBR,2011,1881419918001.07
GBR,2012,1917807084417.9
GBR,2013,1959540800023.18
GBR,2014,2164495429911.82
GBR,2015,2075698394889.29
GBR,2016,1919582560205.4
GBR,2017,1911236852490.35
GBR,2018,2049657999641.22
GBR,2019,2041065774187.62
GBR,2020,1964267732666.82
GBR,2021,2305470800436.63
GBR,2022,2305881971531.7
GBR,2023,2477450106285.7
GBR,2024,2679440096013.25
GBR,2025,2925813292909.66
GEO,2010,7760125722.2239
GEO,2011,9473435675.76542
GEO,2012,10384701724.3823
GEO,2013,10819015721.2854
GEO,2014,10986010385.8768
GEO,2015,9193956089.47439
GEO,2016,9376801783.05464
GEO,2017,9608194562.99197
GEO,2018,10446065141.0535
GEO,2019,10600592437.5709
GEO,2020,9268470945.75039
GEO,2021,11066513179.5461
GEO,2022,14753199677.6627
GEO,2023,19099466315.0625
GEO,2024,21192173526.0077
GEO,2025,24388021926.7681
GHA,2010,15513204212.9172
GHA,2011,18033847727.0859
GHA,2012,19638292982.4475
GHA,2013,25508167881.3138
GHA,2014,20457253716.758
GHA,2015,20029453135.6066
GHA,2016,24656236733.8215
GHA,2017,26257303669.499
GHA,2018,29377894046.7156
GHA,2019,30855162868.0231
GHA,2020,31635451444.6206
GHA,2021,36037436497.2997
GHA,2022,31619616221.4181
GHA,2023,34726105474.2165
GHA,2024,36352745767.325
GHA,2025,48965897326.1029
GIN,2010,2974692967.67914
GIN,2011,2977081781.59773
GIN,2012,3225013539.20195
GIN,2013,3645958344.89678
GIN,2014,3805765759.46113
GIN,2015,4001909224.91961
GIN,2016,3604224678.33001
GIN,2017,3917334822.39146
GIN,2018,4158727509.30185
GIN,2019,4732267375.95198
GIN,2020,5178546285.76378
GIN,2021,6173550363.67181
GIN,2022,7470346809.89011
GIN,2023,8338989851.80443
GIN,2024,9088203710.80875
GIN,2025,10126645431.8534
GMB,2010,759309393.411113
GMB,2011,773924617.602894
GMB,2012,770487291.6639
GMB,2013,758322553.735322
GMB,2014,693892604.603527
GMB,2015,715132911.879601
GMB,2016,724445314.785433
GMB,2017,804003253.97018
GMB,2018,917261492.363076
GMB,2019,993390708.459179
GMB,2020,977733362.380941
GMB,2021,1075422942.27437
GMB,2022,1226483771.70654
GMB,2023,1310847689.66925
GMB,2024,1365731966.40549
GMB,2025,1376472901.38331
GNB,2010,383538188.646173
GNB,2011,489084367.325031
GNB,2012,438466530.798409
GNB,2013,465254363.303585
GNB,2014,496803874.28375
GNB,2015,519839172.73572
GNB,2016,565592008.438867
GNB,2017,662715106.64433
GNB,2018,698542576.717628
GNB,2019,758901908.368805
GNB,2020,804112576.017202
GNB,2021,820750950.882925
GNB,2022,808752609.524545
GNB,2023,905519785.317352
GNB,2024,848570484.997807
GNB,2025,987681590.033742
GNQ,2010,4034978077.41352
GNQ,2011,4726704497.59571
GNQ,2012,5134620422.63395
GNQ,2013,5962660947.48029
GNQ,2014,6316173574.57762
GNQ,2015,5158458485.03492
GNQ,2016,5078678575.12623
GNQ,2017,4990168460.11004
GNQ,2018,5301447140.02299
GNQ,2019,5147764955.39264
GNQ,2020,5074633512.15428
GNQ,2021,5735661524.22497
GNQ,2022,5608585768.35184
GNQ,2023,6140182559.38414
GNQ,2024,6539950112.71614
GNQ,2025,7118739275.79771
GRC,2010,208130402871.034
GRC,2011,198853417602.014
GRC,2012,166890717019.536
GRC,2013,166007083692.167
GRC,2014,165039434561.165
GRC,2015,136198908391.764
GRC,2016,133965791758.712
GRC,2017,140196401672.451
GRC,2018,148278214303.736
GRC,2019,144537650003.004
GRC,2020,133307439444.788
GRC,2021,150483437019.408
GRC,2022,147620694547.678
GRC,2023,166819999844.209
GRC,2024,174268965025.723
GRC,2025,189286365818.433
GRD,2010,527111111.111111
GRD,2011,538403703.703704
GRD,2012,563651851.851852
GRD,2013,587640740.740741
GRD,2014,622333333.333333
GRD,2015,665629629.62963
GRD,2016,710581481.481481
GRD,2017,754459259.259259
GRD,2018,770196296.296296
GRD,2019,811396296.296296
GRD,2020,697129629.62963
GRD,2021,732300000
GRD,2022,787581481.481481
GRD,2023,869592592.592592
GRD,2024,890885185.185185
GRD,2025,922305195.4886
GTM,2010,24190197711.0047
GTM,2011,27646029448.9005
GTM,2012,29522211280.7577
GTM,2013,32242607499.6812
GTM,2014,35231157286.6467
GTM,2015,38212722841.7669
GTM,2016,40878371360.1836
GTM,2017,44765081746.0515
GTM,2018,46240154990.614
GTM,2019,48250157535.0884
GTM,2020,48208087131.6364
GTM,2021,53567450844.2038
GTM,2022,59023797392.0284
GTM,2023,64096702951.2611
GTM,2024,70234286923.6446
GTM,2025,76603932878.6966
GUY,2010,1426875593.15752
GUY,2011,1579903684.73293
GUY,2012,1747195696.68833
GUY,2013,1790445197.98851
GUY,2014,1848503462.35594
GUY,2015,1887622276.02906
GUY,2016,1985922518.15981
GUY,2017,2104532687.65133
GUY,2018,2200121957.47393
GUY,2019,2313357314.14868
GUY,2020,2129414868.10552
GUY,2021,2480282973.6211
GUY,2022,2836206235.01199
GUY,2023,3175127098.32134
GUY,2024,3566431654.67626
GUY,2025,4023760191.84652
HND,2010,9604257188.37159
HND,2011,10308502203.9799
HND,2012,10861131407.9145
HND,2013,11279954449.7363
HND,2014,11884334220.0025
HND,2015,12343054908.4252
HND,2016,12678820748.0283
HND,2017,13152841791.6843
HND,2018,13800207239.9435
HND,2019,14449600606.5478
HND,2020,13769515847.8719
HND,2021,16331999606.1067
HND,2022,17951415579.448
HND,2023,19779261120.2006
HND,2024,21493981156.3899
HND,2025,22797422616.3584
HRV,2010,35287504739.3805
HRV,2011,37855429703.3231
HRV,2012,34426227401.9665
HRV,2013,35534660105.8496
HRV,2014,35482889592.4031
HRV,2015,30241637976.8492
HRV,2016,31189120501.5585
HRV,2017,33524968057.7412
HRV,2018,36699577201.9746
HRV,2019,36369193154.0342
HRV,2020,34509304936.705
HRV,2021,40745195577.1753
HRV,2022,42586461795.0694
HRV,2023,51225101225.4911
HRV,2024,56568450438.2812
HRV,2025,64010154776.0783
HTI,2010,6226192398.10023
HTI,2011,6664903380.1707
HTI,2012,6993083031.99155
HTI,2013,7612045054.89567
HTI,2014,7847987746.36588
HTI,2015,7787255823.05138
HTI,2016,7484449170.17498
HTI,2017,8078319714.64513
HTI,2018,8774631899.62811
HTI,2019,8163358112.80613
HTI,2020,7822894503.05997
HTI,2021,11346597312.7451
HTI,2022,10262376422.4295
HTI,2023,9781684466.32707
HTI,2024,12774884105.1859
HTI,2025,17383033183.8085
HUN,2010,74690313505.6284
HUN,2011,79308084852.4036
HUN,2012,70914871263.3039
HUN,2013,75238498848.8791
HUN,2014,77442789891.1586
HUN,2015,67769922941.2976
HUN,2016,71661076050.5347
HUN,2017,80161763634.1553
HUN,2018,90381319582.7961
HUN,2019,93338529553.4301
HUN,2020,89998061667.334
HUN,2021,105144693473.056
HUN,2022,102010622770.428
HUN,2023,123928589163.241
HUN,2024,132460531095.256
HUN,2025,148048159370.221
IDN,2010,307066516825.64
IDN,2011,362407976814.616
IDN,2012,375164410710.974
IDN,2013,378848425234.485
IDN,2014,376299619839.488
IDN,2015,372828056277.61
IDN,2016,406687578425.458
IDN,2017,442952521016.048
IDN,2018,452396263178.058
IDN,2019,494874309796.317
IDN,2020,470362686616.711
IDN,2021,508096916714.117
IDN,2022,551264593933.444
IDN,2023,587946131950.579
IDN,2024,611174085058.526
IDN,2025,635239904307.783
IND,2010,754592496676.246
IND,2011,828433860546.791
IND,2012,846217172810.479
IND,2013,867065080903.218
IND,2014,975159501862.41
IND,2015,1005173363454.9
IND,2016,1095751773725.9
IND,2017,1263981378334.37
IND,2018,1309071161860.53
IND,2019,1420212198521.9
IND,2020,1282128264548.68
IND,2021,1515451052683.95
IND,2022,1533085422956.58
IND,2023,1665957416024.19
IND,2024,1804085804858.77
IND,2025,1951833121867.29
IRL,2010,148026153028.234
IRL,2011,158851872456.703
IRL,2012,150597295603.65
IRL,2013,164066492066.104
IRL,2014,178979741358.174
IRL,2015,163799969879.465
IRL,2016,170178029687.814
IRL,2017,193699358395.566
IRL,2018,222568535004.379
IRL,2019,234039301219.474
IRL,2020,243157053714.734
IRL,2021,292600691856.546
IRL,2022,293426263900.488
IRL,2023,342116327207.283
IRL,2024,368927470207.149
IRL,2025,409469640212.116
IRN,2010,249074298198.578
IRN,2011,306512073724.056
IRN,2012,324773249251.672
IRN,2013,238400049641.034
IRN,2014,228163850594.817
IRN,2015,225799982353.976
IRN,2016,258627139037.261
IRN,2017,266440747176.708
IRN,2018,206283055161.14
IRN,2019,179889242848.619
IRN,2020,137123823554.574
IRN,2021,194477431099.617
IRN,2022,191638884301.913
IRN,2023,217907285935.5
IRN,2024,236615970292.127
IRN,2025,170800544409.899
IRQ,2010,54971813076.9231
IRQ,2011,62192902820.5128
IRQ,2012,78239754634.4313
IRQ,2013,89076497341.3379
IRQ,2014,91622620325.9005
IRQ,2015,85471155392.7673
IRQ,2016,84672164860.2879
IRQ,2017,88055435641.8919
IRQ,2018,100476367617.84
IRQ,2019,103790755160.745
IRQ,2020,99168085446.8983
IRQ,2021,89366737448.2759
IRQ,2022,95288954689.6552
IRQ,2023,117414818696.561
IRQ,2024,127981126076.923
IRQ,2025,132963545769.231
ISL,2010,8633905180.18933
ISL,2011,9410771252.44701
ISL,2012,9257397549.61276
ISL,2013,10269499006.3732
ISL,2014,11521588604.3191
ISL,2015,11422209161.3579
ISL,2016,13811304529.4227
ISL,2017,16479455709.2506
ISL,2018,17354703557.2555
ISL,2019,16576822228.4286
ISL,2020,14401105919.7055
ISL,2021,17067405428.3875
ISL,2022,18936429477.7052
ISL,2023,20778080826.2398
ISL,2024,21682105407.0001
ISL,2025,25551617170.2056
ISR,2010,159763944663.979
ISR,2011,180867204512.422
ISR,2012,178787312143.978
ISR,2013,201570525582.115
ISR,2014,213957662052.726
ISR,2015,206691953089.49
ISR,2016,221761741930.444
ISR,2017,250782112105.307
ISR,2018,263385952149.077
ISR,2019,281246548705.304
ISR,2020,288702195421.287
ISR,2021,346082619822.256
ISR,2022,370250713121.811
ISR,2023,371966110264.145
ISR,2024,395037677818.369
ITA,2010,1425305563240
ITA,2011,1527438433550.59
ITA,2012,1393510187345.27
ITA,2013,1432015783740.91
ITA,2014,1451138411515.92
ITA,2015,1230569512144.02
ITA,2016,1252610082718.6
ITA,2017,1306191036091.18
ITA,2018,1389208279498.98
ITA,2019,1334843381950.59
ITA,2020,1272428281315.33
ITA,2021,1412921089633.7
ITA,2022,1359171351505.45
ITA,2023,1489943404106.3
ITA,2024,1541437941347.5
ITA,2025,1646120675931.33
JAM,2010,8797166333.47534
JAM,2011,9514053473.42905
JAM,2012,9690770915.74807
JAM,2013,9167852672.75008
JAM,2014,8845064877.32759
JAM,2015,9235923066.35888
JAM,2016,9079912215.86544
JAM,2017,9411646235.56422
JAM,2018,9967253584.08936
JAM,2019,10144224174.3112
JAM,2020,8854339295.34253
JAM,2021,9314357676.56589
JAM,2022,11089000171.3325
JAM,2023,12826203256.7043
JAM,2024,13199464102.21
JAM,2025,13587162371.741
JOR,2010,16814659859.1549
JOR,2011,18046034225.3521
JOR,2012,19805498732.3944
JOR,2013,21541809295.7747
JOR,2014,22975410140.8451
JOR,2015,24021628591.5493
JOR,2016,24873018309.8592
JOR,2017,25824710000
JOR,2018,26942916619.7183
JOR,2019,27906864366.1972
JOR,2020,27808558309.8592
JOR,2021,28965598873.2394
JOR,2022,30177864084.507
JOR,2023,32291089154.9296
JOR,2024,33625831830.9859
JOR,2025,34974686478.8732
JPN,2010,4050749673544.19
JPN,2011,4469245947912.7
JPN,2012,4508571835063.43
JPN,2013,3752305240446.41
JPN,2014,3499285159510.94
JPN,2015,3138542343194.57
JPN,2016,3542545513853.28
JPN,2017,3481720029174.83
JPN,2018,3562631526709.88
JPN,2019,3646700471144.67
JPN,2020,3621126786988.33
JPN,2021,3661524083442.75
JPN,2022,3163361083253.45
JPN,2023,3104132573568.63
JPN,2024,2992903480035.01
KAZ,2010,76510928030.9457
KAZ,2011,94173215480.2312
KAZ,2012,106890158772.739
KAZ,2013,125841242527.805
KAZ,2014,121421214860.399
KAZ,2015,109337950058.011
KAZ,2016,79425714870.2361
KAZ,2017,95587081639.3113
KAZ,2018,99452504477.9268
KAZ,2019,100876619352.657
KAZ,2020,95981964867.6864
KAZ,2021,106281660689.234
KAZ,2022,118710103984.44
KAZ,2023,147532413709.951
KAZ,2024,168891824826.079
KAZ,2025,176706267333.289
KEN,2010,25880404202.5237
KEN,2011,25878460461.4958
KEN,2012,31384602993.8719
KEN,2013,34585780626.3072
KEN,2014,38892070490.8947
KEN,2015,39359573123.4429
KEN,2016,42230536894.4267
KEN,2017,45820759799.7892
KEN,2018,51651142162.9046
KEN,2019,56171635348.7334
KEN,2020,54332340260.9168
KEN,2021,60470241147.8777
KEN,2022,63421467578.7432
KEN,2023,59635413955.3583
KEN,2024,67044900812.2777
KEN,2025,74840089027.7728
KGZ,2010,2365466073.73933
KGZ,2011,2966582734.30328
KGZ,2012,3371204263.32137
KGZ,2013,3640616565.58121
KGZ,2014,3779751384.32213
KGZ,2015,3482658370.40266
KGZ,2016,3416652952.21136
KGZ,2017,3846265656.41306
KGZ,2018,4116339087.32557
KGZ,2019,4716205333.85402
KGZ,2020,4192226182.07071
KGZ,2021,4720388939.51195
KGZ,2022,6190700947.51992
KGZ,2023,7787673223.83416
KGZ,2024,9501332485.17421
KGZ,2025,11580340517.9127
KHM,2010,5484911620.05735
KHM,2011,6265970163.43477
KHM,2012,7023715326.35755
KHM,2013,8003301722.11807
KHM,2014,9188791937.73375
KHM,2015,10203024047.938
KHM,2016,11090977644.2678
KHM,2017,12158621517.5409
KHM,2018,13331361052.8611
KHM,2019,14357813887.2125
KHM,2020,13629059848.8696
KHM,2021,13423599385.7447
KHM,2022,14552201244.7586
KHM,2023,15305099751.4982
KHM,2024,16499095965.5987
KHM,2025,17933103807.8018
KIR,2010,104016294.870748
KIR,2011,118817015.192947
KIR,2012,124994693.523821
KIR,2013,121857462.955293
KIR,2014,120985105.867061
KIR,2015,115176509.477195
KIR,2016,125305193.077087
KIR,2017,137844412.527074
KIR,2018,146366963.23703
KIR,2019,145280766.795017
KIR,2020,146905790.094867
KIR,2021,183205155.55609
KIR,2022,176139940.866506
KIR,2023,196219578.403882
KIR,2024,241173796.011704
KNA,2010,512414814.814815
KNA,2011,542566666.666667
KNA,2012,557862962.962963
KNA,2013,586529629.62963
KNA,2014,616733333.333333
KNA,2015,611396296.296296
KNA,2016,632777777.777778
KNA,2017,654514814.814815
KNA,2018,681996296.296296
KNA,2019,696137037.037037
KNA,2020,567337037.037037
KNA,2021,556888888.888889
KNA,2022,638888888.888889
KNA,2023,691185185.185185
KNA,2024,742248148.148148
KNA,2025,783000000
KOR,2010,654612870311.122
KOR,2011,714871047459.05
KOR,2012,734177210696.386
KOR,2013,788127755466.411
KOR,2014,858981041753.733
KOR,2015,848285493864.685
KOR,2016,868161970420.433
KOR,2017,933178031350.641
KOR,2018,1010366915529.72
KOR,2019,996988906837.601
KOR,2020,992713590447.169
KOR,2021,1105182849940.26
KOR,2022,1044916862989.59
KOR,2023,1086304079346.69
KOR,2024,1078357751902.45
KOR,2025,1071515780930.9
KWT,2010,54292021827.799
KWT,2011,59812635381.6776
KWT,2012,64015558199.0169
KWT,2013,66428655554.341
KWT,2014,68591059047.6057
KWT,2015,66961913498.9962
KWT,2016,66421267835.4521
KWT,2017,68537423767.9248
KWT,2018,71751239584.5752
KWT,2019,76911090836.6298
KWT,2020,74358811754.4484
KWT,2021,79350009116.7373
KWT,2022,82247416816.3265
KWT,2023,86296327304.3661
KWT,2024,89564916292.6884
KWT,2025,93735874685.0954
LAO,2010,3107417940.10822
LAO,2011,3655285571.61499
LAO,2012,4092664507.40587
LAO,2013,5091941514.92033
LAO,2014,5863806719.72161
LAO,2015,6371983423.11626
LAO,2016,6759172948.39563
LAO,2017,7089279766.77374
LAO,2018,7548443404.0942
LAO,2019,7780022726.9458
LAO,2020,7792011947.97777
LAO,2021,7314103503.89463
LAO,2022,6230635665.01669
LAO,2023,6970579215.63955
LAO,2024,7184494233.26727
LAO,2025,7973829880.92936
LBN,2010,27626474646.7662
LBN,2011,29362408145.2736
LBN,2012,32117536632.8358
LBN,2013,33792514068.325
LBN,2014,35461881337.9768
LBN,2015,36851118629.5191
LBN,2016,37952598625.539
LBN,2017,39992830228.8557
LBN,2018,42269121836.1526
LBN,2019,40930050068.8546
LBN,2020,27723202123.102
LBN,2021,21778337766.057
LBN,2022,18603919660.1853
LBN,2023,8509412138.22995
LBN,2024,9279133731.84357
LBR,2010,1049554100
LBR,2011,1183829200
LBR,2012,964700900
LBR,2013,1168466000
LBR,2014,1313722900
LBR,2015,1436445300
LBR,2016,1564615800
LBR,2017,1501695900
LBR,2018,1469640300
LBR,2019,1372694800
LBR,2020,1233173100
LBR,2021,1349053500
LBR,2022,1494098500
LBR,2023,1777527500
LBR,2024,2069000000
LBR,2025,2097000000
LBY,2010,24243263874.2521
LBY,2011,29107333076.2846
LBY,2012,35211705213.766
LBY,2013,37350710706.6805
LBY,2014,38922368873.9879
LBY,2015,35293981364.1662
LBY,2016,38851412826.3792
LBY,2017,43025354780.3877
LBY,2018,40639077721.2929
LBY,2019,38877712633.4602
LBY,2020,41386298515.0508
LBY,2021,11349779850.147
LBY,2022,11492963833.6441
LBY,2023,10556417016.5782
LBY,2024,13741254515.5341
LBY,2025,12944095333.3137
LCA,2010,1098307407.40741
LCA,2011,1186503703.7037
LCA,2012,1215259259.25926
LCA,2013,1248722222.22222
LCA,2014,1315381481.48148
LCA,2015,1337462962.96296
LCA,2016,1378300000
LCA,2017,1496688888.88889
LCA,2018,1555262962.96296
LCA,2019,1589444444.44444
LCA,2020,1076259259.25926
LCA,2021,1390111111.11111
LCA,2022,1791296296.2963
LCA,2023,1853185185.18518
LCA,2024,1949074074.07407
LCA,2025,1960851851.85185
LIE,2016,3409194697.75542
LIE,2017,3339318284.296
LIE,2018,3623439613.94155
LIE,2019,3356997308.24382
LIE,2020,3596345284.93612
LIE,2021,4360253259.3019
LIE,2022,4210897833.33613
LIE,2023,4731605248.80633
LKA,2010,31083175217.516
LKA,2011,36156222438.1531
LKA,2012,38185556792.653
LKA,2013,41964005385.3345
LKA,2014,45084596405.923
LKA,2015,46127979347.9648
LKA,2016,47008096698.8029
LKA,2017,49298107837.7626
LKA,2018,50660456782.1167
LKA,2019,49613092930.1067
LKA,2020,48773276069.8358
LKA,2021,49480511281.7967
LKA,2022,42310850546.1729
LKA,2023,50499491471.1537
LKA,2024,57277108389.5544
LKA,2025,59452246748.2937
LSO,2010,1203266209.45927
LSO,2011,1338516632.4605
LSO,2012,1309517644.90989
LSO,2013,1299180253.28525
LSO,2014,1295430196.9951
LSO,2015,1216032542.22474
LSO,2016,1127941452.70055
LSO,2017,1257491131.84744
LSO,2018,1340231878.28011
LSO,2019,1257595107.06598
LSO,2020,1065119433.89388
LSO,2021,1201334348.03844
LSO,2022,1179050258.03301
LSO,2023,1075518377.5709
LSO,2024,1227925737.63195
LSO,2025,1431011190.32974
LTU,2010,21995453325.3056
LTU,2011,24886433942.313
LTU,2012,24627171500.8391
LTU,2013,27283308091.1267
LTU,2014,28379033729.1497
LTU,2015,24593064418.466
LTU,2016,25996584824.5728
LTU,2017,28750549744.9471
LTU,2018,33196473022.6839
LTU,2019,33723166558.6823
LTU,2020,35031108973.6343
LTU,2021,40807246807.5032
LTU,2022,43132419406.9846
LTU,2023,50765158745.6264
LTU,2024,54894842368.4664
LTU,2025,61695188832.3289
LUX,2010,44356732372.1001
LUX,2011,48639611602.0332
LUX,2012,47148586247.257
LUX,2013,51483074703.8943
LUX,2014,53812158445.8559
LUX,2015,47895915129.3754
LUX,2016,49220608694.2309
LUX,2017,52622991570.7036
LUX,2018,56435327752.3772
LUX,2019,54989322296.847
LUX,2020,58421105974.7426
LUX,2021,69066594685.84
LUX,2022,65553713029.0294
LUX,2023,72642407415.0679
LUX,2024,75725466636.132
LUX,2025,82389888715.1991
LVA,2010,14955533402.6682
LVA,2011,16712664486.2624
LVA,2012,17094988287.0003
LVA,2013,18523282111.2032
LVA,2014,19469307858.6937
LVA,2015,16894641546.5781
LVA,2016,17456035873.2829
LVA,2017,18641175236.54
LVA,2018,21033783554.7145
LVA,2019,20885363125.2313
LVA,2020,20824943213.1222
LVA,2021,23530452885.3485
LVA,2022,23428434604.7978
LVA,2023,27319034711.0358
LVA,2024,28482438307.2414
LVA,2025,31235251516.1553
MAR,2010,47574252497.1018
MAR,2011,53087964894.3896
MAR,2012,52543650680.9744
MAR,2013,55108176737.5282
MAR,2014,65230075834.4568
MAR,2015,57639281189.0768
MAR,2016,59572411902.9198
MAR,2017,62943574689.1405
MAR,2018,67580983032.1469
MAR,2019,68944136450.6218
MAR,2020,64548370632.9058
MAR,2021,73550667721.0529
MAR,2022,71527735403.0152
MAR,2023,78442923013.4282
MAR,2024,84685136674.3284
MAR,2025,95394061976.6211
MCO,2010,4673814108.33334
MCO,2011,5307803770.42803
MCO,2012,4995386835.11719
MCO,2013,5637728264.66668
MCO,2014,6177262946.90194
MCO,2015,5162674431.36718
MCO,2016,5290111356.88717
MCO,2017,5606946583.17648
MCO,2018,6239809343.45098
MCO,2019,6420969945.88234
MCO,2020,5728113486.38134
MCO,2021,7541625313.17817
MCO,2022,7720320785.60314
MCO,2023,8853103140.98055
MCO,2024,9702025569.6875
MDA,2010,3803926313.78706
MDA,2011,4507774351.85693
MDA,2012,4742227433.45814
MDA,2013,5014191321.41753
MDA,2014,4842699543.94637
MDA,2015,4158823921.7046
MDA,2016,4293232505.31976
MDA,2017,5052915192.60329
MDA,2018,6068820820.21886
MDA,2019,6417441143.80604
MDA,2020,6237525181.36791
MDA,2021,7481462044.04341
MDA,2022,8553882614.29345
MDA,2023,10280466328.392
MDA,2024,11239300183.2305
MDA,2025,12507791681.2988
MDG,2010,4866982896.24154
MDG,2011,5675962083.18777
MDG,2012,5900050816.58035
MDG,2013,6398237044.3499
MDG,2014,6363220338.45797
MDG,2015,5748477383.99112
MDG,2016,6044064766.60327
MDG,2017,6726417863.29751
MDG,2018,6706557328.94916
MDG,2019,7024602416.67092
MDG,2020,6577012081.97082
MDG,2021,7120864900.85598
MDG,2022,7606254641.2577
MDG,2023,7823871768.86201
MDG,2024,8672451200.279
MDG,2025,9579766075.09699
MDV,2010,2010857666.93727
MDV,2011,2082519069.59845
MDV,2012,2178390826.5371
MDV,2013,2490243549.5357
MDV,2014,2787992493.7028
MDV,2015,2988794895.812
MDV,2016,3084487873.34645
MDV,2017,3347081821.48979
MDV,2018,3698014397.01596
MDV,2019,4080728264.65237
MDV,2020,2628078428.32786
MDV,2021,3842924321.43097
MDV,2022,4544350947.78317
MDV,2023,4685285363.06256
MDV,2024,5091230738.70746
MDV,2025,5407795550.73737
MEX,2010,668542329745.28
MEX,2011,736015120670.191
MEX,2012,752278136959.015
MEX,2013,810619913949.21
MEX,2014,819772638377.425
MEX,2015,734117600429.12
MEX,2016,668175034228.891
MEX,2017,706875745917.751
MEX,2018,744603832025.018
MEX,2019,771451888696.177
MEX,2020,663554310494.727
MEX,2021,767898351049.367
MEX,2022,852738283430.258
MEX,2023,1034960714954.8
MEX,2024,1073564168648.56
MEX,2025,1079428844526.02
MHL,2010,115523700
MHL,2011,119479900
MHL,2012,121527800
MHL,2013,126337700
MHL,2014,131910400
MHL,2015,139136900
MHL,2016,144660900
MHL,2017,153796200
MHL,2018,159503200
MHL,2019,162546300
MHL,2020,166583700
MHL,2021,168029800
MHL,2022,178682200
MHL,2023,183890500
MHL,2024,194346000
MKD,2010,5182832490.68869
MKD,2011,5782008361.81554
MKD,2012,5487714096.29309
MKD,2013,5932944733.97782
MKD,2014,6115924775.80064
MKD,2015,5407684866.3708
MKD,2016,5715057267.65141
MKD,2017,6166782687.52454
MKD,2018,6889655054.35458
MKD,2019,6932855541.31967
MKD,2020,6990826656.34856
MKD,2021,7932934370.97174
MKD,2022,7853273034.40042
MKD,2023,9025512618.77846
MKD,2024,9535133659.29096
MKD,2025,10878267703.5682
MLI,2010,5433897494.14677
MLI,2011,6377709426.14907
MLI,2012,5736321499.5482
MLI,2013,6536322658.54894
MLI,2014,6866617744.59125
MLI,2015,6248392940.28989
MLI,2016,6583471201.16302
MLI,2017,7042374001.50778
MLI,2018,7679269421.14014
MLI,2019,7636180069.54923
MLI,2020,7298186480.4027
MLI,2021,8138592152.72446
MLI,2022,7989531853.38916
MLI,2023,8797603243.48519
MLI,2024,9652081079.75581
MLI,2025,10994660485.3777
MLT,2010,6322222275.68835
MLT,2011,6845756198.78601
MLT,2012,6916576432.25426
MLT,2013,7886050020.07567
MLT,2014,8839597383.37777
MLT,2015,8633755774.74203
MLT,2016,9115528777.04208
MLT,2017,10966148435.9471
MLT,2018,12458097798.5834
MLT,2019,12615365639.5121
MLT,2020,12887179281.4038
MLT,2021,15719564913.178
MLT,2022,15261728607.5876
MLT,2023,18491099178.6278
MLT,2024,20431879632.5
MLT,2025,22587006933.9608
MMR,2010,18171005556.0468
MMR,2011,21719090484.1522
MMR,2012,22199029582.3056
MMR,2013,22965212178.8004
MMR,2014,24692538071.7233
MMR,2015,23103428173.1575
MMR,2016,25042017104.8203
MMR,2017,26285774951.1298
MMR,2018,27796299872.9059
MMR,2019,30585451032.4994
MMR,2020,31632018955.8313
MMR,2021,26474305463.31
MMR,2022,24539227285.2303
MMR,2023,26492656952.381
MMR,2024,28516314566.6667
MMR,2025,31441322916.6667
MNE,2010,2514796223.93667
MNE,2011,2852628831.1537
MNE,2012,2606685766.4809
MNE,2013,2703274964.70891
MNE,2014,2814224986.69823
MNE,2015,2531188231.58894
MNE,2016,2712879284.94759
MNE,2017,2996594548.06824
MNE,2018,3339179817.47874
MNE,2019,3339991381.60784
MNE,2020,2882240733.68437
MNE,2021,3633382017.32707
MNE,2022,3953326554.35332
MNE,2023,4888853702.88067
MNE,2024,5276480744.35453
MNE,2025,5851850616.37667
MNG,2010,3223799188.26639
MNG,2011,4766229945.69836
MNG,2012,5760192916.80785
MNG,2013,5626356043.84067
MNG,2014,5602704400.96708
MNG,2015,5364743544.33128
MNG,2016,5129507677.04627
MNG,2017,4865157809.95693
MNG,2018,5244579844.20786
MNG,2019,5645695043.55795
MNG,2020,5390486860.73257
MNG,2021,6060295750.69916
MNG,2022,7025994561.68871
MNG,2023,8342114453.93609
MNG,2024,10550670034.331
MNG,2025,11249029111.9567
MOZ,2010,5306313995.13882
MOZ,2011,6878359792.34612
MOZ,2012,7943998139.21581
MOZ,2013,8285598073.29969
MOZ,2014,8529596033.36084
MOZ,2015,7557127110.24335
MOZ,2016,5398265762.24431
MOZ,2017,5377457784.68067
MOZ,2018,5915984173.90995
MOZ,2019,6275372961.57837
MOZ,2020,5763587255.45239
MOZ,2021,6311042225.61674
MOZ,2022,7425964200.02853
MOZ,2023,8600366679.10396
MOZ,2024,9347526997.88749
MOZ,2025,9387203042.22403
MRT,2010,2248696146.78701
MRT,2011,2448516804.29376
MRT,2012,2615157679.85975
MRT,2013,2740539867.48929
MRT,2014,2934857048.14784
MRT,2015,2874351924.55969
MRT,2016,2812072726.23928
MRT,2017,2991917484.65103
MRT,2018,3246624954.40984
MRT,2019,3381784763.513
MRT,2020,3220005377.78973
MRT,2021,3806539252.764
MRT,2022,4266155617.25469
MRT,2023,4597869300.0861
MRT,2024,4615993454.59123
MRT,2025,4948371976.45511
MUS,2010,6429360325.3596
MUS,2011,7438353372.73283
MUS,2012,7587028700.06002
MUS,2013,7994304356.17864
MUS,2014,8647355232.74294
MUS,2015,8023430613.83416
MUS,2016,8499774758.69807
MUS,2017,9315802881.36726
MUS,2018,10080596680.6544
MUS,2019,9941557246.77652
MUS,2020,7920922324.49223
MUS,2021,7823754184.03275
MUS,2022,8533529186.43069
MUS,2023,9128061196.59422
MUS,2024,9616031998.50047
MUS,2025,10320267421.1106
MWI,2010,5185129164.90294
MWI,2011,6017501267.92554
MWI,2012,4606845107.70515
MWI,2013,4215369504.9468
MWI,2014,4631244702.8189
MWI,2015,4905425159.6378
MWI,2016,4264168189.49729
MWI,2017,4751009109.61319
MWI,2018,5286308486.24775
MWI,2019,5803620784.77522
MWI,2020,5924517968.64973
MWI,2021,6160424086.91951
MWI,2022,6119564709.74049
MWI,2023,6030288053.58075
MWI,2024,5002596060.21624
MWI,2025,7259885650.01196
MYS,2010,123625968500.696
MYS,2011,142321755893.703
MYS,2012,154147515492.257
MYS,2013,161459439165.016
MYS,2014,169447822393.87
MYS,2015,156746542946.936
MYS,2016,158254527707.916
MYS,2017,165560536698.446
MYS,2018,190125767695.217
MYS,2019,197761538647.232
MYS,2020,184887487563.882
MYS,2021,193066956564.553
MYS,2022,208058076252.262
MYS,2023,214159517679.931
MYS,2024,226821616116.325
MYS,2025,258896778656.828
NAM,2010,6167906428.8394
NAM,2011,6782797045.2156
NAM,2012,7032639476.98807
NAM,2013,6953644705.29714
NAM,2014,7175535445.49528
NAM,2015,6567924752.83772
NAM,2016,6191654718.57702
NAM,2017,7558923307.02743
NAM,2018,7914423721.97188
NAM,2019,7328305466.34922
NAM,2020,6220558045.982
NAM,2021,7171917678.68229
NAM,2022,6964788297.86857
NAM,2023,6634526954.7324
NAM,2024,7374488806.18968
NAM,2025,8291668759.25797
NER,2010,2756361396.12306
NER,2011,3217240262.89256
NER,2012,3295181651.8239
NER,2013,3679389158.83848
NER,2014,4026780102.68729
NER,2015,3731245520.78805
NER,2016,3753919881.43751
NER,2017,4098956913.87382
NER,2018,4626130859.22316
NER,2019,4585566648.15584
NER,2020,4993024456.87504
NER,2021,5583496350.31462
NER,2022,5555071920.23616
NER,2023,5870282848.75729
NER,2024,6362272475.31158
NER,2025,6730649703.84221
NGA,2010,186390189242.882
NGA,2011,204095956295.525
NGA,2012,232847959248.887
NGA,2013,272367689184.36
NGA,2014,310938468443.97
NGA,2015,286558062693.465
NGA,2016,241919874793.649
NGA,2017,209683766283.047
NGA,2018,219376321268.135
NGA,2019,353468881441.596
NGA,2020,313581670109.174
NGA,2021,312557368806.963
NGA,2022,331075925854.667
NGA,2023,252049310591.219
NGA,2024,135539202628.163
NGA,2025,169335890995.362
NIC,2010,4531141829.80513
NIC,2011,4735802465.99767
NIC,2012,5059950721.68185
NIC,2013,5311945529.22966
NIC,2014,5767927130.96472
NIC,2015,6196451680.30269
NIC,2016,6571962769.80487
NIC,2017,6931276072.18689
NIC,2018,6644394050.91311
NIC,2019,6408921567.99106
NIC,2020,6186656366.19659
NIC,2021,6560868919.42874
NIC,2022,7248286984.19969
NIC,2023,8279431993.91326
NIC,2024,9225632211.40063
NIC,2025,10050295178.3379
NLD,2010,586410881750.001
NLD,2011,629073297227.628
NLD,2012,584266642055.859
NLD,2013,613148270810.59
NLD,2014,633818424690.586
NLD,2015,547255028658.984
NLD,2016,563100430854.865
NLD,2017,597152858925.883
NLD,2018,653438663637.647
NLD,2019,652561842305.881
NLD,2020,651128309240.469
NLD,2021,732256998034.872
NLD,2022,722859972402.727
NLD,2023,795448241007.857
NLD,2024,855511357739.062
NLD,2025,938417095996.077
NOR,2010,233716751688.956
NOR,2011,264234034418.952
NOR,2012,273458358401.375
NOR,2013,287049702127.66
NOR,2014,281425231420.259
NOR,2015,229143701560.401
NOR,2016,226938928571.429
NOR,2017,239596695547.048
NOR,2018,254269166922.84
NOR,2019,249379772727.273
NOR,2020,233447632533.853
NOR,2021,271757857974.389
NOR,2022,268258819450.464
NOR,2023,260808488482.172
NOR,2024,268077208220.241
NOR,2025,292173210420.843
NPL,2010,7425046620.42503
NPL,2011,10334500378.7203
NPL,2012,10414765243.3906
NPL,2013,10805231104.8993
NPL,2014,11266701118.8826
NPL,2015,12311923875.0918
NPL,2016,12653960823.8694
NPL,2017,15021705790.5453
NPL,2018,17082382708.5092
NPL,2019,17784579785.9696
NPL,2020,18033730250.66
NPL,2021,19030041461.0754
NPL,2022,21590178462.9039
NPL,2023,22729493588.6736
NPL,2024,23767200375.542
NPL,2025,24731872539.438
NZL,2010,94355676730.2634
NZL,2011,108306874285.135
NZL,2012,114718362691.496
NZL,2013,123020353487.012
NZL,2014,131959184802.146
NZL,2015,117478338185.812
NZL,2016,124036824976.941
NZL,2017,134351201084.736
NZL,2018,138644417664.662
NZL,2019,139364572181.504
NZL,2020,141058217642.008
NZL,2021,170381949356.345
NZL,2022,168320317866.239
NZL,2023,174931938673.163
OMN,2010,25957867360.2081
OMN,2011,28685305591.6775
OMN,2012,32757087126.1378
OMN,2013,35732899869.961
OMN,2014,39224187256.1768
OMN,2015,39446293888.1665
OMN,2016,40068140442.1326
OMN,2017,42063459037.7113
OMN,2018,43471521456.4369
OMN,2019,44623407022.1066
OMN,2020,41768530559.1677
OMN,2021,42925097529.2588
OMN,2022,46496488946.684
OMN,2023,48101430429.1287
OMN,2024,49297789336.801
OMN,2025,51742187592.3714
PAK,2010,103468461931.997
PAK,2011,119459020944.279
PAK,2012,129029855508.371
PAK,2013,134186336599.052
PAK,2014,139937903763.717
PAK,2015,158040561397.296
PAK,2016,165431675516.866
PAK,2017,180624417856.634
PAK,2018,188506885938.238
PAK,2019,172073208101.924
PAK,2020,161269310663.128
PAK,2021,181317551902
PAK,2022,195810052455.331
PAK,2023,171606793835.656
PAK,2024,188512002263.986
PAK,2025,207431049492.443
PAN,2010,22187183000
PAN,2011,26078900100
PAN,2012,29889033900
PAN,2013,32258987700
PAN,2014,34613301500
PAN,2015,37170444800
PAN,2016,39337643200
PAN,2017,42135247200
PAN,2018,44302112400
PAN,2019,46058350900
PAN,2020,40514389100
PAN,2021,45935273000
PAN,2022,52121186800
PAN,2023,56789208000
PAN,2024,59999400600
PAN,2025,63341900000
PER,2010,72205300650.4137
PER,2011,82030427362.8409
PER,2012,94647529976.2738
PER,2013,101625560392.894
PER,2014,105197735575.778
PER,2015,102574425197.028
PER,2016,104212900385.237
PER,2017,113793088641.946
PER,2018,119174418084.569
PER,2019,124200959492.905
PER,2020,109146048531.291
PER,2021,110312599695.817
PER,2022,122397873790.051
PER,2023,136733117404.495
PER,2024,148408065973.111
PHL,2010,112334960238.232
PHL,2011,127801722179.578
PHL,2012,145378209517.937
PHL,2013,161118058397.946
PHL,2014,168616278887.106
PHL,2015,179336873335.818
PHL,2016,189611607172.035
PHL,2017,196071778735.776
PHL,2018,207363310724.756
PHL,2019,229305211200.302
PHL,2020,222168638955.156
PHL,2021,240554971180.559
PHL,2022,247573405336.259
PHL,2023,272731500423.609
PHL,2024,291904449754.305
PHL,2025,313773695339.87
PLW,2010,145170500
PLW,2011,154680700
PLW,2012,167795200
PLW,2013,178051500
PLW,2014,193472700
PLW,2015,224996600
PLW,2016,235530900
PLW,2017,226369600
PLW,2018,225319800
PLW,2019,215839400
PLW,2020,198407000
PLW,2021,181186100
PLW,2022,187746800
PLW,2023,206910100
PLW,2024,234954900
PNG,2010,6290867298.64443
PNG,2011,8457204477.49234
PNG,2012,10562867336.5175
PNG,2013,10736755327.4434
PNG,2014,10323131204.586
PNG,2015,9402123130.5167
PNG,2016,9015716579.70609
PNG,2017,9438701914.33234
PNG,2018,10041083260.9931
PNG,2019,10354713305.0611
PNG,2020,10500728213.5646
PNG,2021,11124891101.5022
PNG,2022,12331416758.7796
PNG,2023,12951311906.5707
PNG,2024,12926590932.105
POL,2010,264538188571.618
POL,2011,286591819762.607
POL,2012,275650060708.568
POL,2013,294020756073.893
POL,2014,301997247143.959
POL,2015,265468099217.403
POL,2016,260589030641.554
POL,2017,296254127381.736
POL,2018,335522135316.804
POL,2019,342473449454.664
POL,2020,345953172108.871
POL,2021,389051636705.53
POL,2022,398038625545.336
POL,2023,472855760839.958
POL,2024,542836627636.461
POL,2025,618602905161.104
PRT,2010,157349132194.917
PRT,2011,162650972119.329
PRT,2012,143762629716.861
PRT,2013,151588289184.221
PRT,2014,152559895415.056
PRT,2015,130242358625.436
PRT,2016,134947499701.877
PRT,2017,144144952565.264
PRT,2018,157648437633.095
PRT,2019,157482648718.141
PRT,2020,150554044440.419
PRT,2021,166612247820.978
PRT,2022,170049896564.995
PRT,2023,193788392114.586
PRT,2024,207938289601.066
PRT,2025,230690389825.936
PRY,2010,12362545309.658
PRY,2011,15144559340.3833
PRY,2012,16017920026.3282
PRY,2013,18088410250.928
PRY,2014,19024241760.3439
PRY,2015,17614081442.9644
PRY,2016,17189411752.7617
PRY,2017,18703296121.3725
PRY,2018,19661907299.3539
PRY,2019,18795270352.16
PRY,2020,17062234266.2801
PRY,2021,18773825294.9106
PRY,2022,19942953667.0526
PRY,2023,20729399026.5177
PRY,2024,21661526701.8025
PRY,2025,23689670856.8319
PSE,2010,5586100000
PSE,2011,6736000000
PSE,2012,7322300000
PSE,2013,8213200000
PSE,2014,8593500000
PSE,2015,8618600000
PSE,2016,9390600000
PSE,2017,9514900000
PSE,2018,9762300000
PSE,2019,10470200000
PSE,2020,9404700000
PSE,2021,10879000000
PSE,2022,11179400000
PSE,2023,10957500000
PSE,2024,9643600000
QAT,2010,42211813186.8132
QAT,2011,47911813186.8132
QAT,2012,53215419752.7473
QAT,2013,60259025082.4176
QAT,2014,67746452829.6703
QAT,2015,74510761401.0989
QAT,2016,77046723873.6264
QAT,2017,76200434120.8791
QAT,2018,79003462362.6374
QAT,2019,81932440357.1429
QAT,2020,76168138928.5714
QAT,2021,80463901510.989
QAT,2022,90845759560.4396
QAT,2023,96448987252.7473
QAT,2024,98082142857.1429
QAT,2025,101335000000
ROU,2010,78223134774.5366
ROU,2011,81546430370.8447
ROU,2012,88545556772.9658
ROU,2013,95949057623.7328
ROU,2014,101691132890.936
ROU,2015,93578272981.7531
ROU,2016,102123703218.111
ROU,2017,119598878912.037
ROU,2018,137281729807.843
ROU,2019,145951285121.846
ROU,2020,150170758718.19
ROU,2021,169686568599.173
ROU,2022,178353652554.122
ROU,2023,211819994316.07
ROU,2024,239297386047.321
ROU,2025,264685270104.015
RUS,2010,810038995597.821
RUS,2011,1100656994757.5
RUS,2012,1203733017051.88
RUS,2013,1286570991700.76
RUS,2014,1146685192797.05
RUS,2015,765492860998.086
RUS,2016,727925585868.74
RUS,2017,882067482704.507
RUS,2018,885490967155.508
RUS,2019,917210245897.372
RUS,2020,841690821420.922
RUS,2021,991519647415.018
RUS,2022,1262708611264.9
RUS,2023,1175368254964.47
RUS,2024,1261700004141.81
RUS,2025,1508028539832.96
RWA,2010,3054985549.7282
RWA,2011,3297711315.96943
RWA,2012,3739279834.80618
RWA,2013,3894407899.27348
RWA,2014,4055329866.6584
RWA,2015,4249924367.60817
RWA,2016,4285746727.20671
RWA,2017,4429931271.83967
RWA,2018,4906669617.97636
RWA,2019,5352052985.38392
RWA,2020,5116088987.58132
RWA,2021,5816324605.2352
RWA,2022,6990926986.70874
RWA,2023,7452339834.71754
RWA,2024,7886971728.42933
RWA,2025,8567203162.26213
SAU,2010,203934933333.333
SAU,2011,232033600000
SAU,2012,264922133333.333
SAU,2013,293649866666.667
SAU,2014,320831200000
SAU,2015,358115200000
SAU,2016,369115466666.667
SAU,2017,381260266666.667
SAU,2018,408017866666.667
SAU,2019,436125866666.667
SAU,2020,419205333333.333
SAU,2021,450076800000
SAU,2022,498190666666.667
SAU,2023,545377066666.667
SAU,2024,587766666666.667
SAU,2025,624753600000
SDN,2010,28891859244.8276
SDN,2011,26959097928.9474
SDN,2012,18440130781.6667
SDN,2013,20780600736.9863
SDN,2014,25798226032.5843
SDN,2015,27518635616.1616
SDN,2016,21954643641.3333
SDN,2017,21013361549.0476
SDN,2018,18527256159.2138
SDN,2019,18756085915.7025
SDN,2020,15707098968.75
SDN,2021,19613511393.0708
SDN,2022,26556773936.6315
SDN,2023,16513066389.9754
SDN,2024,27154248348.3052
SDN,2025,22256002800.892
SEN,2010,8451932305.75499
SEN,2011,9577617027.57729
SEN,2012,9490241318.28523
SEN,2013,9968860465.4617
SEN,2014,10613017127.2597
SEN,2015,9142784248.49435
SEN,2016,9894889369.21396
SEN,2017,10927566348.9964
SEN,2018,12060627813.0232
SEN,2019,11925457697.4473
SEN,2020,12393991407.0704
SEN,2021,13904574350.1926
SEN,2022,13835111479.8934
SEN,2023,15221308019.3993
SEN,2024,15787530089.4847
SEN,2025,17145481524.0575
SGP,2010,162694168277.707
SGP,2011,192820581725.204
SGP,2012,204229736347.661
SGP,2013,217648125949.013
SGP,2014,221491811688.568
SGP,2015,215447856999.982
SGP,2016,227292395620.558
SGP,2017,243055705414.849
SGP,2018,262674501535.391
SGP,2019,267275858075.091
SGP,2020,253412811960.497
SGP,2021,310039650669.193
SGP,2022,368457575324.571
SGP,2023,371912848617.817
SGP,2024,419052141355.587
SGP,2025,432314964243.375
SLB,2010,435177452.392901
SLB,2011,490508174.111099
SLB,2012,565421416.648867
SLB,2013,645263830.372898
SLB,2014,642567934.110201
SLB,2015,668240255.555209
SLB,2016,685031868.410183
SLB,2017,724933026.007336
SLB,2018,777918882.163545
SLB,2019,796168509.576004
SLB,2020,747120265.351322
SLB,2021,736149822.735773
SLB,2022,715469799.690492
SLB,2023,722407011.703166
SLB,2024,743209921.517106
SLE,2010,1971008452.05246
SLE,2011,2282392171.18148
SLE,2012,2701158208.10039
SLE,2013,3117005566.53331
SLE,2014,3209665909.10397
SLE,2015,3106993735.22459
SLE,2016,2725758210.73015
SLE,2017,2573791064.76977
SLE,2018,2806858891.0832
SLE,2019,2875797064.24515
SLE,2020,2902314106.707
SLE,2021,3114817051.70543
SLE,2022,2999815193.28856
SLE,2023,2705080353.67492
SLE,2024,2967263337.24933
SLE,2025,3104814083.77493
SLV,2010,10977020000
SLV,2011,11731900000
SLV,2012,12477530000
SLV,2013,13094830000
SLV,2014,13424840000
SLV,2015,14066000000
SLV,2016,14595290000
SLV,2017,15016510000
SLV,2018,15641490000
SLV,2019,16119460000
SLV,2020,15317120000
SLV,2021,17479540000
SLV,2022,19267100000
SLV,2023,20184630000
SLV,2024,21005140000
SLV,2025,21611110000
SMR,2015,841376910.347656
SMR,2016,872907336.875955
SMR,2017,915807676.778825
SMR,2018,932557380.125254
SMR,2019,938854910.073724
SMR,2020,894608083.61261
SMR,2021,1048398988.50541
SMR,2022,1008937167.81498
SMR,2023,1153411194.65512
SRB,2010,23036498651.0809
SRB,2011,26789591100.3717
SRB,2012,23590928156.6112
SRB,2013,25767151759.8278
SRB,2014,25510383381.0522
SRB,2015,21398641732.7041
SRB,2016,21673999812.1819
SRB,2017,23927743289.7623
SRB,2018,27738042621.8797
SRB,2019,28650118416.6493
SRB,2020,30468783411.8361
SRB,2021,35897334722.1761
SRB,2022,36260454445.8888
SRB,2023,47005685061.7695
SRB,2024,52956853124.2432
SRB,2025,59704365648.0283
SSD,2010,4900821554.08044
SSD,2011,5083007728.33724
SSD,2012,5091585796.61017
SSD,2013,12555678610.1695
SSD,2014,6381301491.52542
SSD,2015,6784810471.11703
STP,2010,122714485.324754
STP,2011,155974734.15655
STP,2012,162212682.762293
STP,2013,189507281.395332
STP,2014,212622604.593329
STP,2015,192458036.376708
STP,2016,232260298.359766
STP,2017,260903669.478812
STP,2018,314578453.792065
STP,2019,346131989.145583
STP,2020,354009698.194105
STP,2021,395688278.884878
STP,2022,425027986.272024
STP,2023,548782394.183727
STP,2024,668688971.533926
STP,2025,798678681.420009
SUR,2010,2107512264.98561
SUR,2011,2078335373.31701
SUR,2012,2373333333.33333
SUR,2013,2613030303.0303
SUR,2014,2738787878.78788
SUR,2015,2793633385.98699
SUR,2016,1893695692.31115
SUR,2017,1730685350.20482
SUR,2018,2031301582.00102
SUR,2019,2223953388.00719
SUR,2020,1510870117.46657
SUR,2021,1565780492.38579
SUR,2022,1822485133.55869
SUR,2023,1695779642.89573
SUR,2024,2245747650.61172
SVK,2010,53923445873.6668
SVK,2011,58156224536.1869
SVK,2012,55920543859.1285
SVK,2013,59947250654.8982
SVK,2014,58798650270.2563
SVK,2015,51805720947.5715
SVK,2016,53692893541.4208
SVK,2017,57306549186.726
SVK,2018,62935424193.607
SVK,2019,62082926262.996
SVK,2020,64085229066.3161
SVK,2021,72458154565.5609
SVK,2022,70198829566.3271
SVK,2023,80180829551.2583
SVK,2024,84505462073.993
SVK,2025,92420801003.8352
SVN,2010,28026850106.9167
SVN,2011,29781343373.3755
SVN,2012,26633062747.7156
SVN,2013,27273100496.764
SVN,2014,27925046631.2509
SVN,2015,24036434005.8812
SVN,2016,25075981253.9452
SVN,2017,27247575590.8424
SVN,2018,30336263790.5278
SVN,2019,30468537347.396
SVN,2020,30524047673.3682
SVN,2021,35606960019.2707
SVN,2022,34843483948.2492
SVN,2023,40076964334.538
SVN,2024,42279575696.1922
SVN,2025,46703560172.4929
SWE,2010,310156573645.435
SWE,2011,361710991892.973
SWE,2012,353492458012.706
SWE,2013,382161011344.077
SWE,2014,380814731841.91
SWE,2015,327037706402.087
SWE,2016,334316489835.406
SWE,2017,347605611780.829
SWE,2018,356715152168.215
SWE,2019,345293025500.662
SWE,2020,357297457647.219
SWE,2021,409962531208.479
SWE,2022,366236402314.512
SWE,2023,379034482850.539
SWE,2024,402085085567.205
SWE,2025,448414108951.38
SWZ,2010,2111496619.00705
SWZ,2011,2327757917.0851
SWZ,2012,2264860902.64165
SWZ,2013,2174473881.8708
SWZ,2014,2106900421.42679
SWZ,2015,1922273373.44955
SWZ,2016,1893132761.97447
SWZ,2017,2268892080.6638
SWZ,2018,2409622570.8265
SWZ,2019,2369187143.54327
SWZ,2020,2190651693.57416
SWZ,2021,2531309144.32268
SWZ,2022,2410144372.88488
SWZ,2023,2398120913.26177
SWZ,2024,2495687730.66163
SWZ,2025,2705776295.84255
SYC,2010,604313038.454453
SYC,2011,632150777.091926
SYC,2012,661229845.437448
SYC,2013,857494386.745414
SYC,2014,899657112.364893
SYC,2015,963238519.06932
SYC,2016,1074151281.9506
SYC,2017,1160598532.72041
SYC,2018,1248086239.22867
SYC,2019,1325704216.77088
SYC,2020,958213748.130377
SYC,2021,1067685047.32389
SYC,2022,1403136120.15026
SYC,2023,1496980249.33602
SYC,2024,1535862189.2424
SYC,2025,1621409883.67355
SYR,2010,30777987721.3443
SYR,2011,30811406894.3032
SYR,2012,22251172114.383
SYR,2013,11044080651.0715
SYR,2014,11534704831.01
SYR,2015,8460378155.47069
SYR,2016,6248075888.32438
SYR,2017,6901121223.43678
SYR,2018,9135303795.53296
SYR,2019,9788148523.86802
SYR,2020,5424730103.93037
SYR,2021,5913894900.36086
SYR,2022,10615874896.0424
TCD,2010,3723255775.34689
TCD,2011,4892087209.60812
TCD,2012,4925410051.22142
TCD,2013,4872781680.83805
TCD,2014,5290374521.83241
TCD,2015,4441050022.82956
TCD,2016,4344776290.38328
TCD,2017,4330417238.75594
TCD,2018,4719394573.94109
TCD,2019,4632525997.59547
TCD,2020,4794822973.50159
TCD,2021,5183278634.67607
TCD,2022,5053999151.67011
TCD,2023,5560818026.28634
TCD,2024,6179071582.41046
TCD,2025,7277511134.56844
TGO,2010,2402764323.08344
TGO,2011,2757376739.81038
TGO,2012,2822536697.21362
TGO,2013,3094013288.82162
TGO,2014,3098471469.78051
TGO,2015,2830018427.68003
TGO,2016,3056921760.68902
TGO,2017,3228618284.3823
TGO,2018,3552011128.31653
TGO,2019,3582870015.10927
TGO,2020,3856042330.28564
TGO,2021,4246086115.97546
TGO,2022,4216085129.87279
TGO,2023,4787444477.73731
TGO,2024,5236197939.47837
TGO,2025,7337195444.81274
THA,2010,169038214551.325
THA,2011,186992061094.068
THA,2012,203359852359.604
THA,2013,217645387694.389
THA,2014,216492707952.039
THA,2015,220504654368.64
THA,2016,231217119329.196
THA,2017,258183081809.147
THA,2018,289132115634.227
THA,2019,317016133224.571
THA,2020,290113084520.312
THA,2021,284718094918.76
THA,2022,278366292227.766
THA,2023,302610562801.093
THA,2024,313771886513.616
THA,2025,347246915553.96
TJK,2010,2544184507.44205
TJK,2011,2767720934.28829
TJK,2012,3321796109.00461
TJK,2013,3722445984.48481
TJK,2014,3746237772.57099
TJK,2015,3240568043.73501
TJK,2016,2598282853.74266
TJK,2017,2929866187.77502
TJK,2018,2853325410.16129
TJK,2019,3077929737.64809
TJK,2020,2867396464.73503
TJK,2021,2983044252.95233
TJK,2022,3654439843.80489
TJK,2023,4249738923.5582
TJK,2024,5258488084.43953
TKM,2010,5405964912.2807
TKM,2011,5923508771.92982
TKM,2012,6878947368.42105
TKM,2013,8713333333.33333
TKM,2014,11241403508.7719
TKM,2015,11560571428.5714
TKM,2016,11718421052.6316
TKM,2017,13084924623.1156
TKM,2018,10801094890.5109
TKM,2019,12971698113.2075
TKM,2020,13303924164.2283
TKM,2021,12805313491.8849
TKM,2022,16876613856.1459
TKM,2023,18390945270.2573
TKM,2024,20997974963.1811
TKM,2025,24354492780.2814
TLS,2010,607881600
TLS,2011,698193100
TLS,2012,802246900
TLS,2013,857889800
TLS,2014,919001000
TLS,2015,1013476200
TLS,2016,1086619600
TLS,2017,1094257500
TLS,2018,1066358800
TLS,2019,1122674900
TLS,2020,1045158600
TLS,2021,1103796800
TLS,2022,1165418400
TLS,2023,1268643200
TLS,2024,1336345100
TON,2010,196629549.581869
TON,2011,214360142.724817
TON,2012,244220299.103445
TON,2013,244988876.859889
TON,2014,238442646.24332
TON,2015,233470450.009624
TON,2016,219072807.664297
TON,2017,232669915.67154
TON,2018,249816116.810041
TON,2019,252195897.91533
TON,2020,265242774.593998
TON,2021,263224747.192059
TON,2022,275072928.327092
TON,2023,295504911.454924
TON,2024,320736825.611311
TTO,2010,10084184664.1868
TTO,2011,10932674249.5008
TTO,2012,13250488202.7708
TTO,2013,14475104479.8637
TTO,2014,15499825217.1328
TTO,2015,15701361894.0008
TTO,2016,14287128501.3106
TTO,2017,14114252871.6982
TTO,2018,13659731424.1803
TTO,2019,14154113415.0005
TTO,2020,13101006805.9012
TTO,2021,13290348389.3687
TTO,2022,14482031791.2199
TTO,2023,15105607411.979
TTO,2024,15170385235.9431
TUN,2010,25828140282.2412
TUN,2011,27350451028.319
TUN,2012,27012303027.354
TUN,2013,28249083807.1767
TUN,2014,28909302428.3211
TUN,2015,26985076148.6013
TUN,2016,26483950665.5624
TUN,2017,25411079078.7067
TUN,2018,25381025945.0135
TUN,2019,25118958245.0852
TUN,2020,25575797960.2881
TUN,2021,28022302643.0443
TUN,2022,27438136357.7781
TUN,2023,29932196176.1876
TUN,2024,32187806722.5539
TUN,2025,36048855369.4187
TUR,2010,427726087251.613
TUR,2011,448911327587.905
TUR,2012,478875990881.965
TUR,2013,513454466510.625
TUR,2014,507250042585.429
TUR,2015,461868579405.436
TUR,2016,467144995803.168
TUR,2017,462706247250.306
TUR,2018,430557168340.454
TUR,2019,438612883315.453
TUR,2020,400368974910.128
TUR,2021,446808403409.199
TUR,2022,483223513220.85
TUR,2023,620288121460.243
TUR,2024,781785352675.243
TUR,2025,949181342207.859
TZA,2010,13866777765.9273
TZA,2011,14349801882.6645
TZA,2012,16102610647.6191
TZA,2013,18380763774.4186
TZA,2014,20642366344.9102
TZA,2015,19170000834.0388
TZA,2016,19635301943.1819
TZA,2017,20223960054.4266
TZA,2018,21229778142.4081
TZA,2019,22477673713.1742
TZA,2020,22620266244.9732
TZA,2021,22999800012.6406
TZA,2022,23211342839.8257
TZA,2023,22679851091.6496
TZA,2024,23424512777.0423
TZA,2025,25921550095.0505
UGA,2010,11945936102.8959
UGA,2011,12758783058.7868
UGA,2012,12135874164.8654
UGA,2013,12878307348.6074
UGA,2014,14364440820.2453
UGA,2015,14347137774.5999
UGA,2016,12976037863.195
UGA,2017,13367235876.5766
UGA,2018,14270208402.5768
UGA,2019,15201148429.591
UGA,2020,16107247285.0764
UGA,2021,16960251775.8415
UGA,2022,18978936777.8568
UGA,2023,20732917288.5385
UGA,2024,23258328898.807
UGA,2025,26090652926.6782
UKR,2010,78356008885.9889
UKR,2011,90594200510.2439
UKR,2012,99467415272.8015
UKR,2013,107903665707.494
UKR,2014,72304253028.5423
UKR,2015,46579311831.1821
UKR,2016,46597880173.3013
UKR,2017,57119882138.345
UKR,2018,67189409662.1488
UKR,2019,83843978173.6063
UKR,2020,87377052877.7049
UKR,2021,103689269322.293
UKR,2022,99975443924.8017
UKR,2023,110929083457.758
UKR,2024,115245378427.814
UKR,2025,130657102216.167
URY,2010,24433681262.1593
URY,2011,29345086963.9594
URY,2012,32180912706.8042
URY,2013,36252286534.3385
URY,2014,36341574927.3263
URY,2015,34219126112.6621
URY,2016,36511199763.9461
URY,2017,42487384608.9467
URY,2018,42298036162.951
URY,2019,40371875465.7978
URY,2020,34609516412.0917
URY,2021,38495828440.5255
URY,2022,45537745266.5017
URY,2023,52082953273.365
URY,2024,53560261714.7625
URY,2025,55620645520.6588
USA,2010,11478931620000
USA,2011,11840427051000
USA,2012,12379642957000
USA,2013,12769842707000
USA,2014,13308249200000
USA,2015,13971736585000
USA,2016,14477436424000
USA,2017,15003964723000
USA,2018,15756152124000
USA,2019,16502075586000
USA,2020,16456124708000
USA,2021,18092318398000
UZB,2010,23892107124.4817
UZB,2011,28658527822.7083
UZB,2012,31937327039.6986
UZB,2013,36202211929.6012
UZB,2014,39102244266.3111
UZB,2015,41140183122.8667
UZB,2016,41096081546.1801
UZB,2017,28593627918.0747
UZB,2018,23409029245.3015
UZB,2019,27248086977.3093
UZB,2020,27171466905.8949
UZB,2021,31915634090.5617
UZB,2022,39584503840.9305
UZB,2023,47915097068.3315
UZB,2024,56218638319.1542
UZB,2025,68357143087.4742
VCT,2010,460728814.814815
VCT,2011,465283814.814815
VCT,2012,481354851.851852
VCT,2013,503231851.851852
VCT,2014,504259259.259259
VCT,2015,509070370.37037
VCT,2016,518896296.296296
VCT,2017,535651851.851852
VCT,2018,561155555.555555
VCT,2019,586225925.925926
VCT,2020,546551851.851852
VCT,2021,575003703.703704
VCT,2022,641692592.592593
VCT,2023,711811111.111111
VCT,2024,768407407.407407
VCT,2025,832959259.259259
VEN,2010,0
VEN,2011,0
VNM,2010,59803968227.8453
VNM,2011,67151580864.1792
VNM,2012,76512797994.7619
VNM,2013,86641848072.4449
VNM,2014,95536767313.9446
VNM,2015,100950287482.157
VNM,2016,110177180134.005
VNM,2017,119802403313.103
VNM,2018,130774748378.138
VNM,2019,142000659792.271
VNM,2020,144993385696.543
VNM,2021,151198101534.191
VNM,2022,170073351939.692
VNM,2023,183414159803.765
VNM,2024,201743453946.009
VNM,2025,220001361869.227
VUT,2010,414020485.227138
VUT,2011,488190529.369744
VUT,2012,478110916.20564
VUT,2013,528926144.326626
VUT,2014,526085536.369742
VUT,2015,499875368.347388
VUT,2016,546015210.878083
VUT,2017,585749509.095334
VUT,2018,596523396.723097
VUT,2019,635765803.063648
VUT,2020,585838100.190674
VUT,2021,645942303.739065
VUT,2022,670943839.731077
VUT,2023,688936929.373491
VUT,2024,736785129.861956
WLD,2010,42371795833435.8
WLD,2011,46556985506256
WLD,2012,47710466614287.4
WLD,2013,49196848018582.9
WLD,2014,50716324631529.3
WLD,2015,48850418338160.2
WLD,2016,50125660666048.9
WLD,2017,52978755435670.6
WLD,2018,56136515860626.8
WLD,2019,57636358180785.2
WLD,2020,56502083257546
WLD,2021,63328666068886
WLD,2022,64045424007861.8
WLD,2023,67673706177642.7
WLD,2024,70688768235338.6
WSM,2010,463154843.974669
WSM,2011,524661423.919076
WSM,2012,532054929.777619
WSM,2013,544116491.121189
WSM,2014,536527180.45778
WSM,2015,571623981.901946
WSM,2016,570868208.660852
WSM,2017,593280152.137081
WSM,2018,611173252.710745
WSM,2019,629749047.262721
WSM,2020,603388885.614639
WSM,2021,602385482.412207
WSM,2022,642399326.93998
WSM,2023,739141541.213361
WSM,2024,815535295.268069
WSM,2025,928492811.501024
YEM,2010,10250391374.8349
YEM,2011,10845793630.9635
YEM,2012,13898991955.9499
YEM,2013,15891512749.3136
YEM,2014,16614979463.4464
YEM,2015,17796084732.2178
YEM,2016,14095156887.2991
YEM,2017,11572998243.7199
YEM,2018,9033938045.9594
ZAF,2010,268261693143.576
ZAF,2011,294815626778.304
ZAF,2012,279339146968.903
ZAF,2013,256782495450.871
ZAF,2014,244012188927.004
ZAF,2015,222249906162.015
ZAF,2016,206814506071.195
ZAF,2017,245387645989.98
ZAF,2018,260392886041.527
ZAF,2019,250523382628.434
ZAF,2020,218366282577.333
ZAF,2021,263518415219.548
ZAF,2022,253818048994.449
ZAF,2023,239241791403.951
ZAF,2024,252689982463.528
ZAF,2025,269407638208.798
ZMB,2010,10701523691.3969
ZMB,2011,11820221634.744
ZMB,2012,13566004176.9471
ZMB,2013,14898328170.4493
ZMB,2014,14523817904.143
ZMB,2015,11947522110.972
ZMB,2016,11355793216.8212
ZMB,2017,13478564076.7008
ZMB,2018,14272556840.5596
ZMB,2019,12727408805.2754
ZMB,2020,9737394756.99344
ZMB,2021,11255222989.6295
ZMB,2022,16195980361.7916
ZMB,2023,15668902511.3672
ZMB,2024,14470459874.5438
ZMB,2025,16470986787.4392
ZWE,2010,6967500000
ZWE,2011,8168500000
ZWE,2012,9432500000
ZWE,2013,11140750000
ZWE,2014,11233500000
ZWE,2015,11714500000
ZWE,2016,12419750000
ZWE,2017,28040836653.3865
ZWE,2018,19114093137.2549
ZWE,2019,11587631781.9491
ZWE,2020,11184902939.1128
ZWE,2021,15556450430.0287
ZWE,2022,11681391651.8552
ZWE,2023,17779293914.0038
ZWE,2024,21003706282.2838
ZWE,2025,24671481393.4837
