# World Bank Open Data NY.GDP.TOTL.RT.ZS, last updated 2026-07-13, CC BY 4.0
iso3,year,value
AFG,2010,0.62533261319642
AFG,2011,0.836389660299977
AFG,2012,0.684675468598181
AFG,2013,0.603571665401867
AFG,2014,0.542756499666634
AFG,2015,0.469916949251438
AFG,2016,0.617409905168126
AFG,2017,0.702981728943138
AFG,2018,0.855264249305936
AFG,2019,0.682287828246046
AFG,2020,0.305978171646739
AFG,2021,0.428525449642917
AGO,2010,38.1623101146694
AGO,2011,39.0226784952754
AGO,2012,34.7310076331615
AGO,2013,29.4000452272015
AGO,2014,22.124247625088
AGO,2015,13.3056748880613
AGO,2016,20.8851202682195
AGO,2017,25.9503299089307
AGO,2018,32.045405604301
AGO,2019,28.8978590593907
AGO,2020,20.2476653863539
AGO,2021,29.9674348417559
ALB,2010,1.52816814295294
ALB,2011,2.89849835443056
ALB,2012,3.23145242472225
ALB,2013,3.32799084447126
ALB,2014,3.41690043441322
ALB,2015,1.73486186826951
ALB,2016,1.05848104238626
ALB,2017,1.34604237945034
ALB,2018,1.71111628143642
ALB,2019,1.63497378546365
ALB,2020,0.775369617467959
ALB,2021,1.44260146706838
AND,2010,0
AND,2011,0
AND,2012,0
AND,2013,0
AND,2014,0
AND,2015,0
AND,2016,0
AND,2017,0
AND,2018,0
AND,2019,0
AND,2020,0
AND,2021,0
ARE,2010,23.7768704858008
ARE,2011,29.7789568323524
ARE,2012,28.2144669709365
ARE,2013,27.3813114030779
ARE,2014,23.9739257701595
ARE,2015,14.0468089597238
ARE,2016,11.8055195768229
ARE,2017,14.3278424370326
ARE,2018,18.1866824883602
ARE,2019,16.8958990035406
ARE,2020,11.9722335248016
ARE,2021,17.634095847399
ARG,2010,3.25709519384359
ARG,2011,3.88650404225898
ARG,2012,3.62564790864033
ARG,2013,3.15558730477948
ARG,2014,2.96561619466374
ARG,2015,1.11677493458146
ARG,2016,0.929681521135013
ARG,2017,1.02056616793198
ARG,2018,2.0371251352841
ARG,2019,2.16668838721926
ARG,2020,1.42962432529499
ARG,2021,2.65308888983975
ARM,2010,2.65466288053785
ARM,2011,2.92345860143158
ARM,2012,1.49013408946162
ARM,2013,1.09715390175807
ARM,2014,0.306948916876512
ARM,2015,0.760031512473456
ARM,2016,0.22181770783942
ARM,2017,0.245815847777951
ARM,2018,1.09866113638474
ARM,2019,2.20100166948291
ARM,2020,2.42190551071811
ARM,2021,7.05429982361028
ATG,2010,0
ATG,2011,0
ATG,2012,0
ATG,2013,0
ATG,2014,0
ATG,2015,0
ATG,2016,0
ATG,2017,0
ATG,2018,0
ATG,2019,0
ATG,2020,0
ATG,2021,0
AUS,2010,8.06660025617252
AUS,2011,8.72352035944917
AUS,2012,5.29813880381044
AUS,2013,5.32011574075874
AUS,2014,4.76093943711509
AUS,2015,3.23765474517452
AUS,2016,4.08098789525561
AUS,2017,5.06804774011339
AUS,2018,5.22752063881788
AUS,2019,5.74886126457436
AUS,2020,6.09315865556076
AUS,2021,13.3578752832739
AUT,2010,0.216291377827594
AUT,2011,0.244690493569111
AUT,2012,0.238508218256069
AUT,2013,0.218675365631407
AUT,2014,0.191846540562628
AUT,2015,0.134711076032329
AUT,2016,0.111042441021613
AUT,2017,0.121957004315667
AUT,2018,0.140755073164382
AUT,2019,0.110022913288221
AUT,2020,0.07085049948111
AUT,2021,0.117855774382781
AZE,2010,27.8844974121657
AZE,2011,32.878647863762
AZE,2012,29.0119697503912
AZE,2013,25.5323883349298
AZE,2014,22.5181229967843
AZE,2015,14.4439997922585
AZE,2016,14.7854023448198
AZE,2017,19.6746501247433
AZE,2018,27.6209320144449
AZE,2019,23.4349054129318
AZE,2020,13.0027347945894
AZE,2021,29.9383945565987
BDI,2010,23.8533757417192
BDI,2011,24.9891589486881
BDI,2012,17.5501999315408
BDI,2013,17.7328553188701
BDI,2014,17.4547483367972
BDI,2015,15.5344531520944
BDI,2016,19.1016499815056
BDI,2017,18.5076749744059
BDI,2018,13.4317629933204
BDI,2019,13.1274376353104
BDI,2020,13.8475521568267
BDI,2021,13.9570339894077
BEL,2010,0.046971721948549
BEL,2011,0.0658456068279226
BEL,2012,0.0633726115847057
BEL,2013,0.0591221259863187
BEL,2014,0.0681065559752469
BEL,2015,0.0352518039794327
BEL,2016,0.0303780062977737
BEL,2017,0.0371502006793434
BEL,2018,0.0484487814693338
BEL,2019,0.0422427798272169
BEL,2020,0.0284876381171316
BEL,2021,0.0448914290094104
BEN,2010,3.42232994008176
BEN,2011,3.47893234434337
BEN,2012,3.92162835813785
BEN,2013,3.56116585676154
BEN,2014,3.70461552370497
BEN,2015,4.30030313599698
BEN,2016,4.4537224695981
BEN,2017,4.09835325309901
BEN,2018,2.60830727598415
BEN,2019,2.46799590195586
BEN,2020,2.42798483756811
BEN,2021,2.30442028320417
BFA,2010,11.0860921412972
BFA,2011,13.6361933357251
BFA,2012,12.4016028413011
BFA,2013,10.7523406528446
BFA,2014,10.3109055603822
BFA,2015,11.6328502278275
BFA,2016,12.6155172354896
BFA,2017,12.3099089646115
BFA,2018,8.87619594401664
BFA,2019,8.32797318460633
BFA,2020,9.17782687692865
BFA,2021,20.1354014379911
BGD,2010,1.41590969915937
BGD,2011,1.58942506825245
BGD,2012,1.55456977469424
BGD,2013,1.15168388504547
BGD,2014,1.0471807482358
BGD,2015,0.899813880185078
BGD,2016,0.716140756665905
BGD,2017,0.710420009979719
BGD,2018,0.649238822939078
BGD,2019,0.637717563815013
BGD,2020,0.560867699425496
BGD,2021,0.610069177584654
BGR,2010,1.67975403719023
BGR,2011,2.14267004784609
BGR,2012,1.60464880529568
BGR,2013,1.1076323174832
BGR,2014,0.784766836474764
BGR,2015,0.6587242316101
BGR,2016,0.526340830586215
BGR,2017,0.749247066231762
BGR,2018,0.678372706778028
BGR,2019,0.580269555247755
BGR,2020,0.618935967577506
BGR,2021,0.917744335906696
BHR,2010,20.4621165633706
BHR,2011,26.9949431372074
BHR,2012,23.5822213574272
BHR,2013,24.5336335455131
BHR,2014,22.4113282575127
BHR,2015,12.6346752292951
BHR,2016,9.6486154919148
BHR,2017,11.1603274625829
BHR,2018,14.7513564173951
BHR,2019,13.3637839937888
BHR,2020,10.7041414154858
BHR,2021,16.6400337175308
BHS,2010,0.015294777644818
BHS,2011,0.0133672662693222
BHS,2012,0.0123502671887337
BHS,2013,0.0157205965291449
BHS,2014,0.0177506910216208
BHS,2015,0.0142629231307782
BHS,2016,0.0174296477466322
BHS,2017,0.017196510578808
BHS,2018,0.0131261113776456
BHS,2019,0.0121899442192584
BHS,2020,0.0192026251424872
BHS,2021,0.0147540061086709
BIH,2010,2.72228942887324
BIH,2011,3.52625270170032
BIH,2012,2.2205854902667
BIH,2013,1.76161048085692
BIH,2014,1.23632273750299
BIH,2015,1.0186279504412
BIH,2016,1.04695668588363
BIH,2017,1.28162139967933
BIH,2018,1.05259180342277
BIH,2019,0.800756928062343
BIH,2020,0.7812488464624
BIH,2021,0.813398711441269
BLR,2010,1.2135788388197
BLR,2011,1.6541017837394
BLR,2012,1.72782026745452
BLR,2013,1.43580105606
BLR,2014,1.32461564136151
BLR,2015,1.16867046065759
BLR,2016,1.24276957113325
BLR,2017,1.56417583319201
BLR,2018,1.98128406238056
BLR,2019,1.66960534709783
BLR,2020,1.52063831654103
BLR,2021,1.86330240223309
BLZ,2010,4.21853544863999
BLZ,2011,5.75130266465738
BLZ,2012,3.9491024337509
BLZ,2013,2.7478714589422
BLZ,2014,2.06063048735068
BLZ,2015,0.832694636763692
BLZ,2016,0.707884094800211
BLZ,2017,0.740544655771488
BLZ,2018,0.796890251194486
BLZ,2019,0.584709328866043
BLZ,2020,0.478914006262091
BLZ,2021,0.523036536890701
BOL,2010,9.16161212209317
BOL,2011,14.001095606139
BOL,2012,12.3531411069095
BOL,2013,11.9598682861297
BOL,2014,10.5328802221264
BOL,2015,4.11807754841214
BOL,2016,2.97275312620724
BOL,2017,5.01456692473101
BOL,2018,5.37166725772886
BOL,2019,4.09529358747088
BOL,2020,2.7203797976672
BOL,2021,9.46769419569564
BRA,2010,3.64871282999395
BRA,2011,4.33686638966397
BRA,2012,3.85552495977285
BRA,2013,3.78686028400519
BRA,2014,3.28623279487755
BRA,2015,2.35832735012319
BRA,2016,2.43013532231265
BRA,2017,2.73375767842298
BRA,2018,3.61759120230309
BRA,2019,3.21717303299592
BRA,2020,3.22987656043381
BRA,2021,7.94111199933246
BRB,2010,0.297144735120965
BRB,2011,0.478258261538397
BRB,2012,0.455018922008083
BRB,2013,0.383795670096944
BRB,2014,0.327779295536994
BRB,2015,0.129202531392543
BRB,2016,0.0966644797426343
BRB,2017,0.13228226291345
BRB,2018,0.214063429251287
BRB,2019,0.230547661622418
BRB,2020,0.138343276363777
BRB,2021,0.328405869203115
BRN,2010,26.7152441963854
BRN,2011,29.6086211413466
BRN,2012,25.2092889599313
BRN,2013,21.4732323194006
BRN,2014,22.0986474634681
BRN,2015,18.8982989274798
BRN,2016,15.6737709259074
BRN,2017,17.1505902720615
BRN,2018,22.5076667399112
BRN,2019,20.8493177212138
BRN,2020,13.7524545777569
BRN,2021,24.2800139399884
BTN,2010,5.30448103550043
BTN,2011,4.92099178553179
BTN,2012,4.25283283104005
BTN,2013,3.47642434931993
BTN,2014,3.4188576402575
BTN,2015,4.0282954127605
BTN,2016,4.43640193256866
BTN,2017,3.36403341231926
BTN,2018,1.98850743903733
BTN,2019,2.1900698281611
BTN,2020,2.79203234949683
BTN,2021,2.73325446048629
BWA,2010,2.10519505915873
BWA,2011,1.89428505199175
BWA,2012,2.25863530970605
BWA,2013,1.42514080375562
BWA,2014,0.927757760163875
BWA,2015,0.804774555171728
BWA,2016,0.762292638118151
BWA,2017,0.880112468848718
BWA,2018,0.869694754311434
BWA,2019,0.656053805525875
BWA,2020,0.675042393475679
BWA,2021,1.03853443914101
CAF,2010,7.89856275992667
CAF,2011,8.45049853159435
CAF,2012,9.16768384336065
CAF,2013,13.29568815319
CAF,2014,11.2660722533116
CAF,2015,12.6926233912315
CAF,2016,13.0582628938186
CAF,2017,13.4175903775497
CAF,2018,11.1787424768372
CAF,2019,9.81112301862311
CAF,2020,9.88532886509892
CAF,2021,10.2601957578803
CAN,2010,2.12754227247051
CAN,2011,2.59347020768665
CAN,2012,1.44307674491624
CAN,2013,1.71420267216183
CAN,2014,1.68853293506066
CAN,2015,0.332933838108915
CAN,2016,0.786494936523475
CAN,2017,1.19690470285221
CAN,2018,1.79820431653194
CAN,2019,1.93317583033348
CAN,2020,1.24181874632923
CAN,2021,4.94905581435186
CHE,2010,0.0153502739851764
CHE,2011,0.0129731788701895
CHE,2012,0.0116054102262085
CHE,2013,0.0122925706275075
CHE,2014,0.0133939110821008
CHE,2015,0.0106918477707141
CHE,2016,0.0105099534065671
CHE,2017,0.00979558760538153
CHE,2018,0.0130088671838284
CHE,2019,0.0091832516564973
CHE,2020,0.00802785319765779
CHE,2021,0.00910740311945595
CHL,2010,11.9881628362203
CHL,2011,12.1645185437385
CHL,2012,9.05442637303188
CHL,2013,7.66232423505302
CHL,2014,6.87780503013052
CHL,2015,4.04461870413776
CHL,2016,3.20569572328577
CHL,2017,5.30261792520974
CHL,2018,5.83707726201581
CHL,2019,2.56889266052365
CHL,2020,5.48716936741024
CHL,2021,16.9044168802743
CHN,2010,6.2867264165298
CHN,2011,7.68520289897261
CHN,2012,4.0884931932087
CHN,2013,2.98307168349706
CHN,2014,2.31013480472694
CHN,2015,1.17476659078236
CHN,2016,1.0524740832802
CHN,2017,1.31423766724865
CHN,2018,1.42518421392494
CHN,2019,1.26691367576973
CHN,2020,0.863774740928771
CHN,2021,1.70756488252672
CIV,2010,4.33013803473931
CIV,2011,5.53239950172039
CIV,2012,5.36757176448081
CIV,2013,4.15503587681362
CIV,2014,3.41935511091434
CIV,2015,3.07259669730878
CIV,2016,3.23053071841614
CIV,2017,3.38876801583982
CIV,2018,3.10996909544373
CIV,2019,2.95827158248838
CIV,2020,2.59163858078542
CIV,2021,4.73502206212113
CMR,2010,6.92041886170631
CMR,2011,8.16416608406496
CMR,2012,8.40581417479506
CMR,2013,7.33302882488587
CMR,2014,7.03590731300358
CMR,2015,5.63563339959601
CMR,2016,5.36737216526029
CMR,2017,6.08352640758934
CMR,2018,6.10463986256462
CMR,2019,5.55584424286198
CMR,2020,4.34202268521826
CMR,2021,5.52598268395679
COD,2010,25.9608846428413
COD,2011,28.8830474855316
COD,2012,27.1229704627568
COD,2013,25.746219512295
COD,2014,24.5568779878184
COD,2015,20.1093927301662
COD,2016,20.5721227000572
COD,2017,24.7656558437341
COD,2018,18.4167757889728
COD,2019,12.7500585788424
COD,2020,15.9281973313702
COD,2021,38.8272665239082
COG,2010,43.9398414162223
COG,2011,51.8437302128778
COG,2012,41.3573491386651
COG,2013,33.1448495573332
COG,2014,27.6582312920434
COG,2015,15.885704604199
COG,2016,17.0000392659621
COG,2017,29.8063807729514
COG,2018,42.6682046537325
COG,2019,39.2430391553175
COG,2020,26.2181324216101
COG,2021,37.7125480946685
COL,2010,6.70109253013503
COL,2011,9.86049155221695
COL,2012,8.29683079092449
COL,2013,7.3843393604104
COL,2014,6.53057789835517
COL,2015,3.70587614553491
COL,2016,3.09947714544169
COL,2017,3.72823321108347
COL,2018,4.940258188938
COL,2019,4.30433092902696
COL,2020,2.55119417609951
COL,2021,5.32396445388134
COM,2010,1.59344239758779
COM,2011,1.63354218561465
COM,2012,1.91653686564634
COM,2013,1.84106336379863
COM,2014,1.97695678379704
COM,2015,2.46576426845081
COM,2016,2.50675650816682
COM,2017,2.36385311111587
COM,2018,1.55194278873705
COM,2019,1.48652356146246
COM,2020,1.59920965443734
COM,2021,1.62843413378353
CPV,2010,33.2873704914624
CPV,2011,40.1340983255841
CPV,2012,25.055847063546
CPV,2013,16.5579387748728
CPV,2014,12.0093542433174
CPV,2015,9.49812397150104
CPV,2016,10.1923207968108
CPV,2017,12.3203094483764
CPV,2018,14.343668170972
CPV,2019,13.1611296712207
CPV,2020,11.5827986817016
CPV,2021,17.6577234520724
CRI,2010,1.62716715850808
CRI,2011,1.26384990129987
CRI,2012,1.2425772572914
CRI,2013,1.34122901696494
CRI,2014,1.387670718648
CRI,2015,1.13397448273593
CRI,2016,1.23322083330008
CRI,2017,1.13383955527767
CRI,2018,0.945537295658598
CRI,2019,0.759689840900586
CRI,2020,0.904748239780319
CRI,2021,0.763407374189705
CUB,2010,2.69060313010367
CUB,2011,2.92694825350704
CUB,2012,2.18752036209115
CUB,2013,1.71188160483376
CUB,2014,1.66734771791981
CUB,2015,0.693800859230045
CUB,2016,0.469100172114536
CUB,2017,0.66367803344131
CUB,2018,1.10185419907902
CUB,2019,0.920750895009186
CUB,2020,0.565351678337536
CYP,2010,0.0445722498723438
CYP,2011,0.0717517642796192
CYP,2012,0.072728856527206
CYP,2013,0.0449091633428491
CYP,2014,0.0348718589179378
CYP,2015,0.0198578971713362
CYP,2016,0.00147131380581406
CYP,2017,0.0053914863858221
CYP,2018,0.00469231201910547
CYP,2019,0.00361325176711909
CYP,2020,0.0079310862289615
CYP,2021,0.0127645649104764
CZE,2010,0.965734444102689
CZE,2011,1.07008711032612
CZE,2012,0.640579925432997
CZE,2013,0.382852117100547
CZE,2014,0.345428962074698
CZE,2015,0.314061907144002
CZE,2016,0.310276297011828
CZE,2017,0.372292874562504
CZE,2018,0.389418621280193
CZE,2019,0.399790319341053
CZE,2020,0.416571327081177
CZE,2021,0.394999591152656
DEU,2010,0.195522369883906
DEU,2011,0.228554942117436
DEU,2012,0.1648561931117
DEU,2013,0.12505562713457
DEU,2014,0.0973612592499159
DEU,2015,0.0760120087289006
DEU,2016,0.0642202510440344
DEU,2017,0.0682636663146081
DEU,2018,0.0847654608298758
DEU,2019,0.0926260316690242
DEU,2020,0.0767453976974352
DEU,2021,0.0770848993139744
DJI,2010,0.838156180608274
DJI,2011,0.888463490648047
DJI,2012,0.945907199473507
DJI,2013,0.526727088783967
DJI,2014,0.788998443214345
DJI,2015,0.662618364843773
DJI,2016,0.484424417766637
DJI,2017,0.571398008790601
DJI,2018,0.278959298930402
DJI,2019,0.358531614173272
DJI,2020,0.322148755925581
DJI,2021,0.277110490356489
DMA,2010,0.0491548799650004
DMA,2011,0.0412282999821639
DMA,2012,0.0414520814234463
DMA,2013,0.0539374373872897
DMA,2014,0.0651451844425706
DMA,2015,0.0474677077229137
DMA,2016,0.0602343950060558
DMA,2017,0.0559454272358846
DMA,2018,0.0348243046150246
DMA,2019,0.0284260300710226
DMA,2020,0.0462893309270096
DMA,2021,0.0330678676450178
DNK,2010,1.21806959470816
DNK,2011,1.63537891856148
DNK,2012,1.52209845823621
DNK,2013,1.17608346343677
DNK,2014,0.983209243067839
DNK,2015,0.521484568638432
DNK,2016,0.342477974632511
DNK,2017,0.470200711781742
DNK,2018,0.587862611976543
DNK,2019,0.446224762644461
DNK,2020,0.162332732247836
DNK,2021,0.33866438619955
DOM,2010,0.172400177111422
DOM,2011,0.340210817624619
DOM,2012,0.446840708804603
DOM,2013,1.02972097005091
DOM,2014,1.03750954514513
DOM,2015,0.535347858231712
DOM,2016,1.2819479321571
DOM,2017,1.03534454096242
DOM,2018,0.868889463505184
DOM,2019,1.05544444208182
DOM,2020,1.23931109405337
DOM,2021,2.07711318519727
DZA,2010,25.5383244245491
DZA,2011,28.5812899587159
DZA,2012,26.2525144621236
DZA,2013,24.2231338959379
DZA,2014,22.6123097835033
DZA,2015,14.9252527493911
DZA,2016,12.8191814025545
DZA,2017,15.372392970843
DZA,2018,20.7172028374976
DZA,2019,18.5236789388593
DZA,2020,14.0343770936226
DZA,2021,22.5902703479201
ECU,2010,11.7907315375663
ECU,2011,16.5773760059007
ECU,2012,14.5265186334151
ECU,2013,12.8813253368088
ECU,2014,11.5903571785583
ECU,2015,4.63202397853143
ECU,2016,3.75806780861528
ECU,2017,4.98372023451617
ECU,2018,7.0964207852671
ECU,2019,5.82070104913459
ECU,2020,2.92430668533391
ECU,2021,6.69943720189179
EGY,2010,9.45061556541184
EGY,2011,12.3388401952225
EGY,2012,10.7454978351353
EGY,2013,9.78188256424924
EGY,2014,8.43222797439408
EGY,2015,4.12906894708286
EGY,2016,3.20908060820144
EGY,2017,5.69886428656261
EGY,2018,7.59656355901849
EGY,2019,5.72496131230483
EGY,2020,3.25774327235436
EGY,2021,5.1391200748227
ERI,2010,2.52187707517148
ERI,2011,26.9562621368195
ESP,2010,0.058346056568316
ESP,2011,0.065256205028861
ESP,2012,0.0730629225763844
ESP,2013,0.0627348719312166
ESP,2014,0.0606477510711108
ESP,2015,0.0478922611851597
ESP,2016,0.0419317249195144
ESP,2017,0.0530656069147325
ESP,2018,0.0630077839936006
ESP,2019,0.0390101070611282
ESP,2020,0.0381216045324834
ESP,2021,0.115181021827658
EST,2010,1.55961226751735
EST,2011,1.78519042769438
EST,2012,1.97052610513419
EST,2013,1.79924267656066
EST,2014,1.76557781311429
EST,2015,1.44592002735328
EST,2016,1.24687276023764
EST,2017,1.73343641223467
EST,2018,2.01785330968871
EST,2019,1.80772963579084
EST,2020,1.43024326219824
EST,2021,1.72122598420606
ETH,2010,15.8199957578791
ETH,2011,17.4282532150132
ETH,2012,14.9281805721075
ETH,2013,14.0104012014584
ETH,2014,13.3844820157845
ETH,2015,12.1932229078984
ETH,2016,11.2339790417281
ETH,2017,9.87787063669115
ETH,2018,6.36887574699294
ETH,2019,5.50373971369559
ETH,2020,5.49770060254135
ETH,2021,5.86707347361267
FIN,2010,0.504266194230253
FIN,2011,0.532649114502575
FIN,2012,0.577535778021198
FIN,2013,0.498563334062492
FIN,2014,0.483087058776792
FIN,2015,0.445868402403852
FIN,2016,0.410118656271692
FIN,2017,0.453771651187102
FIN,2018,0.563372986587861
FIN,2019,0.365206984679912
FIN,2020,0.289254242774969
FIN,2021,0.448312840515242
FJI,2010,2.20907223915836
FJI,2011,1.96316771746732
FJI,2012,2.02960687281076
FJI,2013,1.35539287248447
FJI,2014,1.17576954969857
FJI,2015,1.040825064872
FJI,2016,1.01936465398214
FJI,2017,1.26650249477929
FJI,2018,1.19164257504239
FJI,2019,1.15438142466978
FJI,2020,1.45148578020456
FJI,2021,2.25290361305504
FRA,2010,0.0546571274665138
FRA,2011,0.0486924296380263
FRA,2012,0.0483609619788124
FRA,2013,0.0481698364814291
FRA,2014,0.0462251783929265
FRA,2015,0.040991340666787
FRA,2016,0.0401901593813067
FRA,2017,0.0362250443838789
FRA,2018,0.0429051117731693
FRA,2019,0.0337878193709454
FRA,2020,0.0266318650223516
FRA,2021,0.0325366370984223
FSM,2010,0.0272732816714997
FSM,2011,0.0354254343191027
FSM,2012,0.0282034652210159
FSM,2013,0.0266740121867941
FSM,2014,0.0406003278508593
FSM,2015,0.032192134954101
FSM,2016,0.0360496232316334
FSM,2017,0.0385320066214341
FSM,2018,0.0165045161037463
FSM,2019,0.0147433271606052
FSM,2020,0.0200730721927284
FSM,2021,0.0178477556025635
GAB,2010,35.6548863864577
GAB,2011,39.1459946806966
GAB,2012,40.6293332424739
GAB,2013,32.806984483505
GAB,2014,24.7540184011901
GAB,2015,12.5534347249347
GAB,2016,11.6621945364629
GAB,2017,17.699784026005
GAB,2018,21.16026297404
GAB,2019,19.1754988018892
GAB,2020,13.4988249621846
GAB,2021,18.4933440925176
GBR,2010,0.861239087184779
GBR,2011,1.07544716241254
GBR,2012,0.866071942237571
GBR,2013,0.717358769907282
GBR,2014,0.569359660800821
GBR,2015,0.337710045585096
GBR,2016,0.273025131582337
GBR,2017,0.397885220213493
GBR,2018,0.626195352812848
GBR,2019,0.540491129160741
GBR,2020,0.28397504842807
GBR,2021,0.588544260440276
GEO,2010,1.33825248615574
GEO,2011,1.89851691683121
GEO,2012,1.08428994137279
GEO,2013,0.797121774570139
GEO,2014,0.522067118215896
GEO,2015,0.53409410608162
GEO,2016,0.572435838705115
GEO,2017,0.472314027913239
GEO,2018,0.451235879680756
GEO,2019,0.603605792551493
GEO,2020,0.925523673088172
GEO,2021,1.38946631019879
GHA,2010,10.1146292384946
GHA,2011,16.0706874677608
GHA,2012,15.8226771827735
GHA,2013,10.8892140729202
GHA,2014,12.249534681472
GHA,2015,10.5635168212992
GHA,2016,8.64980290681468
GHA,2017,10.3700404312643
GHA,2018,9.7904078745383
GHA,2019,9.76736656039863
GHA,2020,8.48657958474163
GHA,2021,13.3474845007777
GIN,2010,15.2920806038969
GIN,2011,18.1995114826407
GIN,2012,16.6316633604097
GIN,2013,14.2501576757042
GIN,2014,14.9319543061707
GIN,2015,14.1138586026586
GIN,2016,18.1063644814226
GIN,2017,18.9531246230915
GIN,2018,13.7023759938136
GIN,2019,4.65794341633325
GIN,2020,4.8276880509577
GIN,2021,4.51955879028644
GMB,2010,3.03032430579774
GMB,2011,4.46743879941924
GMB,2012,5.78123297887422
GMB,2013,5.90666401996967
GMB,2014,5.2409154628157
GMB,2015,5.55888177634649
GMB,2016,6.56105812711213
GMB,2017,6.49323709656864
GMB,2018,2.72252448983926
GMB,2019,2.81390983977653
GMB,2020,3.03439304457224
GMB,2021,2.85673041093642
GNB,2010,14.9307329026999
GNB,2011,13.2487755763413
GNB,2012,17.1198567468218
GNB,2013,16.9399233052409
GNB,2014,18.6987838921976
GNB,2015,19.8714177012089
GNB,2016,18.7015046109056
GNB,2017,15.9857332638944
GNB,2018,9.88886799180997
GNB,2019,9.94740073583492
GNB,2020,11.1515860354561
GNB,2021,10.4285037712862
GNQ,2010,36.311150239718
GNQ,2011,37.6841563581666
GNQ,2012,39.0027634245776
GNQ,2013,33.3474569225038
GNQ,2014,27.1072398964958
GNQ,2015,17.5005073478909
GNQ,2016,16.4599653575836
GNQ,2017,21.9589067386853
GNQ,2018,27.8023533090755
GNQ,2019,25.4372801609757
GNQ,2020,16.6815988795919
GNQ,2021,23.500064053404
GRC,2010,0.271313475376967
GRC,2011,0.357427754438088
GRC,2012,0.234074144784244
GRC,2013,0.161354239227532
GRC,2014,0.12477838312053
GRC,2015,0.0713511198951637
GRC,2016,0.0905977627072228
GRC,2017,0.107741216363758
GRC,2018,0.107923693978732
GRC,2019,0.0704760678864166
GRC,2020,0.0388459707205932
GRC,2021,0.0875219452812631
GRD,2010,0
GRD,2011,0
GRD,2012,0
GRD,2013,0
GRD,2014,0
GRD,2015,0
GRD,2016,0
GRD,2017,0
GRD,2018,0
GRD,2019,0
GRD,2020,0
GRD,2021,0
GTM,2010,2.6452084845277
GTM,2011,2.86196592041548
GTM,2012,2.18105907544831
GTM,2013,2.18983261245163
GTM,2014,2.98111660499136
GTM,2015,1.78572375354011
GTM,2016,2.01829626064269
GTM,2017,1.50289202380162
GTM,2018,1.19385178218072
GTM,2019,1.14790981503494
GTM,2020,1.35250209053897
GTM,2021,1.92928512463796
GUY,2010,14.592203974554
GUY,2011,16.5317662843372
GUY,2012,16.5328031367272
GUY,2013,13.9424805340938
GUY,2014,10.7965827875901
GUY,2015,8.56443283798628
GUY,2016,16.0895528527279
GUY,2017,13.161642595363
GUY,2018,6.60863781746129
GUY,2019,5.96249594118667
GUY,2020,13.8985430832365
GUY,2021,33.6832711741997
HND,2010,2.36463288147641
HND,2011,1.7044807548954
HND,2012,1.63060548730794
HND,2013,1.78208817924239
HND,2014,2.2661279184441
HND,2015,1.56846231223826
HND,2016,2.01566335667541
HND,2017,1.72906722467945
HND,2018,1.07184110988038
HND,2019,0.916855208806467
HND,2020,1.23326098347167
HND,2021,1.22455313744521
HRV,2010,0.917408126030443
HRV,2011,1.29394046574726
HRV,2012,1.2944420673614
HRV,2013,1.1084798242986
HRV,2014,0.867348745330344
HRV,2015,0.698157062296322
HRV,2016,0.511310613664342
HRV,2017,0.658339390527416
HRV,2018,0.773060031000923
HRV,2019,0.619466125649912
HRV,2020,0.439094632914067
HRV,2021,0.681198197003712
HTI,2010,0.665741356287765
HTI,2011,0.530247287448995
HTI,2012,0.493447395435744
HTI,2013,0.586507266755589
HTI,2014,0.699288591917661
HTI,2015,0.574767533630933
HTI,2016,0.790216838420377
HTI,2017,0.657342723836906
HTI,2018,0.44034486815939
HTI,2019,0.443318678876138
HTI,2020,0.577844130610775
HTI,2021,0.327641965983974
HUN,2010,0.502154293766183
HUN,2011,0.675554220375786
HUN,2012,0.61841992081818
HUN,2013,0.507806206790584
HUN,2014,0.403352372971262
HUN,2015,0.285147410110642
HUN,2016,0.227029691782411
HUN,2017,0.282558589313256
HUN,2018,0.347622949150536
HUN,2019,0.303895061476493
HUN,2020,0.204655214271402
HUN,2021,0.402362635857113
IDN,2010,7.13560902238893
IDN,2011,8.5631139337506
IDN,2012,5.94561486320563
IDN,2013,5.38990903395495
IDN,2014,4.79162103687978
IDN,2015,3.08136736381978
IDN,2016,2.66818993930963
IDN,2017,3.08016177152276
IDN,2018,4.21663374449654
IDN,2019,3.23583967668836
IDN,2020,2.43866732275102
IDN,2021,5.15704008451705
IND,2010,4.49751864332879
IND,2011,5.30507567095095
IND,2012,4.02383769335832
IND,2013,3.67308833438322
IND,2014,2.81368985123428
IND,2015,1.77764002432658
IND,2016,1.74839023532939
IND,2017,1.98393401607656
IND,2018,2.25531632110711
IND,2019,2.01224538396897
IND,2020,1.78466920695081
IND,2021,3.15934537555664
IRL,2010,0.108587847065061
IRL,2011,0.0962427963966132
IRL,2012,0.058557220023201
IRL,2013,0.0370891175584479
IRL,2014,0.0353958706182933
IRL,2015,0.0187707084805869
IRL,2016,0.0652248713159719
IRL,2017,0.112833072357874
IRL,2018,0.126075695067046
IRL,2019,0.0671703776701016
IRL,2020,0.0367626864571587
IRL,2021,0.10098823103923
IRN,2010,23.0680430493324
IRN,2011,25.3461464486072
IRN,2012,21.1187189284557
IRN,2013,24.9467390294435
IRN,2014,24.8607811408678
IRN,2015,15.2302994765894
IRN,2016,13.1358103039789
IRN,2017,17.4677964309489
IRN,2018,34.2395948033408
IRN,2019,27.8006661533715
IRN,2020,23.2391718001181
IRN,2021,30.4480600937139
IRQ,2010,43.5682899383508
IRQ,2011,51.1945404105542
IRQ,2012,49.8510176490635
IRQ,2013,45.579366576846
IRQ,2014,46.8543961454295
IRQ,2015,37.5037172137922
IRQ,2016,33.2189217237902
IRQ,2017,39.2005542312932
IRQ,2018,46.1477869076682
IRQ,2019,40.609902398822
IRQ,2020,27.4170131896725
IRQ,2021,43.4458576871878
ISL,2010,0
ISL,2011,0.000381433858879967
ISL,2012,0.000359195529289947
ISL,2013,0.000366094154813878
ISL,2014,0.000347132787240568
ISL,2015,0.000299591985536916
ISL,2016,0.000252335387007271
ISL,2017,0.000217386585292874
ISL,2018,0.000196537396162221
ISL,2019,0.000108843842062041
ISL,2020,0.00010879409889394
ISL,2021,0.000106967737793307
ISR,2010,0.173972024779987
ISR,2011,0.280630419352341
ISR,2012,0.270058995740021
ISR,2013,0.262662457508262
ISR,2014,0.240636647906702
ISR,2015,0.225690565978892
ISR,2016,0.184759592739644
ISR,2017,0.175795530138224
ISR,2018,0.243287805206997
ISR,2019,0.189655855195189
ISR,2020,0.272440677318125
ISR,2021,0.441424749575518
ITA,2010,0.107793453561972
ITA,2011,0.156005817179348
ITA,2012,0.169645844218462
ITA,2013,0.155477399468545
ITA,2014,0.138451592682719
ITA,2015,0.0819093188563771
ITA,2016,0.0473051811205066
ITA,2017,0.0639986448910056
ITA,2018,0.0992013245530201
ITA,2019,0.0824926231070219
ITA,2020,0.0559705463881882
ITA,2021,0.112009125283042
JAM,2010,1.66861545913939
JAM,2011,2.25616145768344
JAM,2012,1.83117834623622
JAM,2013,1.78135528369404
JAM,2014,1.78235182739347
JAM,2015,1.26600183802715
JAM,2016,1.28914557442918
JAM,2017,1.52838623760003
JAM,2018,1.72957545790371
JAM,2019,0.364234398807819
JAM,2020,0.32243252555047
JAM,2021,0.457652062306756
JOR,2010,1.66596420639584
JOR,2011,3.31767245058233
JOR,2012,2.90847924194887
JOR,2013,1.27909933438596
JOR,2014,1.19542288638141
JOR,2015,1.39974257822882
JOR,2016,1.12573697471708
JOR,2017,0.869000683008148
JOR,2018,0.719072817629181
JOR,2019,0.0428576620025569
JOR,2020,0.0516759121146319
JOR,2021,0.0776640966166585
JPN,2010,0.0200968819164694
JPN,2011,0.0216769702777793
JPN,2012,0.0200901706635674
JPN,2013,0.0232126866090988
JPN,2014,0.0280708839630582
JPN,2015,0.0289687122696025
JPN,2016,0.0251768652546394
JPN,2017,0.0384458694582766
JPN,2018,0.0367554022408906
JPN,2019,0.0932286615908601
JPN,2020,0.0969972012044505
JPN,2021,0.0473044627668744
KAZ,2010,21.7441441579602
KAZ,2011,25.7688205419371
KAZ,2012,21.9826967680593
KAZ,2013,18.2187488150502
KAZ,2014,17.2500802611251
KAZ,2015,9.32876500546085
KAZ,2016,11.0336820575133
KAZ,2017,14.897596398127
KAZ,2018,20.7829646926253
KAZ,2019,17.9259738525419
KAZ,2020,12.8406951964892
KAZ,2021,26.8423173327291
KEN,2010,2.67307931109746
KEN,2011,2.9431872828815
KEN,2012,2.90888320855534
KEN,2013,2.66940200706872
KEN,2014,2.64310943602707
KEN,2015,2.70967011611946
KEN,2016,2.65839831359762
KEN,2017,2.31435620783369
KEN,2018,1.36132463517161
KEN,2019,1.22718421158535
KEN,2020,1.26881196888613
KEN,2021,1.22792857770901
KGZ,2010,9.80889830136341
KGZ,2011,10.2034319238732
KGZ,2012,3.5809218517523
KGZ,2013,5.71912349278664
KGZ,2014,4.07203515798825
KGZ,2015,4.25309870186703
KGZ,2016,5.61349048423669
KGZ,2017,8.75574116357044
KGZ,2018,4.67048081477686
KGZ,2019,7.24320231053747
KGZ,2020,6.52758010092793
KGZ,2021,11.5065410174076
KHM,2010,2.69595952988072
KHM,2011,3.05094914293833
KHM,2012,2.30628839011523
KHM,2013,1.91421458050803
KHM,2014,2.54882052672262
KHM,2015,1.81768657277543
KHM,2016,1.84795765204296
KHM,2017,1.93735308627642
KHM,2018,0.878243793336486
KHM,2019,0.714485690319546
KHM,2020,0.939357675669705
KHM,2021,0.835283715830679
KIR,2010,0.0626677431300746
KIR,2011,0.0736138842102225
KIR,2012,0.0589178981070894
KIR,2013,0.0557002717308784
KIR,2014,0.0889050775265575
KIR,2015,0.0732783582600832
KIR,2016,0.0826063804854857
KIR,2017,0.0929519614955758
KIR,2018,0.0420866204186192
KIR,2019,0.0427412418710569
KIR,2020,0.0569939081063946
KIR,2021,0.043500143330191
KNA,2010,0
KNA,2011,0
KNA,2012,0
KNA,2013,0
KNA,2014,0
KNA,2015,0
KNA,2016,0
KNA,2017,0
KNA,2018,0
KNA,2019,0
KNA,2020,0
KNA,2021,0
KOR,2010,0.0746400306743559
KOR,2011,0.0914175988735794
KOR,2012,0.100818097512262
KOR,2013,0.0723717153476114
KOR,2014,0.0640735784174601
KOR,2015,0.0367480142308671
KOR,2016,0.0331101931364819
KOR,2017,0.0386022741681957
KOR,2018,0.0471215171527114
KOR,2019,0.121453005220381
KOR,2020,0.113270922936166
KOR,2021,0.049812574781783
KWT,2010,48.8263605663801
KWT,2011,59.0696960166924
KWT,2012,58.1449073185752
KWT,2013,56.3426547447197
KWT,2014,53.9714223132032
KWT,2015,37.3135995019662
KWT,2016,32.3641255908565
KWT,2017,36.7579336114171
KWT,2018,45.1522896110691
KWT,2019,39.8386703389064
KWT,2020,29.2848672951013
LAO,2010,14.8104375708519
LAO,2011,15.2722808030825
LAO,2012,12.1203041098296
LAO,2013,12.5380892460783
LAO,2014,8.12984913076319
LAO,2015,5.52476230566431
LAO,2016,4.35259193269181
LAO,2017,4.97088233452954
LAO,2018,3.8787583779558
LAO,2019,3.10453941803438
LAO,2020,2.81746694955522
LAO,2021,5.38276112647354
LBN,2010,0.00188079916555357
LBN,2011,0.00193498198500856
LBN,2012,0.00190477725937707
LBN,2013,0.0015553293883068
LBN,2014,0.00229376123243399
LBN,2015,0.00228828375146288
LBN,2016,0.0013728364357897
LBN,2017,0.00199555625750973
LBN,2018,0.00106750721286952
LBN,2019,0.00131340504601898
LBN,2020,0.00223718784227487
LBN,2021,0.00276403839242888
LBR,2010,18.3646624868945
LBR,2011,23.2729658968842
LBR,2012,26.7116015359801
LBR,2013,28.3711783328734
LBR,2014,26.1806367790867
LBR,2015,19.4462580281234
LBR,2016,20.1143619477823
LBR,2017,21.3240563239483
LBR,2018,14.0250297312743
LBR,2019,14.2604895547102
LBR,2020,17.4661654481066
LBR,2021,21.9156000871056
LBY,2010,55.9661611105459
LBY,2011,37.5617320657366
LBY,2012,59.1030408512754
LBY,2013,47.7413993201726
LBY,2014,31.016947831293
LBY,2015,16.3921988648858
LBY,2016,12.2468654255016
LBY,2017,22.1587604827104
LBY,2018,31.6168598912657
LBY,2019,34.4990280272661
LBY,2020,11.4789831280341
LBY,2021,61.0347089411103
LCA,2010,0.0213939960854132
LCA,2011,0.0171733829693113
LCA,2012,0.0164637996812387
LCA,2013,0.0211912988549864
LCA,2014,0.0254436551499196
LCA,2015,0.0186627705111545
LCA,2016,0.0242375524260307
LCA,2017,0.0188680203388547
LCA,2018,0.0120179605482605
LCA,2019,0.0105301058741755
LCA,2020,0.0193601689591786
LCA,2021,0.0134294898917373
LIE,2010,0.00924063538213154
LIE,2011,0.00817289068062751
LIE,2012,0.00655238694776474
LIE,2013,0.0052938315075899
LIE,2014,0.00599288437231091
LIE,2015,0.00194110894161873
LIE,2016,0.00207232625568761
LIE,2017,0.00186506931005221
LIE,2018,0.00327838093890037
LIE,2019,0.00179668932945333
LIE,2020,0.00147146668515006
LKA,2010,0.181247741101714
LKA,2011,0.161869001521806
LKA,2012,0.137234670569948
LKA,2013,0.111206626762233
LKA,2014,0.106716230120525
LKA,2015,0.116815682766825
LKA,2016,0.120808775080832
LKA,2017,0.0888765377568958
LKA,2018,0.064834147164453
LKA,2019,0.0722571812304566
LKA,2020,0.0850400982115445
LKA,2021,0.0832444969793704
LSO,2010,3.93439968984273
LSO,2011,3.88951380908295
LSO,2012,4.7058759222187
LSO,2013,5.10158145699247
LSO,2014,5.59052228450031
LSO,2015,6.21135692867531
LSO,2016,7.27012601835192
LSO,2017,6.29773888103094
LSO,2018,3.60958084633478
LSO,2019,3.73425482845294
LSO,2020,4.55548495060365
LSO,2021,4.31788190525398
LTU,2010,0.524773473420892
LTU,2011,0.55272441723569
LTU,2012,0.50334215016971
LTU,2013,0.451433196719953
LTU,2014,0.435666728185002
LTU,2015,0.355871871770943
LTU,2016,0.3377588483904
LTU,2017,0.408008846501474
LTU,2018,0.378395633092732
LTU,2019,0.334182488318804
LTU,2020,0.310782585398606
LTU,2021,0.28612663033099
LUX,2010,0.072919743736028
LUX,2011,0.111627780528827
LUX,2012,0.124315483837715
LUX,2013,0.0654807999878363
LUX,2014,0.0511247766010698
LUX,2015,0.0121647269251085
LUX,2016,0.0100663139177463
LUX,2017,0.00960957126949073
LUX,2018,0.0131614123128893
LUX,2019,0.00887356762506664
LUX,2020,0.00666359766515693
LUX,2021,0.00475136757511518
LVA,2010,1.28308782693054
LVA,2011,1.3327725371957
LVA,2012,1.43134807722777
LVA,2013,1.14413699673137
LVA,2014,1.13104352407128
LVA,2015,1.00340965640665
LVA,2016,0.983550850681886
LVA,2017,1.20722108099256
LVA,2018,1.07351315071964
LVA,2019,1.18938805075522
LVA,2020,1.27458711674516
LVA,2021,1.16511975350878
MAR,2010,5.52351711568337
MAR,2011,7.44006663292583
MAR,2012,6.48582252084039
MAR,2013,4.55138703939471
MAR,2014,3.52679771804417
MAR,2015,2.61402225287558
MAR,2016,2.89821223160529
MAR,2017,3.29989896331367
MAR,2018,2.41389789515822
MAR,2019,0.321780512925498
MAR,2020,0.296128236742874
MAR,2021,0.391702933228196
MCO,2010,0
MCO,2011,0
MCO,2012,0
MCO,2013,0
MCO,2014,0
MCO,2015,0
MCO,2016,0
MCO,2017,0
MCO,2018,0
MCO,2019,0
MCO,2020,0
MCO,2021,0
MDA,2010,0.13247898619691
MDA,2011,0.168687807572078
MDA,2012,0.168529747001159
MDA,2013,0.282675631947635
MDA,2014,0.305194557556724
MDA,2015,0.329718543865743
MDA,2016,0.268595627765572
MDA,2017,0.260534449680804
MDA,2018,0.262039473546905
MDA,2019,0.249756859922812
MDA,2020,0.245939852669041
MDA,2021,0.235942049452034
MDG,2010,5.80844502636667
MDG,2011,5.89544167157359
MDG,2012,6.69129717051904
MDG,2013,6.77436297702956
MDG,2014,7.17890334828133
MDG,2015,8.60993537983163
MDG,2016,8.77277190379424
MDG,2017,7.63973631390415
MDG,2018,5.16989441363436
MDG,2019,4.7078522848274
MDG,2020,5.65950524677075
MDG,2021,5.5311886434036
MDV,2010,0.00896594439349319
MDV,2011,0.00907113430846529
MDV,2012,0.00753577980631292
MDV,2013,0.0053091845265809
MDV,2014,0.00517496156762446
MDV,2015,0.00586919819938419
MDV,2016,0.00663326999058831
MDV,2017,0.00525091904016801
MDV,2018,0.00258396462676911
MDV,2019,0.00274890529404401
MDV,2020,0.00502406983438185
MDV,2021,0.00370182242347212
MEX,2010,4.9517973655552
MEX,2011,7.12685649981166
MEX,2012,6.64761771453207
MEX,2013,5.63992841356242
MEX,2014,4.74356172979305
MEX,2015,2.18360553071428
MEX,2016,1.97524669608099
MEX,2017,2.36148896456378
MEX,2018,2.8911069990433
MEX,2019,2.09126302062882
MEX,2020,1.55983378352436
MEX,2021,3.64307338835023
MHL,2010,0
MHL,2011,0
MHL,2012,0
MHL,2013,0
MHL,2014,0
MHL,2015,0
MHL,2016,0
MHL,2017,0
MHL,2018,0
MHL,2019,0
MHL,2020,0
MHL,2021,0
MKD,2010,1.48054751512056
MKD,2011,1.31901217415565
MKD,2012,1.17381157835713
MKD,2013,1.1286016514686
MKD,2014,1.18602847424584
MKD,2015,0.935040215942746
MKD,2016,0.866322047138143
MKD,2017,0.804308286542463
MKD,2018,0.424659195176793
MKD,2019,0.146172211539348
MKD,2020,0.144963330218282
MKD,2021,0.136921063560563
MLI,2010,7.66975245102324
MLI,2011,8.91011559605289
MLI,2012,12.1110881558093
MLI,2013,8.51315574828752
MLI,2014,7.24892090404468
MLI,2015,7.42711000514874
MLI,2016,8.99083015150657
MLI,2017,7.81614668872422
MLI,2018,7.74269774600288
MLI,2019,7.85842877214771
MLI,2020,9.46967710138959
MLI,2021,18.4178821970492
MLT,2010,0
MLT,2011,0
MLT,2012,0
MLT,2013,0
MLT,2014,0
MLT,2015,0
MLT,2016,0
MLT,2017,0
MLT,2018,0
MLT,2019,0
MLT,2020,0
MLT,2021,0
MMR,2010,7.98804207462158
MMR,2011,7.3614633514873
MMR,2012,5.95623957618071
MMR,2013,5.85283366421301
MMR,2014,7.88242876018736
MMR,2015,6.61317909325215
MMR,2016,6.8108721648708
MMR,2017,7.82010371696471
MMR,2018,6.70278022169487
MMR,2019,5.88188183004994
MMR,2020,4.66301426840348
MMR,2021,8.6785038087485
MNE,2010,1.13777818472308
MNE,2011,1.44368759270254
MNE,2012,0.935069599243676
MNE,2013,0.672962195676965
MNE,2014,0.781260837765096
MNE,2015,0.731313641257514
MNE,2016,0.837536371542947
MNE,2017,1.33941998042343
MNE,2018,0.837441665171651
MNE,2019,0.616491593549262
MNE,2020,0.723002993565649
MNE,2021,0.637197671980386
MNG,2010,35.907762365776
MNG,2011,42.2166543859938
MNG,2012,22.2729540576189
MNG,2013,18.6702255850788
MNG,2014,16.08653421855
MNG,2015,9.87899879376714
MNG,2016,10.050012393618
MNG,2017,17.0883999734036
MNG,2018,19.8676151919941
MNG,2019,14.7739570464507
MNG,2020,13.4736928829141
MNG,2021,33.1372162654312
MOZ,2010,10.2684840762505
MOZ,2011,11.3709466025082
MOZ,2012,11.9192598207508
MOZ,2013,11.6325534065914
MOZ,2014,11.9039028509476
MOZ,2015,12.2160721685778
MOZ,2016,16.3133886142564
MOZ,2017,18.0510410834352
MOZ,2018,16.3975888133586
MOZ,2019,12.6767242973038
MOZ,2020,11.8639361284365
MOZ,2021,14.9074768559672
MRT,2010,33.2699514566613
MRT,2011,30.8504418081025
MRT,2012,21.4879263870309
MRT,2013,16.9330193063232
MRT,2014,13.1805355570468
MRT,2015,6.19132704450206
MRT,2016,8.04558334879584
MRT,2017,9.09659277147784
MRT,2018,2.808310001036
MRT,2019,2.61191416207025
MRT,2020,2.43870903966116
MRT,2021,11.4487520863931
MUS,2010,0.0974197638212974
MUS,2011,0.11394942379722
MUS,2012,0.0967703151522881
MUS,2013,0.0778091714247043
MUS,2014,0.0835433781723541
MUS,2015,0.0279823507404004
MUS,2016,0.0271234375700913
MUS,2017,0.00339252211144264
MUS,2018,0.00240720178247387
MUS,2019,0.00235978741871314
MUS,2020,0.00262996135685098
MUS,2021,0.00271526913227865
MWI,2010,6.02572508561474
MWI,2011,5.97687719996186
MWI,2012,8.95123535585595
MWI,2013,10.1501360274794
MWI,2014,9.61846301856776
MWI,2015,8.89901041042248
MWI,2016,10.9739875833904
MWI,2017,7.00371862797528
MWI,2018,5.20814805353589
MWI,2019,4.24376277062568
MWI,2020,4.09928170325885
MWI,2021,4.22250421289741
MYS,2010,9.61503786168569
MYS,2011,9.94490616865965
MYS,2012,9.20599203286687
MYS,2013,8.46715106760802
MYS,2014,8.64507399532146
MYS,2015,6.5709120658644
MYS,2016,5.20040474859063
MYS,2017,6.23600042741287
MYS,2018,7.32744449685636
MYS,2019,6.19635932474839
MYS,2020,4.54156531962687
MYS,2021,6.92196634868479
NAM,2010,2.39089689019764
NAM,2011,2.071941381811
NAM,2012,1.73059224032469
NAM,2013,1.17402632983259
NAM,2014,1.64153563776896
NAM,2015,1.8752743624842
NAM,2016,2.60379046438201
NAM,2017,3.35579400030648
NAM,2018,1.26282912430688
NAM,2019,1.43731396410693
NAM,2020,1.93029383948291
NAM,2021,4.03058059383138
NER,2010,6.88472156897825
NER,2011,8.1477117559769
NER,2012,10.3335481762903
NER,2013,11.466881046248
NER,2014,10.2730531340882
NER,2015,9.74015905746736
NER,2016,9.68635453036973
NER,2017,9.37929042574549
NER,2018,6.79609733342576
NER,2019,5.81263963543114
NER,2020,5.56826403591678
NER,2021,6.40907047167716
NGA,2010,13.8029914948457
NGA,2011,17.5539035632028
NGA,2012,15.1485150031193
NGA,2013,11.6227181116144
NGA,2014,8.78193552361452
NGA,2015,4.55410681800406
NGA,2016,4.65772615666869
NGA,2017,7.80498492445019
NGA,2018,9.79850822600435
NGA,2019,8.35322267194456
NGA,2020,5.07484002483035
NGA,2021,8.55295423830806
NIC,2010,4.15315104137442
NIC,2011,5.12065108678162
NIC,2012,4.62546930334416
NIC,2013,4.95048345059701
NIC,2014,4.2211834678271
NIC,2015,2.10539835608013
NIC,2016,3.11297731611032
NIC,2017,2.7029582269273
NIC,2018,2.02687465495511
NIC,2019,1.28485958829485
NIC,2020,1.65812864181366
NIC,2021,3.84080893833151
NLD,2010,0.762696109172764
NLD,2011,1.02062784943271
NLD,2012,1.13202011724154
NLD,2013,1.11989801648239
NLD,2014,0.689866623445569
NLD,2015,0.442606663458837
NLD,2016,0.251209116098856
NLD,2017,0.283564780405105
NLD,2018,0.355103573458477
NLD,2019,0.218267467639851
NLD,2020,0.0837440351956371
NLD,2021,0.340536679351668
NOR,2010,7.66161471850852
NOR,2011,10.0323919412624
NOR,2012,9.34170992776999
NOR,2013,8.16854742910885
NOR,2014,7.51744992129352
NOR,2015,5.16239861599802
NOR,2016,3.86709464602749
NOR,2017,5.33590347738304
NOR,2018,7.39362211775806
NOR,2019,6.26890345034754
NOR,2020,4.18128689630728
NOR,2021,10.0482763904291
NPL,2010,1.47229700729972
NPL,2011,1.11680132754903
NPL,2012,0.967618550144898
NPL,2013,0.844770803744654
NPL,2014,0.860719085973924
NPL,2015,0.934890235914136
NPL,2016,1.03122054018578
NPL,2017,0.703261897013786
NPL,2018,0.424156459923021
NPL,2019,0.446189344690663
NPL,2020,0.522630900968538
NPL,2021,0.498936909947826
NRU,2013,0
NRU,2014,0
NRU,2015,0
NRU,2016,0
NRU,2017,0
NRU,2018,0
NRU,2019,0
NRU,2020,0
NRU,2021,0
NZL,2010,2.1224362002947
NZL,2011,2.19427362254657
NZL,2012,1.68350699548628
NZL,2013,1.52078184314436
NZL,2014,1.42914435215029
NZL,2015,1.28424903944645
NZL,2016,1.04750029579275
NZL,2017,1.59353965038242
NZL,2018,1.58813238238384
NZL,2019,1.50327657838238
NZL,2020,1.27246721100633
NZL,2021,1.49411356490814
OMN,2010,35.1702914756151
OMN,2011,43.273814289286
OMN,2012,40.4418641958152
OMN,2013,38.8455213970653
OMN,2014,34.348523798708
OMN,2015,21.0999447505156
OMN,2016,18.0527768334822
OMN,2017,21.3537653208209
OMN,2018,27.0144782962431
OMN,2019,24.9800297060137
OMN,2020,18.8866635649826
OMN,2021,29.2115792686173
PAK,2010,2.27972757975705
PAK,2011,2.615759800493
PAK,2012,2.56305239816052
PAK,2013,2.14619455982111
PAK,2014,1.9953468853851
PAK,2015,1.22522777965692
PAK,2016,0.96533124558749
PAK,2017,1.10680683630599
PAK,2018,1.24123933516406
PAK,2019,1.30340484004876
PAK,2020,1.12387026995965
PAK,2021,1.43561633294011
PAN,2010,0.234720390623527
PAN,2011,0.269868830701767
PAN,2012,0.260441253310238
PAN,2013,0.216897753935313
PAN,2014,0.231601530644453
PAN,2015,0.138690460109424
PAN,2016,0.131004580785833
PAN,2017,0.124276365709136
PAN,2018,0.0994393790926708
PAN,2019,0.31611229608813
PAN,2020,0.535097865738947
PAN,2021,3.6647948599442
PER,2010,11.2141792512141
PER,2011,12.7665949125059
PER,2012,9.99927931288698
PER,2013,7.65420483078558
PER,2014,5.66292821656372
PER,2015,3.91148648466656
PER,2016,4.40523816648386
PER,2017,5.8962563954339
PER,2018,5.95602611154103
PER,2019,2.49912146958912
PER,2020,3.97961448773443
PER,2021,12.7247082349187
PHL,2010,2.11755801672482
PHL,2011,2.84367320905718
PHL,2012,1.55356736359168
PHL,2013,1.1859412840883
PHL,2014,1.5089650931856
PHL,2015,0.758148274430124
PHL,2016,0.661597167675748
PHL,2017,0.964596437230551
PHL,2018,0.943783444739612
PHL,2019,0.78530018741462
PHL,2020,0.764112790267085
PHL,2021,1.97263339590791
PLW,2010,0
PLW,2011,0
PLW,2012,0
PLW,2013,0
PLW,2014,0
PLW,2015,0
PLW,2016,0
PLW,2017,0
PLW,2018,0
PLW,2019,0
PLW,2020,0
PLW,2021,0
PNG,2010,27.8968249359842
PNG,2011,26.2680889498874
PNG,2012,15.8152886420978
PNG,2013,11.6658602971436
PNG,2014,14.02772535223
PNG,2015,12.7384528214768
PNG,2016,14.3368397378808
PNG,2017,16.0436340949199
PNG,2018,16.921880825492
PNG,2019,13.8152037166577
PNG,2020,11.9417254747487
PNG,2021,27.3866812481734
POL,2010,4.33027218366267
POL,2011,5.71416347861788
POL,2012,3.79887246755542
POL,2013,3.33330904653522
POL,2014,3.15767703778128
POL,2015,1.29098319489632
POL,2016,2.02624729962296
POL,2017,3.06146096477289
POL,2018,2.71315064903734
POL,2019,0.671601200907606
POL,2020,0.535468929487005
POL,2021,1.03024380772929
PRT,2010,0.219238742769667
PRT,2011,0.244908396407978
PRT,2012,0.259819202336753
PRT,2013,0.196206023994317
PRT,2014,0.204731493524196
PRT,2015,0.159709580402046
PRT,2016,0.158382699146323
PRT,2017,0.191626691576631
PRT,2018,0.240667367524237
PRT,2019,0.221431953517005
PRT,2020,0.200282467054982
PRT,2021,0.291415692065373
PRY,2010,2.08299287196264
PRY,2011,1.67187532266737
PRY,2012,1.69034010085165
PRY,2013,1.6980914846184
PRY,2014,1.68579710915118
PRY,2015,1.69931574477657
PRY,2016,1.89364402448299
PRY,2017,1.68483913659766
PRY,2018,1.51126155574886
PRY,2019,1.37779411178328
PRY,2020,1.68263325547904
PRY,2021,1.34701587848651
PSE,2010,0
PSE,2011,0
PSE,2012,0
PSE,2013,0
PSE,2014,0
PSE,2015,0
PSE,2016,0
PSE,2017,0
PSE,2018,0
PSE,2019,0
PSE,2020,0
PSE,2021,0
QAT,2010,32.4299374160987
QAT,2011,36.7182426077088
QAT,2012,35.1062400831471
QAT,2013,32.063390113225
QAT,2014,27.6978144663127
QAT,2015,19.0641343344092
QAT,2016,15.9817678598717
QAT,2017,18.8986723864413
QAT,2018,23.9995278669173
QAT,2019,22.3739866660968
QAT,2020,20.2259593186526
QAT,2021,27.2897873992471
ROU,2010,1.71353438994212
ROU,2011,2.28817644873145
ROU,2012,2.18833144039798
ROU,2013,1.87595138869643
ROU,2014,1.51017281377838
ROU,2015,0.975979399576012
ROU,2016,0.688993508362941
ROU,2017,0.884924035595192
ROU,2018,1.07026334712177
ROU,2019,0.798252105262357
ROU,2020,0.508984051380759
ROU,2021,1.144376067244
RUS,2010,13.6767287816453
RUS,2011,16.2675600700583
RUS,2012,14.293372457197
RUS,2013,12.799885012616
RUS,2014,12.4271978897589
RUS,2015,9.761666714108
RUS,2016,8.19418914130003
RUS,2017,9.71546623895349
RUS,2018,14.4734868157828
RUS,2019,12.2071140110196
RUS,2020,7.58812544004463
RUS,2021,18.5109394363314
RWA,2010,6.48655252910732
RWA,2011,6.99565680326328
RWA,2012,6.39423290634701
RWA,2013,6.50475580749802
RWA,2014,6.4521550362679
RWA,2015,5.77813915585401
RWA,2016,5.99862102587479
RWA,2017,6.01492971463291
RWA,2018,4.71387568610559
RWA,2019,3.81709032313618
RWA,2020,4.10481845130795
RWA,2021,4.01723634071877
SAU,2010,38.8834681571132
SAU,2011,50.2036438017781
SAU,2012,48.5007097596571
SAU,2013,45.530927478843
SAU,2014,41.3384300115975
SAU,2015,24.8553045322483
SAU,2016,20.7349959872418
SAU,2017,24.4865557580774
SAU,2018,29.2707418122277
SAU,2019,25.453167735458
SAU,2020,17.3184270283149
SAU,2021,25.5652418188141
SDN,2010,11.9428584964653
SDN,2011,16.7759073133375
SDN,2012,6.64669345938477
SDN,2013,7.51778871746273
SDN,2014,5.17423775201674
SDN,2015,2.97569090164715
SDN,2016,2.74050635867162
SDN,2017,2.48029512284545
SDN,2018,6.14770644131694
SDN,2019,8.25976911220096
SDN,2020,9.29265238055366
SDN,2021,12.7502116848016
SEN,2010,2.97597316384999
SEN,2011,3.6495940769705
SEN,2012,4.86398118749562
SEN,2013,3.42436224964169
SEN,2014,3.1569476524477
SEN,2015,3.47911885653568
SEN,2016,3.9796411050175
SEN,2017,3.21232528542185
SEN,2018,2.88655464408866
SEN,2019,2.75988310568798
SEN,2020,2.86963190075436
SEN,2021,4.40159712005452
SGP,2010,0.038512160672046
SGP,2011,0.154301445478482
SGP,2012,0.143294198627007
SGP,2013,0.119459449682427
SGP,2014,0.104879469325881
SGP,2015,0.0343911572935456
SGP,2016,0.029353972319112
SGP,2017,0.000452888881904618
SGP,2018,0.000188767152938037
SGP,2019,0.000169266160429021
SGP,2020,0.00024207226855629
SGP,2021,0.000180989109199595
SLB,2010,15.7647772737329
SLB,2011,19.9027124452237
SLB,2012,20.8519077419093
SLB,2013,17.7681136707893
SLB,2014,20.6416871336495
SLB,2015,16.6664900887493
SLB,2016,14.3004643478535
SLB,2017,22.9192896376451
SLB,2018,22.3396585662881
SLB,2019,19.145353163623
SLB,2020,19.1938888891881
SLB,2021,18.395048524098
SLE,2010,10.5288662404631
SLE,2011,10.9869587677677
SLE,2012,9.77051963302454
SLE,2013,7.22686963531629
SLE,2014,8.02771244072182
SLE,2015,10.5713602396516
SLE,2016,14.6732645434772
SLE,2017,14.9365306672881
SLE,2018,8.55532841443589
SLE,2019,7.49079656656829
SLE,2020,8.22978194152241
SLE,2021,9.03701414128967
SLV,2010,1.02874215933074
SLV,2011,0.832361782908174
SLV,2012,0.771015636279707
SLV,2013,0.938918673106463
SLV,2014,1.0550593254644
SLV,2015,0.850742982932215
SLV,2016,1.0221138126124
SLV,2017,0.88816041131789
SLV,2018,0.663649690465912
SLV,2019,0.562349124959244
SLV,2020,0.764177304476048
SLV,2021,0.535264947589614
SMR,2010,0
SMR,2011,0
SMR,2012,0
SMR,2013,0
SMR,2014,0
SMR,2015,0
SMR,2016,0
SMR,2017,0
SMR,2018,0
SMR,2019,0
SMR,2020,0
SOM,2013,17.8127642098138
SOM,2014,18.2921917574279
SOM,2015,18.8761765982543
SOM,2016,19.5454511774019
SOM,2017,18.697269661953
SOM,2018,11.735774261604
SOM,2019,10.7304105687897
SOM,2020,11.455284804417
SOM,2021,11.2356934915275
SRB,2010,2.51068899120357
SRB,2011,3.35044641406988
SRB,2012,2.77478070010415
SRB,2013,2.05963239192195
SRB,2014,1.89442302636645
SRB,2015,1.27718856590432
SRB,2016,1.17155898842791
SRB,2017,1.52263044010001
SRB,2018,1.54067953539602
SRB,2019,1.19461693747908
SRB,2020,0.947608509343353
SRB,2021,1.74631766481948
SSD,2010,43.7092935094988
SSD,2011,51.7868586633182
SSD,2012,5.60460947133863
SSD,2013,14.7084526216951
SSD,2014,28.4570049428564
SSD,2015,13.0532234224485
STP,2010,3.97441398723173
STP,2011,3.82221922487921
STP,2012,3.81740404574064
STP,2013,3.33902231905861
STP,2014,3.04723492306762
STP,2015,3.41287577328636
STP,2016,3.27531389837999
STP,2017,3.15239782697584
STP,2018,2.33693840944991
STP,2019,2.04664899329107
STP,2020,1.98018939747641
STP,2021,1.88439596006627
SUR,2010,22.1694362010361
SUR,2011,31.9335594131783
SUR,2012,29.1297720421828
SUR,2013,20.7444083074763
SUR,2014,13.3454910423686
SUR,2015,5.12495877980327
SUR,2016,15.0617975898749
SUR,2017,19.7854729048857
SUR,2018,8.44388268533074
SUR,2019,6.83251753458721
SUR,2020,4.60122863820656
SUR,2021,9.59272209392741
SVK,2010,0.337208259001387
SVK,2011,0.359867998454853
SVK,2012,0.325157520045924
SVK,2013,0.296934539699268
SVK,2014,0.288569282906269
SVK,2015,0.26302479249352
SVK,2016,0.261669771629207
SVK,2017,0.333116894336664
SVK,2018,0.289202597240663
SVK,2019,0.251989434209045
SVK,2020,0.219233025168727
SVK,2021,0.226150293544136
SVN,2010,0.300599361470026
SVN,2011,0.35989971304657
SVN,2012,0.252704524589708
SVN,2013,0.206400677505941
SVN,2014,0.264570914876485
SVN,2015,0.263848700764214
SVN,2016,0.261246243560769
SVN,2017,0.268545994107094
SVN,2018,0.261790471547443
SVN,2019,0.23437135303998
SVN,2020,0.214171558575469
SVN,2021,0.189323915465621
SWE,2010,1.41416853353088
SWE,2011,1.6957695570353
SWE,2012,1.06629092584269
SWE,2013,1.00193412946544
SWE,2014,0.908726777199877
SWE,2015,0.488159781498559
SWE,2016,0.722466863316197
SWE,2017,1.04602397797532
SWE,2018,1.06109616438888
SWE,2019,0.404780111504663
SWE,2020,0.370599691340783
SWE,2021,1.20827979934218
SWZ,2010,2.3895930131961
SWZ,2011,2.64276236861755
SWZ,2012,4.18067033297096
SWZ,2013,4.50064467722075
SWZ,2014,3.43977917921013
SWZ,2015,3.40740844429257
SWZ,2016,4.60471033148777
SWZ,2017,4.03940046980401
SWZ,2018,3.14380015317315
SWZ,2019,3.2760764754406
SWZ,2020,3.38164464300091
SWZ,2021,2.99915237990705
SYC,2010,0.146953956678162
SYC,2011,0.149780680938161
SYC,2012,0.1644793129234
SYC,2013,0.136887236537623
SYC,2014,0.122451367247677
SYC,2015,0.100073979606541
SYC,2016,0.0990332020466637
SYC,2017,0.11671286310133
SYC,2018,0.121453194976473
SYC,2019,0.0974947166802459
SYC,2020,0.13148617576909
SYC,2021,0.120645132507182
SYR,2010,4.10943264371734
SYR,2011,20.3536054160127
SYR,2012,15.2359708811944
SYR,2013,10.4697183432435
SYR,2014,5.74137102637288
SYR,2015,3.61325134885599
SYR,2016,3.17208654310089
SYR,2017,3.11485462954234
SYR,2018,3.35036111849182
SYR,2019,3.76931985084524
SYR,2020,6.37482598047532
TCD,2010,23.7814056347722
TCD,2011,28.1688125971144
TCD,2012,24.7933556227023
TCD,2013,20.0436304196548
TCD,2014,15.6882203824047
TCD,2015,11.9712071081449
TCD,2016,13.110061160108
TCD,2017,16.8846139020106
TCD,2018,20.9399413766231
TCD,2019,19.6499588651766
TCD,2020,13.9330901678111
TCD,2021,21.3429312625159
TGO,2010,11.3076284343152
TGO,2011,17.924810571738
TGO,2012,20.9936889901917
TGO,2013,15.5653200902369
TGO,2014,13.3950715961836
TGO,2015,12.7280087175611
TGO,2016,9.003109569313
TGO,2017,7.77733835842081
TGO,2018,4.87362329556752
TGO,2019,4.32587635811955
TGO,2020,4.73168572169493
TGO,2021,7.86417419787513
THA,2010,2.73568032123207
THA,2011,3.14709998160529
THA,2012,2.90571167294829
THA,2013,2.61852748014065
THA,2014,2.8228271736769
THA,2015,1.93092320697655
THA,2016,1.5532188768547
THA,2017,1.63215260676224
THA,2018,1.81670642609227
THA,2019,1.51242491485513
THA,2020,1.1095683956846
THA,2021,1.8170265297611
TJK,2010,1.67499054637824
TJK,2011,2.03753218816376
TJK,2012,1.70765801661998
TJK,2013,1.3294136907651
TJK,2014,2.19331996280515
TJK,2015,2.26536441077173
TJK,2016,3.80725838932103
TJK,2017,4.54778525164425
TJK,2018,5.40040742136206
TJK,2019,5.22368712777317
TJK,2020,5.13513488386848
TJK,2021,9.04634759702914
TKM,2010,23.2100512626625
TKM,2011,34.2784349181735
TKM,2012,30.8737007585666
TKM,2013,27.4926438120002
TKM,2014,20.1759840166561
TKM,2015,15.4827871650235
TKM,2016,9.65761604863881
TKM,2017,13.0262092742703
TKM,2018,20.0690091609088
TKM,2019,13.4925127713072
TLS,2015,79.4309494383903
TLS,2016,44.5556159738805
TLS,2017,44.8705165836223
TLS,2018,62.7689541343655
TLS,2019,44.8952633775622
TLS,2020,34.3932968859447
TLS,2021,34.7297460391742
TON,2010,0.0485079387936127
TON,2011,0.0478419579924403
TON,2012,0.0398683612912305
TON,2013,0.0401188794815067
TON,2014,0.0521558048423682
TON,2015,0.0421389970297059
TON,2016,0.0453861467678001
TON,2017,0.0540904435129096
TON,2018,0.0399575891818241
TON,2019,0.0355539728781376
TON,2020,0.0390440712702677
TON,2021,0.0407524657583253
TTO,2010,13.5019281289188
TTO,2011,21.1902057775941
TTO,2012,19.0454490519432
TTO,2013,18.9417880426583
TTO,2014,15.5987828212435
TTO,2015,7.5354554955632
TTO,2016,4.12214241273861
TTO,2017,5.76137730000007
TTO,2018,11.2320374302733
TTO,2019,11.0689882994292
TTO,2020,5.88215476519225
TTO,2021,7.85936855870429
TUN,2010,5.80230500738706
TUN,2011,6.26002372605509
TUN,2012,6.61237658820711
TUN,2013,5.46168537320013
TUN,2014,4.59413759866907
TUN,2015,2.68828674720116
TUN,2016,2.18515588296029
TUN,2017,2.51025972718522
TUN,2018,2.82187987069052
TUN,2019,2.24739229652362
TUN,2020,1.46717230583582
TUN,2021,2.24923087429424
TUR,2010,1.0333326630856
TUR,2011,1.15599036897188
TUR,2012,0.748490714870341
TUR,2013,0.621362748916478
TUR,2014,0.515494221044849
TUR,2015,0.259377096732697
TUR,2016,0.381853603415781
TUR,2017,0.379263394718781
TUR,2018,0.52996663633101
TUR,2019,0.382779823529053
TUR,2020,0.397202384078982
TUR,2021,0.827048726504594
TUV,2010,0
TUV,2011,0
TUV,2012,0
TUV,2013,0
TUV,2014,0
TUV,2015,0
TUV,2016,0
TUV,2017,0
TUV,2018,0
TUV,2019,0
TUV,2020,0
TUV,2021,0
TZA,2010,5.55945838220369
TZA,2011,7.33646177996057
TZA,2012,6.8325198508577
TZA,2013,5.76723525319283
TZA,2014,5.04690559304949
TZA,2015,5.30193884393363
TZA,2016,5.61603835789229
TZA,2017,5.13616759488345
TZA,2018,3.61159728659091
TZA,2019,3.53145044367484
TZA,2020,3.85169508025186
TZA,2021,6.69370906979479
UGA,2010,8.10229439370414
UGA,2011,9.15620849237058
UGA,2012,10.6585708011681
UGA,2013,10.6586103842094
UGA,2014,10.3312319703494
UGA,2015,10.7947576138514
UGA,2016,12.7336513052995
UGA,2017,12.1305147407764
UGA,2018,8.38888217833344
UGA,2019,7.38833937837014
UGA,2020,7.56349041713714
UGA,2021,7.47552032336567
UKR,2010,7.06385110746983
UKR,2011,7.90825649188772
UKR,2012,4.70265519474683
UKR,2013,3.99136453684378
UKR,2014,3.6083209332499
UKR,2015,2.59911540564351
UKR,2016,2.39942596673544
UKR,2017,2.95421204623726
UKR,2018,2.91046955095297
UKR,2019,1.73179870039083
UKR,2020,1.09312749593482
UKR,2021,7.5129023639251
URY,2010,2.02169884847788
URY,2011,1.43709496222999
URY,2012,1.17962644777555
URY,2013,1.29138043579779
URY,2014,1.45872376049256
URY,2015,1.85218241655473
URY,2016,1.74168715941962
URY,2017,1.82938511988003
URY,2018,1.97299244228802
URY,2019,1.70632780467724
URY,2020,2.29343009292959
URY,2021,1.92773520463627
USA,2010,0.968704075093042
USA,2011,1.23502930471558
USA,2012,0.776694501385092
USA,2013,0.750833995599957
USA,2014,0.703153661885122
USA,2015,0.234371770177788
USA,2016,0.303325431060077
USA,2017,0.427546323641111
USA,2018,0.595678810382377
USA,2019,0.557098125905551
USA,2020,0.329505971924439
USA,2021,1.27994423022721
UZB,2010,14.7836491186156
UZB,2011,19.0673372740717
UZB,2012,17.2844522443221
UZB,2013,14.6803511298882
UZB,2014,10.3618681106859
UZB,2015,7.25480371959986
UZB,2016,6.72025279446491
UZB,2017,12.0271937236882
UZB,2018,18.6507971459477
UZB,2019,10.8569985159248
UZB,2020,9.08357795040879
UZB,2021,20.46516083278
VCT,2010,0.0333656636694466
VCT,2011,0.028465453623185
VCT,2012,0.0269643348103745
VCT,2013,0.034115439439788
VCT,2014,0.0423946065801886
VCT,2015,0.0312630692791454
VCT,2016,0.0407859033307733
VCT,2017,0.0329828886778541
VCT,2018,0.0209304790297473
VCT,2019,0.018299980174056
VCT,2020,0.0256464367493511
VCT,2021,0.0193291690653381
VEN,2010,12.380878328857
VEN,2011,24.4753357613612
VEN,2012,18.7812359044725
VEN,2013,17.6253449138361
VEN,2014,11.8465082797294
VNM,2010,7.4812809152762
VNM,2011,9.06944428635118
VNM,2012,7.29867693307343
VNM,2013,5.91331153505454
VNM,2014,5.66094916066902
VNM,2015,3.38333033260239
VNM,2016,2.68357593807147
VNM,2017,3.21350443557147
VNM,2018,3.26009968480725
VNM,2019,2.50068260501281
VNM,2020,1.8108819584417
VNM,2021,2.54701708790768
VUT,2010,0.832399543964073
VUT,2011,0.844354134271983
VUT,2012,0.801186721952393
VUT,2013,0.752150306423104
VUT,2014,0.987395102309584
VUT,2015,0.815485061379561
VUT,2016,0.816331822730397
VUT,2017,0.902392843807671
VUT,2018,0.60798151676621
VUT,2019,0.547725243089635
VUT,2020,0.629507608350041
VUT,2021,0.568069760913224
WLD,2010,3.69222874020404
WLD,2011,4.82617358799221
WLD,2012,4.07354039839488
WLD,2013,3.64465943022609
WLD,2014,3.14919601481735
WLD,2015,1.7458360811844
WLD,2016,1.561175691416
WLD,2017,1.98765492782455
WLD,2018,2.52245241027779
WLD,2019,2.17899428300728
WLD,2020,1.48533037695024
WLD,2021,3.06144858257677
WSM,2010,0.410594291707161
WSM,2011,0.479148651100215
WSM,2012,0.39649921551572
WSM,2013,0.354470433710273
WSM,2014,0.514371821253179
WSM,2015,0.385043626528853
WSM,2016,0.425429774129313
WSM,2017,0.482469410561221
WSM,2018,0.264678611319933
WSM,2019,0.232259603701569
WSM,2020,0.301640791056231
WSM,2021,0.280275449205485
YEM,2010,23.5484181707179
YEM,2011,25.9395800444886
YEM,2012,18.8463591940271
YEM,2013,13.5874899680381
YEM,2014,10.9650660396012
YEM,2015,2.06582147254408
YEM,2016,0.766194564986369
YEM,2017,2.00088361190121
YEM,2018,4.87867391772049
ZAF,2010,6.84683101275869
ZAF,2011,7.81466074244917
ZAF,2012,6.40436399402211
ZAF,2013,6.11153096342063
ZAF,2014,4.66573419871465
ZAF,2015,2.80794769347075
ZAF,2016,3.56159906611897
ZAF,2017,3.8355856656622
ZAF,2018,3.86949148830953
ZAF,2019,4.18782227881945
ZAF,2020,4.01777511009808
ZAF,2021,7.32857859192335
ZMB,2010,18.6647201093496
ZMB,2011,17.4237334954232
ZMB,2012,13.5753487511819
ZMB,2013,12.023594729012
ZMB,2014,10.842259058696
ZMB,2015,11.1602533885932
ZMB,2016,11.6772125402718
ZMB,2017,13.2264399699464
ZMB,2018,11.7483463033985
ZMB,2019,7.91506539515975
ZMB,2020,16.2222307618142
ZMB,2021,35.2641479964325
ZWE,2010,7.09847064162797
ZWE,2011,7.87938898914128
ZWE,2012,5.96773281078297
ZWE,2013,5.04283935109174
ZWE,2014,5.62126327970579
ZWE,2015,4.60618520596556
ZWE,2016,4.49541367401877
ZWE,2017,6.09544838030308
ZWE,2018,3.37818944674235
ZWE,2019,4.71576545765887
ZWE,2020,4.74666809490234
ZWE,2021,6.39845161112644
