# World Bank Open Data NY.GDP.MKTP.KD.ZG, last updated 2026-07-13, CC BY 4.0
iso3,year,value
AFG,2010,14.3624414710737
AFG,2011,0.426354776777345
AFG,2012,12.7522870926697
AFG,2013,5.60074465863221
AFG,2014,2.72454336219565
AFG,2015,1.45131466066431
AFG,2016,2.26031420279821
AFG,2017,2.6470032027451
AFG,2018,1.18922812944517
AFG,2019,3.91160341625552
AFG,2020,-2.35110067203466
AFG,2021,-20.7388393676343
AFG,2022,-6.24017199240269
AFG,2023,2.26694373649188
AFG,2024,1.87319280045979
AGO,2010,5.29366572819954
AGO,2011,3.59386960240222
AGO,2012,8.50312283866612
AGO,2013,4.88306129688392
AGO,2014,4.65572356315585
AGO,2015,0.763177710914789
AGO,2016,-0.233076954805284
AGO,2017,-0.164688656961076
AGO,2018,-0.506697543616156
AGO,2019,-1.05523414494337
AGO,2020,-5.27349128300007
AGO,2021,1.09058369944815
AGO,2022,3.55749206675667
AGO,2023,1.32016587081031
AGO,2024,4.95267860425956
AGO,2025,3.13353542450008
ALB,2010,2.97315442681247
ALB,2011,2.46351683915714
ALB,2012,0.984129880204108
ALB,2013,1.7072283175406
ALB,2014,2.24022695382642
ALB,2015,2.2277040745779
ALB,2016,3.90893551362245
ALB,2017,3.28317593330073
ALB,2018,3.67141928098908
ALB,2019,2.06257790176122
ALB,2020,-3.31375636888916
ALB,2021,8.96957619074095
ALB,2022,4.8268006234359
ALB,2023,4.01541716935742
ALB,2024,4.04592845095348
ALB,2025,3.78893836241024
AND,2010,-1.97495799965345
AND,2011,-0.00806975341139093
AND,2012,-4.97444371853503
AND,2013,-3.54759651549344
AND,2014,2.50446552114518
AND,2015,1.43414039522716
AND,2016,3.70967806978986
AND,2017,0.346071889630295
AND,2018,1.58876549046354
AND,2019,2.01554763848308
AND,2020,-11.1839399355384
AND,2021,8.28677879049404
AND,2022,9.56461225648184
AND,2023,2.58355480961319
AND,2024,3.8491605039052
AND,2025,3.86803450687808
ARE,2010,1.60285004336325
ARE,2011,6.73651167897515
ARE,2012,4.68325642918792
ARE,2013,4.9184505919085
ARE,2014,4.63291785879667
ARE,2015,7.08766622657654
ARE,2016,5.65790147196586
ARE,2017,-1.06137114472548
ARE,2018,1.53720634021511
ARE,2019,1.27129120536284
ARE,2020,-8.69343363776639
ARE,2021,4.55280140106356
ARE,2022,7.51452414254605
ARE,2023,4.30113648499413
ARE,2024,3.99181200361831
ARG,2010,10.1253981561002
ARG,2011,6.00395169280579
ARG,2012,-1.0264204544321
ARG,2013,2.40532378079436
ARG,2014,-2.51261532081394
ARG,2015,2.73115982828944
ARG,2016,-2.08032784377811
ARG,2017,2.81850297775918
ARG,2018,-2.61739646282038
ARG,2019,-2.00086100285785
ARG,2020,-9.9004848136464
ARG,2021,10.4418119882506
ARG,2022,6.02074537534855
ARG,2023,-1.85578803046339
ARG,2024,-1.34293072157739
ARG,2025,4.36733330217022
ARM,2010,2.2000000002151
ARM,2011,4.69999999867412
ARM,2012,7.20000000096486
ARM,2013,3.3
ARM,2014,3.60000000058993
ARM,2015,3.19999999896625
ARM,2016,0.199999999825991
ARM,2017,7.50000000164144
ARM,2018,5.19999999965324
ARM,2019,7.59999999853918
ARM,2020,-7.19999999920631
ARM,2021,5.80000000065645
ARM,2022,12.5999999997766
ARM,2023,8.29999999959539
ARM,2024,5.90000000046228
ARM,2025,7.2
ATG,2010,-7.84050683730972
ATG,2011,-1.95874262217572
ATG,2012,3.37314273947959
ATG,2013,-0.600982329599361
ATG,2014,2.19829188738797
ATG,2015,1.42161997595372
ATG,2016,4.1203675438061
ATG,2017,2.71272657973627
ATG,2018,6.71200487159726
ATG,2019,3.1722219373937
ATG,2020,-18.8687765208148
ATG,2021,8.17286311186622
ATG,2022,8.49776342254205
ATG,2023,3.86550160079324
ATG,2024,2.54044193946544
ATG,2025,4.99803998431987
AUS,2010,2.21004795300735
AUS,2011,2.39473494330615
AUS,2012,3.95247138119184
AUS,2013,2.65445302592404
AUS,2014,2.60118978187332
AUS,2015,2.16434780647852
AUS,2016,2.75564065529868
AUS,2017,2.29331030192918
AUS,2018,2.87417039499501
AUS,2019,2.19401703622717
AUS,2020,-0.133531904304775
AUS,2021,2.00694844335034
AUS,2022,4.25304559238732
AUS,2023,3.58382100798981
AUS,2024,1.37340773365975
AUS,2025,1.35039785076631
AUT,2010,1.80898243043663
AUT,2011,2.92746800169145
AUT,2012,0.628246239479637
AUT,2013,-0.250726423318454
AUT,2014,0.755798850316665
AUT,2015,1.30352331826198
AUT,2016,2.11721964494312
AUT,2017,2.27224992038207
AUT,2018,2.48422114080024
AUT,2019,1.75497619649288
AUT,2020,-6.31825509209936
AUT,2021,4.92309171717903
AUT,2022,5.33096379400371
AUT,2023,-0.786244288594673
AUT,2024,-0.659089573171372
AUT,2025,0.615747280959056
AZE,2010,4.78883248761557
AZE,2011,-1.5729973511111
AZE,2012,2.20293891708398
AZE,2013,5.84341590483928
AZE,2014,2.79758521448559
AZE,2015,1.04954641215085
AZE,2016,-3.06359842251706
AZE,2017,0.153614661745507
AZE,2018,1.50040167167313
AZE,2019,2.47980879185565
AZE,2020,-4.19896065333343
AZE,2021,5.61644027150554
AZE,2022,4.71468033247649
AZE,2023,1.35447749115767
AZE,2024,4.15806800428062
AZE,2025,1.44985591122698
BDI,2010,5.09373697323055
BDI,2011,4.02442793864228
BDI,2012,4.42303118490126
BDI,2013,4.92392485117456
BDI,2014,4.24490803087248
BDI,2015,-0.404525595204191
BDI,2016,3.20017470408993
BDI,2017,3.83185757061784
BDI,2018,5.34224473186408
BDI,2019,4.45934202358784
BDI,2020,0.306443811651718
BDI,2021,3.23707479372925
BDI,2022,2.31770122350822
BDI,2023,3.25476897326196
BDI,2024,4.11227376394912
BDI,2025,4.24010529884178
BEL,2010,2.71031150254662
BEL,2011,1.93115502411325
BEL,2012,0.215803612089744
BEL,2013,0.305494549070232
BEL,2014,1.76554038149924
BEL,2015,1.47416433731927
BEL,2016,1.19350273007754
BEL,2017,1.47446761556785
BEL,2018,1.87796847383565
BEL,2019,2.4428900448156
BEL,2020,-4.7929839083518
BEL,2021,6.25445686466593
BEL,2022,4.02460852835887
BEL,2023,1.56125539542029
BEL,2024,1.09775383828703
BEL,2025,0.983117967125935
BEN,2010,2.11406472648392
BEN,2011,2.96375291904201
BEN,2012,4.811223315688
BEN,2013,7.19143372144946
BEN,2014,6.35767909791932
BEN,2015,1.77815106030278
BEN,2016,3.33967342629693
BEN,2017,5.67156195150444
BEN,2018,6.69725362180888
BEN,2019,6.86568662848335
BEN,2020,3.84879240030133
BEN,2021,7.1554516457574
BEN,2022,6.25294705373625
BEN,2023,6.3527773854442
BEN,2024,7.45311566226201
BEN,2025,8.07408453688336
BFA,2010,8.44628157707625
BFA,2011,6.62256261306693
BFA,2012,6.45267237953146
BFA,2013,5.79258484509867
BFA,2014,4.32684561452976
BFA,2015,3.9212287937935
BFA,2016,5.95797670754024
BFA,2017,6.20348941121868
BFA,2018,6.60456906812341
BFA,2019,5.88920497068135
BFA,2020,2.01077262406221
BFA,2021,6.94252492572348
BFA,2022,1.62673258211919
BFA,2023,3.00027415814125
BFA,2024,4.83395810163883
BFA,2025,5.29461839319283
BGD,2010,5.57178818533122
BGD,2011,6.46437912497728
BGD,2012,6.52145877906443
BGD,2013,6.01360565834344
BGD,2014,6.0610593588495
BGD,2015,6.55263987816197
BGD,2016,7.11347821270093
BGD,2017,6.59024999794057
BGD,2018,7.31941263014136
BGD,2019,7.88191515117722
BGD,2020,3.44801755122445
BGD,2021,6.93867912442445
BGD,2022,7.09982877575158
BGD,2023,5.77511237007889
BGD,2024,4.22325911250161
BGD,2025,3.48990671836833
BGR,2010,1.55536266288017
BGR,2011,2.09017598337418
BGR,2012,0.748814556346105
BGR,2013,-0.542753400392826
BGR,2014,0.949449772002041
BGR,2015,3.39755351999294
BGR,2016,3.02662820096305
BGR,2017,2.74592737750996
BGR,2018,2.33015054210419
BGR,2019,3.79331964589196
BGR,2020,-3.13323543125917
BGR,2021,7.82817310703665
BGR,2022,4.08386398118941
BGR,2023,1.68151075832925
BGR,2024,3.38708962009333
BGR,2025,3.0963663917961
BHR,2010,4.3342989754845
BHR,2011,1.92815791170796
BHR,2012,3.80302899043062
BHR,2013,5.29262224906203
BHR,2014,4.30885692657077
BHR,2015,2.50787205267615
BHR,2016,3.81499327422425
BHR,2017,4.95383534123657
BHR,2018,2.05258864979861
BHR,2019,2.05287774418655
BHR,2020,-5.9113629524152
BHR,2021,4.35004091668986
BHR,2022,6.18016125475185
BHR,2023,3.87811614845566
BHR,2024,2.89710543153512
BHR,2025,3.48137573668635
BHS,2010,1.53866248693835
BHS,2011,0.613170735890648
BHS,2012,4.52003886739061
BHS,2013,-2.86320081549439
BHS,2014,1.8469701294558
BHS,2015,0.997411675486745
BHS,2016,-1.15650811269629
BHS,2017,3.3713988456489
BHS,2018,2.39795510823548
BHS,2019,-0.838585871193203
BHS,2020,-20.0893664891399
BHS,2021,17.5861390037409
BHS,2022,10.8779009410268
BHS,2023,3.04824180553773
BHS,2024,3.37866553336166
BIH,2010,0.865667236280544
BIH,2011,0.959511709726897
BIH,2012,-0.821837252962993
BIH,2013,2.34985873172397
BIH,2014,1.15384793371298
BIH,2015,4.28413016137854
BIH,2016,3.24225822231566
BIH,2017,3.24409895306594
BIH,2018,3.82900399349064
BIH,2019,2.88585242083978
BIH,2020,-3.01509335460439
BIH,2021,7.39164256472846
BIH,2022,4.22681333390325
BIH,2023,1.99439414850893
BIH,2024,3.22679979810856
BIH,2025,2.12861913138053
BLR,2010,7.75001707500896
BLR,2011,5.54997471638077
BLR,2012,1.70785253368828
BLR,2013,0.998719299661161
BLR,2014,1.65112470228097
BLR,2015,-3.82957056812593
BLR,2016,-2.5264464460425
BLR,2017,2.53218349471909
BLR,2018,3.14919758275296
BLR,2019,1.44645548204305
BLR,2020,-0.672742918585868
BLR,2021,2.43886210234947
BLR,2022,-4.65839591328999
BLR,2023,4.12654007153881
BLR,2024,4.34999638140579
BLR,2025,1.29999999999998
BLZ,2010,1.41741099233461
BLZ,2011,-0.13007112300869
BLZ,2012,3.94389321816617
BLZ,2013,4.06646561608865
BLZ,2014,3.89226067249989
BLZ,2015,2.7602602736023
BLZ,2016,-0.0187414958130319
BLZ,2017,-1.83323729057784
BLZ,2018,0.822068592512508
BLZ,2019,4.25658710030072
BLZ,2020,-13.5228997055506
BLZ,2021,17.9899244143607
BLZ,2022,9.25051329530994
BLZ,2023,0.500127941638667
BLZ,2024,3.50466435023895
BLZ,2025,2.74831731763744
BOL,2010,4.12672258996274
BOL,2011,5.20409245282328
BOL,2012,5.12227560125973
BOL,2013,6.79601141268498
BOL,2014,5.46056949136766
BOL,2015,4.85718718508603
BOL,2016,4.26392086992173
BOL,2017,4.19520633364647
BOL,2018,2.86808404814794
BOL,2019,1.50672102666863
BOL,2020,-12.7194690092717
BOL,2021,10.0290488827886
BOL,2022,3.74741781241461
BOL,2023,2.51636590154891
BOL,2024,-1.12335595517212
BOL,2025,-1.58237567348246
BRA,2010,7.52822581815364
BRA,2011,3.97442307944702
BRA,2012,1.92117598576537
BRA,2013,3.00482266944432
BRA,2014,0.503955740242247
BRA,2015,-3.54576339269425
BRA,2016,-3.27591690782192
BRA,2017,1.32286905404399
BRA,2018,1.783666761634
BRA,2019,1.22077782360842
BRA,2020,-3.2767587964736
BRA,2021,4.76260437908608
BRA,2022,3.01669435393015
BRA,2023,3.24165532906981
BRA,2024,3.41931516501906
BRA,2025,2.2857464902475
BRB,2010,-8.08072121134387
BRB,2011,-0.074211165126286
BRB,2012,-2.85797051387257
BRB,2013,0.195322007310409
BRB,2014,0.807325350394564
BRB,2015,-0.772620078410995
BRB,2016,1.41632446821541
BRB,2017,0.654655602860373
BRB,2018,-0.252085325827849
BRB,2019,0.241099789148677
BRB,2020,-17.4059314651747
BRB,2021,8.0198770096479
BRB,2022,15.9453206225473
BRB,2023,1.81419817804516
BRB,2024,3.3669492581395
BRB,2025,2.70000021764021
BRN,2010,2.74136439456163
BRN,2011,3.74440625524871
BRN,2012,0.913135189664487
BRN,2013,-2.12478292664558
BRN,2014,-2.50788727590711
BRN,2015,-0.392383749502031
BRN,2016,-2.47791771833224
BRN,2017,1.32872661057823
BRN,2018,0.0523710418528935
BRN,2019,3.86884436177075
BRN,2020,1.1335733495246
BRN,2021,-1.59076260099606
BRN,2022,-1.62833154515108
BRN,2023,1.12764418162719
BRN,2024,4.05251709306727
BRN,2025,0.66956214816436
BTN,2010,11.9318738376229
BTN,2011,8.4892584842808
BTN,2012,5.16482012683895
BTN,2013,1.73634039505693
BTN,2014,5.88108550658288
BTN,2015,6.66080128866197
BTN,2016,8.47594339232963
BTN,2017,2.08684522733067
BTN,2018,3.50187185732737
BTN,2019,5.75514851246506
BTN,2020,-10.2183974208569
BTN,2021,4.42136738945015
BTN,2022,5.21386783786224
BTN,2023,4.63215702969933
BTN,2024,7.49856206754038
BTN,2025,8.00502716233098
BWA,2010,10.119723322694
BWA,2011,6.83841052493574
BWA,2012,-0.170857099335691
BWA,2013,11.1029068737822
BWA,2014,5.69714422072884
BWA,2015,-4.85132507409779
BWA,2016,7.20442475914267
BWA,2017,4.11437856445083
BWA,2018,4.18869237159223
BWA,2019,3.0317733945467
BWA,2020,-8.72888243996397
BWA,2021,11.9162724376008
BWA,2022,5.48601706446772
BWA,2023,3.20806812224438
BWA,2024,-2.77988981666252
BWA,2025,-0.733898323852287
CAF,2010,4.63081843223307
CAF,2011,4.19461533741989
CAF,2012,5.05376125356918
CAF,2013,-36.3919770983887
CAF,2014,0.0810705153264877
CAF,2015,4.33712103020231
CAF,2016,4.75031684122342
CAF,2017,4.52727821346231
CAF,2018,3.78944359275462
CAF,2019,3.09999999999999
CAF,2020,0.899999996857062
CAF,2021,0.982919996264229
CAF,2022,0.453901876447787
CAF,2023,0.69996840076054
CAF,2024,1.49999999847535
CAF,2025,4.49950000393781
CAN,2010,3.09080633744851
CAN,2011,3.1371944343876
CAN,2012,1.75566133205234
CAN,2013,2.32581356612762
CAN,2014,2.87346675579731
CAN,2015,0.64997101491096
CAN,2016,1.03855091989323
CAN,2017,3.03383491841392
CAN,2018,2.74296341402246
CAN,2019,1.90843193887251
CAN,2020,-5.03823342794087
CAN,2021,5.95052804984759
CAN,2022,4.69541985045903
CAN,2023,1.95308552199025
CAN,2024,2.04626605401701
CAN,2025,1.74268536175708
CHE,2010,3.26063082122047
CHE,2011,1.40766067483813
CHE,2012,1.12413575027705
CHE,2013,1.83612392927999
CHE,2014,2.54342347675991
CHE,2015,1.45450336491099
CHE,2016,1.91159094214852
CHE,2017,1.42034612231261
CHE,2018,3.32743256101493
CHE,2019,1.11532187197474
CHE,2020,-2.2552579425106
CHE,2021,6.17622836050151
CHE,2022,3.53430286842426
CHE,2023,0.825560934124624
CHE,2024,1.39033363875791
CHE,2025,1.30007790958307
CHL,2010,5.85165102224047
CHL,2011,6.22389678509138
CHL,2012,6.15534001855494
CHL,2013,3.30850824710085
CHL,2014,1.79264947139259
CHL,2015,2.15194249981184
CHL,2016,1.753038749071
CHL,2017,1.35769537343957
CHL,2018,3.99002947789977
CHL,2019,0.644223402631923
CHL,2020,-6.1396969411886
CHL,2021,11.3374032409913
CHL,2022,2.06391864254198
CHL,2023,0.677024831595858
CHL,2024,2.80512637106611
CHL,2025,2.45925474781374
CHN,2010,10.5916903885704
CHN,2011,9.46205248298186
CHN,2012,7.8578201481217
CHN,2013,7.77842954757257
CHN,2014,7.46100735778161
CHN,2015,6.98162255562367
CHN,2016,6.7736886867727
CHN,2017,6.89123916636191
CHN,2018,6.757806142324
CHN,2019,6.06737806333672
CHN,2020,2.33950385203023
CHN,2021,8.57038414981781
CHN,2022,3.13385438394069
CHN,2023,5.41600334492955
CHN,2024,4.95830378788091
CHN,2025,4.95994886240992
CIV,2010,6.84804939907013
CIV,2011,-5.37044724000579
CIV,2012,7.62041176451649
CIV,2013,10.7602131311256
CIV,2014,9.37199994240375
CIV,2015,7.19494942728191
CIV,2016,7.17275963956332
CIV,2017,7.41076242592504
CIV,2018,4.84314605889178
CIV,2019,6.72137167584978
CIV,2020,0.699728593494228
CIV,2021,7.06253713446816
CIV,2022,6.39988362730921
CIV,2023,6.60000045209176
CIV,2024,6.0195346193922
CIV,2025,6.4999999999999
CMR,2010,2.89902472122014
CMR,2011,3.37921128506045
CMR,2012,4.62597872209571
CMR,2013,4.99552916130783
CMR,2014,5.71981814509198
CMR,2015,5.66695298703932
CMR,2016,4.53579423678801
CMR,2017,3.54117654926007
CMR,2018,3.95551423892049
CMR,2019,3.47505998194981
CMR,2020,0.259932915907115
CMR,2021,3.33885747179505
CMR,2022,3.7367840056412
CMR,2023,3.34756290750219
CMR,2024,3.52472308052245
CMR,2025,3.20000015616144
COD,2010,8.61867717510543
COD,2011,-0.403164081254445
COD,2012,8.66859360586926
COD,2013,17.5159124688348
COD,2014,7.30227750870263
COD,2015,6.35973756164829
COD,2016,0.393832798154563
COD,2017,4.24121047272719
COD,2018,6.07168870646615
COD,2019,0.555384294580819
COD,2020,0.775427992354622
COD,2021,6.42961005647355
COD,2022,9.31116944064918
COD,2023,8.5334898318451
COD,2024,6.1025294442863
COD,2025,5.75924471639999
COG,2010,9.93126543095578
COG,2011,2.20591936286718
COG,2012,9.94715314257564
COG,2013,-0.712434451876447
COG,2014,6.64606540928447
COG,2015,0.415193061293763
COG,2016,-8.68524343913786
COG,2017,-5.59477371915547
COG,2018,-2.30431780125842
COG,2019,1.12447391976529
COG,2020,-6.26777227963225
COG,2021,1.01507036990908
COG,2022,1.47535613247133
COG,2023,1.90686426346754
COG,2024,2.09998918002519
COG,2025,3.08292728120063
COL,2010,4.49465897070922
COL,2011,6.94789198173555
COL,2012,3.91263576716115
COL,2013,5.13399351995672
COL,2014,4.49903000110972
COL,2015,2.95590137527523
COL,2016,2.08738250162794
COL,2017,1.35936086788746
COL,2018,2.56432428277704
COL,2019,3.18685539245533
COL,2020,-7.18591413760859
COL,2021,10.8011981904878
COL,2022,7.32827729427979
COL,2023,0.841819555752039
COL,2024,1.49330728771066
COL,2025,2.64201548985928
COM,2010,3.77776673684423
COM,2011,4.14350668765977
COM,2012,3.1684098843342
COM,2013,4.46624729869704
COM,2014,2.10665760321017
COM,2015,1.14735632260047
COM,2016,3.3204465548877
COM,2017,3.81576287489548
COM,2018,3.64245114733689
COM,2019,1.76078023564568
COM,2020,-0.195556841918759
COM,2021,2.04245238320844
COM,2022,2.45381174550259
COM,2023,3.1866131800554
COM,2024,3.30071498500033
COM,2025,3.7544428489181
CPV,2010,1.83641914989978
CPV,2011,3.92471821338283
CPV,2012,1.08364848376166
CPV,2013,0.632136727385131
CPV,2014,0.696666840118581
CPV,2015,0.936026507808833
CPV,2016,4.28071482662371
CPV,2017,4.5513148102974
CPV,2018,3.70696458310842
CPV,2019,6.94782634051859
CPV,2020,-20.8052758990735
CPV,2021,7.03353010694514
CPV,2022,15.843675684642
CPV,2023,4.7947613911073
CPV,2024,6.98888280991075
CPV,2025,6.29698518253096
CRI,2010,5.36034347722267
CRI,2011,4.40315921836142
CRI,2012,4.88259252932575
CRI,2013,2.49476596233289
CRI,2014,3.54210997703849
CRI,2015,3.65208093006359
CRI,2016,4.20432320775184
CRI,2017,4.15769914676933
CRI,2018,2.85285959760458
CRI,2019,2.70813912948329
CRI,2020,-4.14159340574358
CRI,2021,8.21817953969082
CRI,2022,5.46119455235068
CRI,2023,4.79187732359398
CRI,2024,4.08292444182048
CRI,2025,4.56033547844829
CUB,2010,2.39035229650723
CUB,2011,2.80230083647626
CUB,2012,3.01490028898772
CUB,2013,2.74760256257211
CUB,2014,1.04757663187654
CUB,2015,4.4383335888395
CUB,2016,0.512843095700745
CUB,2017,1.80979178380274
CUB,2018,2.24794852913217
CUB,2019,-0.163087223606624
CUB,2020,-10.9494359030206
CUB,2021,1.25448735650322
CUB,2022,1.77465227724316
CUB,2023,-1.92937123169681
CUB,2024,-1.06173273220524
CYP,2010,2.28267100119788
CYP,2011,0.416711868408683
CYP,2012,-3.44738151374587
CYP,2013,-6.58747751118347
CYP,2014,-1.77605867728616
CYP,2015,3.41892038889013
CYP,2016,6.57359080924678
CYP,2017,5.75083236554525
CYP,2018,6.27166360056404
CYP,2019,5.87559583386607
CYP,2020,-3.22063018637567
CYP,2021,11.3975590801512
CYP,2022,8.73854684881674
CYP,2023,3.62045368236082
CYP,2024,3.94076934447787
CYP,2025,3.77325347982725
CZE,2010,2.71466509907701
CZE,2011,1.77238085338473
CZE,2012,-0.770668190622743
CZE,2013,-0.0418124160447491
CZE,2014,2.24521219862635
CZE,2015,4.95875848915604
CZE,2016,2.58087013921376
CZE,2017,5.17356529967881
CZE,2018,2.83030588267866
CZE,2019,3.56577658128261
CZE,2020,-5.30487955463876
CZE,2021,4.02901832055149
CZE,2022,2.8471706583814
CZE,2023,0.0475803308973752
CZE,2024,1.25131096245923
CZE,2025,2.58046673293437
DEU,2010,4.13463778522758
DEU,2011,3.75796884489337
DEU,2012,0.463512036709204
DEU,2013,0.396995583779145
DEU,2014,2.18018602168017
DEU,2015,1.66300602334775
DEU,2016,2.22222216259371
DEU,2017,2.797906720551
DEU,2018,1.13569604599849
DEU,2019,0.977734697038784
DEU,2020,-4.13191443239947
DEU,2021,3.90999994204108
DEU,2022,1.8092581243061
DEU,2023,-0.869647578573321
DEU,2024,-0.495851897260366
DEU,2025,0.239578342117881
DJI,2014,7.19298728463697
DJI,2015,7.30898563450799
DJI,2016,7.1234323372872
DJI,2017,5.458091517212
DJI,2018,4.77433934943193
DJI,2019,5.54508081154978
DJI,2020,1.2021151728969
DJI,2021,4.40715667561153
DJI,2022,5.16653702854374
DJI,2023,6.80733529403308
DJI,2024,6.98048467276334
DJI,2025,6.4954610524268
DMA,2010,-0.105610857694984
DMA,2011,0.0427388878891435
DMA,2012,-0.15739179314221
DMA,2013,0.0045039972976042
DMA,2014,2.33521742067693
DMA,2015,-3.37338262476895
DMA,2016,1.44724556489263
DMA,2017,-7.5443637547282
DMA,2018,2.964010610466
DMA,2019,3.94809757938053
DMA,2020,-15.7064024545862
DMA,2021,5.37983838954712
DMA,2022,10.3968076616121
DMA,2023,3.65221012208734
DMA,2024,2.052738472526
DMA,2025,3.05243763087539
DNK,2010,1.58289703108802
DNK,2011,1.3108037609606
DNK,2012,-0.00543230161670749
DNK,2013,1.39267343161971
DNK,2014,1.27799983192831
DNK,2015,2.10441456445301
DNK,2016,3.07304549209093
DNK,2017,3.05647723922718
DNK,2018,1.8600074900921
DNK,2019,1.71140093932736
DNK,2020,-1.78010601831291
DNK,2021,6.50025445756295
DNK,2022,0.443832614908331
DNK,2023,0.604587766175584
DNK,2024,3.47783593140312
DNK,2025,2.92843280014236
DOM,2010,8.40114541209596
DOM,2011,3.19196227475523
DOM,2012,2.77567100848816
DOM,2013,4.93473300709881
DOM,2014,7.11122629673892
DOM,2015,6.98771131236387
DOM,2016,6.71974078681295
DOM,2017,3.93386176401576
DOM,2018,7.09751640210159
DOM,2019,4.8940301149584
DOM,2020,-7.92905234231061
DOM,2021,14.0124289062207
DOM,2022,5.23795652902595
DOM,2023,2.19229848237939
DOM,2024,4.95352204492849
DOM,2025,2.11739113534632
DZA,2010,4.80000000093564
DZA,2011,2.99999999941909
DZA,2012,2.40000000034432
DZA,2013,2.60000000061164
DZA,2014,4.09999999866501
DZA,2015,3.20000000089023
DZA,2016,3.90000000017621
DZA,2017,1.49999999895587
DZA,2018,1.40000000088281
DZA,2019,0.899999999219148
DZA,2020,-4.99999999908597
DZA,2021,3.79999999900707
DZA,2022,3.60000000094915
DZA,2023,4.10000000005964
DZA,2024,3.69999999907979
DZA,2025,3.815543719231
ECU,2010,4.02913787986621
ECU,2011,8.48147656332823
ECU,2012,5.783212336172
ECU,2013,7.21123653679159
ECU,2014,4.22606520388456
ECU,2015,0.119692109287612
ECU,2016,-0.687954245877947
ECU,2017,5.97039880954841
ECU,2018,1.04429460679607
ECU,2019,0.1654044646003
ECU,2020,-9.24509619165865
ECU,2021,9.42189269033631
ECU,2022,5.86842354862311
ECU,2023,1.8328406107788
ECU,2024,-1.94409022506859
ECU,2025,3.72594857272087
EGY,2010,5.14723485746742
EGY,2011,1.76457194806041
EGY,2012,2.22619979818487
EGY,2013,2.18546605363386
EGY,2014,2.91591188052836
EGY,2015,4.37201907781687
EGY,2016,4.34664345601914
EGY,2017,4.18122099961562
EGY,2018,5.33110861887155
EGY,2019,5.55209307084222
EGY,2020,3.55016483883115
EGY,2021,3.29064601193245
EGY,2022,6.58784560870467
EGY,2023,3.76028052279247
EGY,2024,2.3991692678251
EGY,2025,4.39201068570188
ERI,2010,2.19419034888082
ERI,2011,8.67980010138049
ESP,2010,0.0941223116369514
ESP,2011,-0.639920636520344
ESP,2012,-2.86511368637748
ESP,2013,-1.42732224757626
ESP,2014,1.52048593647231
ESP,2015,4.06086672473866
ESP,2016,2.91515598595787
ESP,2017,2.89604207865007
ESP,2018,2.39541124478878
ESP,2019,1.96117850841711
ESP,2020,-10.9400706350371
ESP,2021,6.68314420473001
ESP,2022,6.37031712129601
ESP,2023,2.46085796805582
ESP,2024,3.45525405630191
ESP,2025,2.82495400578509
EST,2010,2.4497502063999
EST,2011,7.60697458913162
EST,2012,3.67201872506541
EST,2013,1.75649379621869
EST,2014,3.32278988182702
EST,2015,1.83815262882932
EST,2016,3.09301920751959
EST,2017,5.63467248963991
EST,2018,3.69969756161726
EST,2019,3.72664943466884
EST,2020,-2.88380751483778
EST,2021,8.25488044580031
EST,2022,-1.22616966587796
EST,2023,-2.74421914571231
EST,2024,-0.0900428648493801
EST,2025,0.584308464789387
ETH,2010,12.5505383347633
ETH,2011,11.1782962297008
ETH,2012,8.64781163513926
ETH,2013,10.5822700502552
ETH,2014,10.2574929627477
ETH,2015,10.3924630141307
ETH,2016,9.43348265981905
ETH,2017,9.56418965754014
ETH,2018,6.81614778557282
ETH,2019,8.36408573111346
ETH,2020,6.05953089248577
ETH,2021,5.64153069324176
ETH,2022,5.32175988485454
ETH,2023,6.59424599054353
ETH,2024,7.61277447616879
ETH,2025,9.7715182202934
FIN,2010,3.1682879121621
FIN,2011,2.39039455396828
FIN,2012,-1.52284013040689
FIN,2013,-0.979741024949618
FIN,2014,-0.4780684247837
FIN,2015,0.466503766322674
FIN,2016,2.57193414898754
FIN,2017,3.30337003591039
FIN,2018,1.19297759742292
FIN,2019,1.34973845741737
FIN,2020,-2.49103605535707
FIN,2021,2.67634641498897
FIN,2022,0.763041912763526
FIN,2023,-1.28973484453397
FIN,2024,0.374566568538427
FIN,2025,0.173444509584499
FJI,2010,2.95467268842502
FJI,2011,2.70514231228027
FJI,2012,1.41131415220703
FJI,2013,4.7342203729816
FJI,2014,5.60351397766961
FJI,2015,4.50120064471365
FJI,2016,2.44565202449249
FJI,2017,5.35336434979577
FJI,2018,3.812350939512
FJI,2019,-0.581946590349759
FJI,2020,-17.1835352599354
FJI,2021,-4.3459619989752
FJI,2022,17.7451269773594
FJI,2023,9.44245856738313
FJI,2024,3.53085896076352
FJI,2025,3.19546862124029
FRA,2010,2.00032476039051
FRA,2011,2.43757653729007
FRA,2012,0.183835264973013
FRA,2013,0.781756446231
FRA,2014,0.997832947295251
FRA,2015,1.06675474783462
FRA,2016,0.860031075424033
FRA,2017,2.08361485997399
FRA,2018,1.64590872395887
FRA,2019,2.02744646419237
FRA,2020,-7.44064589948231
FRA,2021,6.88233783360239
FRA,2022,2.71676264185913
FRA,2023,1.43921494437743
FRA,2024,1.19046798275883
FRA,2025,0.840949955479587
FSM,2010,1.7094017094017
FSM,2011,3.78151260504202
FSM,2012,-1.61943319838058
FSM,2013,-3.70370370370371
FSM,2014,-2.56410256410257
FSM,2015,4.3859649122807
FSM,2016,1.26050420168067
FSM,2017,2.07468879668049
FSM,2018,0.406504065040664
FSM,2019,3.64372469635627
FSM,2020,-2.05703124999999
FSM,2021,3.09969928290539
FSM,2022,-3.11412501063803
FSM,2023,1.13097800090873
FSM,2024,2.30132923576443
FSM,2025,1.0626071425539
GAB,2010,7.08988731455126
GAB,2011,7.09175334258654
GAB,2012,5.25107691750407
GAB,2013,5.63869900338696
GAB,2014,4.31496444107469
GAB,2015,3.8788993950789
GAB,2016,2.09144220829562
GAB,2017,0.472642030911146
GAB,2018,0.83791658082157
GAB,2019,3.92080879452831
GAB,2020,-1.8377610635094
GAB,2021,1.46795731508091
GAB,2022,3.03761449525692
GAB,2023,2.43893665041031
GAB,2024,3.39403899521831
GAB,2025,2.47287961498321
GBR,2010,2.26054460931586
GBR,2011,0.851437739020326
GBR,2012,1.52826034721852
GBR,2013,1.71846961308464
GBR,2014,3.16017351468152
GBR,2015,2.14040560033371
GBR,2016,2.20652020635357
GBR,2017,3.02322219840339
GBR,2018,1.55133095078786
GBR,2019,1.25629899760824
GBR,2020,-10.047896637362
GBR,2021,8.5431118453255
GBR,2022,5.14970388522993
GBR,2023,0.271650048355255
GBR,2024,1.08027716858781
GBR,2025,1.38844207858726
GEO,2010,6.24640865303363
GEO,2011,7.9343365253078
GEO,2012,6.57883101954195
GEO,2013,5.13288531209382
GEO,2014,4.09049059581743
GEO,2015,3.35102350265353
GEO,2016,3.45021517996871
GEO,2017,5.15990261658827
GEO,2018,6.062036412677
GEO,2019,5.38071926589951
GEO,2020,-6.2904717853839
GEO,2021,10.6442336580969
GEO,2022,10.9585321385624
GEO,2023,7.83220126555726
GEO,2024,9.67979379712661
GEO,2025,7.46161504152039
GHA,2010,7.89971194051621
GHA,2011,14.0471235803149
GHA,2012,9.2927894063005
GHA,2013,7.31252501678145
GHA,2014,2.85624016330883
GHA,2015,2.12075933817334
GHA,2016,3.37346574966936
GHA,2017,8.12889488100956
GHA,2018,6.20007768127284
GHA,2019,6.5077747939152
GHA,2020,0.513941670628171
GHA,2021,5.07646643533542
GHA,2022,3.80484978178042
GHA,2023,3.14009100080186
GHA,2024,5.84746854280382
GHA,2025,5.95441714756899
GIN,2010,4.81336016967553
GIN,2011,5.61211177430975
GIN,2012,5.91528626133322
GIN,2013,3.94568708624053
GIN,2014,3.69655311664086
GIN,2015,3.82591056949435
GIN,2016,10.82062719659
GIN,2017,10.3000053427355
GIN,2018,6.35849192736715
GIN,2019,5.61691446889876
GIN,2020,4.70459096113575
GIN,2021,5.5823328114905
GIN,2022,3.97240784200721
GIN,2023,5.54172668627702
GIN,2024,5.35004659049265
GIN,2025,7.44709668357611
GMB,2010,5.90833580968288
GMB,2011,-8.13044422315659
GMB,2012,5.24156924630741
GMB,2013,2.872768790327
GMB,2014,-1.40738249510954
GMB,2015,4.0580738039996
GMB,2016,1.94335965478776
GMB,2017,4.8226112492757
GMB,2018,7.23489033258579
GMB,2019,6.22205315994859
GMB,2020,0.591487287873974
GMB,2021,5.25596878816744
GMB,2022,5.49299823010114
GMB,2023,5.91679576551141
GMB,2024,5.55126065805138
GMB,2025,5.89309208233146
GNB,2010,5.60536311358261
GNB,2011,8.08504167173554
GNB,2012,-1.71286958446419
GNB,2013,3.25607190852087
GNB,2014,0.964525745841428
GNB,2015,6.1340893623123
GNB,2016,5.4326782650304
GNB,2017,4.66367943913264
GNB,2018,3.76145359637003
GNB,2019,5.32749571119344
GNB,2020,2.89149979806913
GNB,2021,5.0173096003907
GNB,2022,5.45776090019501
GNB,2023,4.63052364601562
GNB,2024,4.40920107183611
GNB,2025,5.81813762310792
GNQ,2010,-8.92417588851806
GNQ,2011,6.52392362989873
GNQ,2012,8.31287184445641
GNQ,2013,-4.13319850131583
GNQ,2014,0.415066301596866
GNQ,2015,-9.11004114881537
GNQ,2016,-8.81641723219757
GNQ,2017,-5.66750850486686
GNQ,2018,-6.23654406734575
GNQ,2019,-5.48182537893445
GNQ,2020,-4.79108083383294
GNQ,2021,0.860269956382069
GNQ,2022,3.22350831658598
GNQ,2023,-7.4250553172124
GNQ,2024,0.39622552095193
GNQ,2025,-5.84678505700693
GRC,2010,-5.6937412158003
GRC,2011,-9.87677875300243
GRC,2012,-8.33113421099992
GRC,2013,-2.27211699888024
GRC,2014,0.792225060962835
GRC,2015,-0.228301892172851
GRC,2016,-0.0317947678412054
GRC,2017,1.47312472702352
GRC,2018,2.06467207892409
GRC,2019,2.27718065334808
GRC,2020,-9.19623149726978
GRC,2021,8.65449786002131
GRC,2022,5.52198580589408
GRC,2023,2.13591131996631
GRC,2024,2.0865743380603
GRC,2025,2.07306882481713
GRD,2010,-0.511146187173722
GRD,2011,0.764773550338731
GRD,2012,-1.15483816409801
GRD,2013,2.35109801677905
GRD,2014,7.34212396037948
GRD,2015,6.44522314693144
GRD,2016,3.7396039558691
GRD,2017,4.43867566948151
GRD,2018,4.36144039364797
GRD,2019,0.676511738873756
GRD,2020,-13.7566222572107
GRD,2021,4.6977240232674
GRD,2022,7.31023806981959
GRD,2023,4.52657497450693
GRD,2024,2.3996478454327
GRD,2025,4.41201
GTM,2010,2.88417542800377
GTM,2011,4.16390688293349
GTM,2012,2.97470856847661
GTM,2013,3.69476814623695
GTM,2014,4.44397825774911
GTM,2015,4.09217170075418
GTM,2016,2.6778031930216
GTM,2017,3.0798512212244
GTM,2018,3.40687328176345
GTM,2019,4.01789830861587
GTM,2020,-1.78555117570465
GTM,2021,8.04170398855833
GTM,2022,4.15492196609047
GTM,2023,3.52430434049013
GTM,2024,3.71558453779777
GTM,2025,4.28003207921405
GUY,2010,4.13844160137342
GUY,2011,5.19625156051602
GUY,2012,5.27633062046809
GUY,2013,3.65338433338232
GUY,2014,1.68649445019584
GUY,2015,0.687404590619494
GUY,2016,3.80745626378814
GUY,2017,3.73449154571284
GUY,2018,4.44091288475967
GUY,2019,5.35284003535665
GUY,2020,43.479651716849
GUY,2021,20.0599975568418
GUY,2022,63.3346343654855
GUY,2023,33.795011115873
GUY,2024,43.8192726391966
GUY,2025,19.3360097091818
HND,2010,3.73114034433009
HND,2011,3.83569066207505
HND,2012,4.12868774866939
HND,2013,2.79155975746801
HND,2014,3.0580805621437
HND,2015,3.84007997093951
HND,2016,3.89297219726413
HND,2017,4.84291391050387
HND,2018,3.84499476966735
HND,2019,2.55963434592314
HND,2020,-8.96508223267296
HND,2021,12.5652843771279
HND,2022,4.14356194013767
HND,2023,3.57584760454412
HND,2024,3.63240745450875
HND,2025,3.75143102801252
HRV,2010,-1.33616285467264
HRV,2011,-0.111527124990047
HRV,2012,-2.23702049605232
HRV,2013,-0.132561080066893
HRV,2014,-0.559537666687092
HRV,2015,2.32056679330526
HRV,2016,3.46613146011039
HRV,2017,3.2840626939789
HRV,2018,2.91107146210912
HRV,2019,3.10247285336254
HRV,2020,-8.31046995309319
HRV,2021,12.6312741312741
HRV,2022,7.29479114889533
HRV,2023,3.76204092717136
HRV,2024,3.82578440126859
HRV,2025,3.40307537181749
HTI,2010,-5.65151153448299
HTI,2011,5.09821354410036
HTI,2012,0.502424403581585
HTI,2013,4.32478411472874
HTI,2014,2.88877250863379
HTI,2015,1.40000000859727
HTI,2016,1.81246807847532
HTI,2017,2.51027134544685
HTI,2018,1.66781095484656
HTI,2019,-1.72309699839232
HTI,2020,-3.30550546965893
HTI,2021,-1.79823988931486
HTI,2022,-1.68198396897978
HTI,2023,-1.86388420254838
HTI,2024,-4.18495104762965
HTI,2025,-2.71291075761471
HUN,2010,1.06795068152046
HUN,2011,1.91670916599742
HUN,2012,-1.33948446518181
HUN,2013,2.03216990678146
HUN,2014,4.33435364113967
HUN,2015,3.65981615406955
HUN,2016,2.43864141309342
HUN,2017,4.12418389451805
HUN,2018,5.60613813768876
HUN,2019,5.07718495088933
HUN,2020,-4.33872540024058
HUN,2021,7.22291580811137
HUN,2022,4.15238057779229
HUN,2023,-0.817107370513455
HUN,2024,0.709070599066038
HUN,2025,0.509542309726868
IDN,2010,6.22385418062366
IDN,2011,6.16978420771008
IDN,2012,6.03005065305615
IDN,2013,5.5572636889101
IDN,2014,5.006668425755
IDN,2015,4.87632230022123
IDN,2016,5.03306918280177
IDN,2017,5.06978590134916
IDN,2018,5.17429153955024
IDN,2019,5.01928768046282
IDN,2020,-2.06551182934165
IDN,2021,3.70288562827751
IDN,2022,5.30719722664799
IDN,2023,5.04883117855516
IDN,2024,5.03257477088519
IDN,2025,5.10808904438025
IND,2010,8.49758470165625
IND,2011,5.24131620024293
IND,2012,5.45638755164772
IND,2013,6.38610640091713
IND,2014,7.41022760516977
IND,2015,7.99625378567987
IND,2016,8.25630550176662
IND,2017,6.79538341902422
IND,2018,6.45385134495295
IND,2019,3.87143694070524
IND,2020,-5.77772470687303
IND,2021,9.68959249191741
IND,2022,7.6093649776932
IND,2023,7.210224629335
IND,2024,7.09927893176518
IND,2025,7.56666179284244
IRL,2010,1.68297175486512
IRL,2011,1.60886648916944
IRL,2012,-0.40502941658977
IRL,2013,2.1929375750029
IRL,2014,9.38579335130922
IRL,2015,24.6239856364006
IRL,2016,1.22271661130947
IRL,2017,10.1088576065965
IRL,2018,7.68865937437435
IRL,2019,4.97288003766816
IRL,2020,7.15369505735335
IRL,2021,16.2581881158197
IRL,2022,7.51113888415304
IRL,2023,-2.53637409313261
IRL,2024,2.59946721553708
IRL,2025,12.3375990291434
IRN,2010,5.79793830169604
IRN,2011,2.6457179180628
IRN,2012,-3.74717139864109
IRN,2013,-1.52197920494184
IRN,2014,4.98477506709476
IRN,2015,-1.42488493937503
IRN,2016,8.8150866425182
IRN,2017,3.02685468694025
IRN,2018,-3.74796015711334
IRN,2019,-2.36143538770575
IRN,2020,4.44180865358672
IRN,2021,4.13089685034471
IRN,2022,4.35281087521344
IRN,2023,5.33235116079808
IRN,2024,3.66312057949303
IRN,2025,-2.82597163290347
IRQ,2010,6.40256484471193
IRQ,2011,7.546471200426
IRQ,2012,13.9364301737537
IRQ,2013,7.62828592298754
IRQ,2014,2.26368817563613
IRQ,2015,2.60676642939541
IRQ,2016,13.7873730187089
IRQ,2017,-1.81975035118309
IRQ,2018,2.63385099105624
IRQ,2019,5.5137905789381
IRQ,2020,-12.0367930960454
IRQ,2021,1.5021807095434
IRQ,2022,7.95904804990212
IRQ,2023,0.517705525140073
IRQ,2024,-1.54525198319173
IRQ,2025,-2.15574219066178
ISL,2010,-2.22181843777449
ISL,2011,1.37999669197329
ISL,2012,1.16931174934061
ISL,2013,3.59695697128252
ISL,2014,1.91381613095174
ISL,2015,3.76859020213645
ISL,2016,6.21808764670307
ISL,2017,3.48506704155555
ISL,2018,4.66077036232377
ISL,2019,1.13821227336888
ISL,2020,-6.64587810456635
ISL,2021,5.18057190719905
ISL,2022,8.85729897856851
ISL,2023,5.0322597376242
ISL,2024,-1.2828764442695
ISL,2025,1.27946207863934
ISR,2010,5.54470607068944
ISR,2011,5.51341969081251
ISR,2012,2.40993765217618
ISR,2013,4.09013743330735
ISR,2014,3.718144149431
ISR,2015,2.23599889603805
ISR,2016,4.53601939236572
ISR,2017,4.34394518932547
ISR,2018,4.05349952888294
ISR,2019,3.57898762923605
ISR,2020,-1.80206927953466
ISR,2021,9.33534690236249
ISR,2022,6.36407234798706
ISR,2023,2.06272504731618
ISR,2024,0.953618469238535
ISR,2025,2.93114966387968
ITA,2010,1.52910573247101
ITA,2011,0.695463154440176
ITA,2012,-3.12523877282996
ITA,2013,-1.81802510749792
ITA,2014,-0.00138761730454462
ITA,2015,0.885667635240807
ITA,2016,1.23622108511661
ITA,2017,1.60369995294101
ITA,2018,0.826646712344115
ITA,2019,0.429162533780342
ITA,2020,-8.86822122185345
ITA,2021,8.93106210800055
ITA,2022,4.82117669913565
ITA,2023,0.922796543670316
ITA,2024,0.783039135276795
ITA,2025,0.539583636778445
JAM,2010,-1.45714720850386
JAM,2011,1.73037627006349
JAM,2012,-0.613636042132399
JAM,2013,0.517686011311724
JAM,2014,0.689822359762587
JAM,2015,0.92148712399856
JAM,2016,2.76043761369557
JAM,2017,2.29303371291363
JAM,2018,2.51584458612513
JAM,2019,1.80943147301357
JAM,2020,-8.30441923583135
JAM,2021,5.70467978309095
JAM,2022,6.43930323656186
JAM,2023,2.74634433906714
JAM,2024,-0.535039063867487
JAM,2025,0.0816454877745656
JOR,2010,2.6377158262256
JOR,2011,2.90729315392207
JOR,2012,2.40465716535539
JOR,2013,2.72311205964112
JOR,2014,3.32287328047509
JOR,2015,2.52261671092148
JOR,2016,2.11166806967252
JOR,2017,2.50770398070352
JOR,2018,1.85383415616927
JOR,2019,1.85633006592765
JOR,2020,-1.15257534158022
JOR,2021,3.75201276755828
JOR,2022,2.7468615450031
JOR,2023,3.12900102017251
JOR,2024,2.55605891810194
JOR,2025,2.82660839845745
JPN,2010,4.13645589222239
JPN,2011,-0.20035785332982
JPN,2012,1.64893452981225
JPN,2013,1.99727653399265
JPN,2014,0.905915486065865
JPN,2015,1.79997735783475
JPN,2016,0.704986495111257
JPN,2017,1.62345062245441
JPN,2018,0.834143845965585
JPN,2019,-0.308496921143259
JPN,2020,-4.28327942675573
JPN,2021,3.56419531474475
JPN,2022,1.33164750653741
JPN,2023,0.720785304749811
JPN,2024,-0.240084236041696
JPN,2025,1.19311288444599
KAZ,2010,7.30000000329814
KAZ,2011,7.40000000144188
KAZ,2012,4.79999999528297
KAZ,2013,5.99999999671084
KAZ,2014,4.20000000566705
KAZ,2015,1.20000000053288
KAZ,2016,1.09999999910173
KAZ,2017,4.10000000257358
KAZ,2018,4.09999999309841
KAZ,2019,4.50000000091883
KAZ,2020,-2.49999999628
KAZ,2021,4.29999999729456
KAZ,2022,3.19999999970734
KAZ,2023,5.09999999973641
KAZ,2024,4.99999999996936
KAZ,2025,6.5
KEN,2010,8.05847360290906
KEN,2011,5.1211061197056
KEN,2012,4.56867961444982
KEN,2013,3.7978483925754
KEN,2014,5.02011100232484
KEN,2015,4.96772112759767
KEN,2016,4.21351706814744
KEN,2017,3.83795817364721
KEN,2018,5.64794640709219
KEN,2019,5.11415885767801
KEN,2020,-0.272766327438816
KEN,2021,7.59048947333467
KEN,2022,4.85998104287999
KEN,2023,5.71999241214208
KEN,2024,4.66019594571891
KEN,2025,4.63261093844984
KGZ,2010,-0.471566596791618
KGZ,2011,5.95627429693504
KGZ,2012,-0.0881501998439376
KGZ,2013,10.9154694528045
KGZ,2014,4.02403863083252
KGZ,2015,3.87582544512439
KGZ,2016,4.33585592190116
KGZ,2017,4.73993722377884
KGZ,2018,3.75791013557165
KGZ,2019,4.60062565707598
KGZ,2020,-7.14897757727955
KGZ,2021,5.50700762671923
KGZ,2022,8.96750520041391
KGZ,2023,9.0132928339342
KGZ,2024,11.5397119406559
KGZ,2025,11.0960203357132
KHM,2010,5.07691843229247
KHM,2011,7.28665813879552
KHM,2012,7.65025657870362
KHM,2013,7.8574997554252
KHM,2014,8.00032074618566
KHM,2015,7.20703472529512
KHM,2016,7.90550116130704
KHM,2017,8.07503915535979
KHM,2018,8.77622376224463
KHM,2019,7.93695013588524
KHM,2020,-3.55572193406549
KHM,2021,3.08984284148661
KHM,2022,5.12990110773977
KHM,2023,5.00733043811898
KHM,2024,6.0158145735202
KHM,2025,5.34932084572877
KIR,2010,1.2259519892488
KIR,2011,3.26372719532225
KIR,2012,5.80365974645258
KIR,2013,7.73092188699647
KIR,2014,1.26366268044595
KIR,2015,11.2653209431294
KIR,2016,7.08803465778669
KIR,2017,3.71200171622053
KIR,2018,3.42465753424656
KIR,2019,3.31125827814569
KIR,2020,-1.28205128205127
KIR,2021,8.44155844155846
KIR,2022,5.08982035928143
KIR,2023,3.13390313390313
KIR,2024,4.69613259668509
KIR,2025,4.22163588390501
KNA,2010,-0.0541942065330545
KNA,2011,1.61660730423688
KNA,2012,-0.737636737448398
KNA,2013,5.72728087234704
KNA,2014,7.57696602328922
KNA,2015,0.694135527876625
KNA,2016,3.93270319273282
KNA,2017,0.220941147299996
KNA,2018,2.00352549800972
KNA,2019,2.93824658056356
KNA,2020,-15.3018891740649
KNA,2021,0.367606879216311
KNA,2022,10.4804941546807
KNA,2023,3.02127526129283
KNA,2024,0.312226855858171
KNA,2025,2.68858456990016
KOR,2010,6.98166138853071
KOR,2011,3.6880320602952
KOR,2012,2.54766550568242
KOR,2013,3.2913959543442
KOR,2014,3.21468019683108
KOR,2015,2.92029267301234
KOR,2016,3.17152748983935
KOR,2017,3.433191763972
KOR,2018,3.17611568177327
KOR,2019,2.31380210595475
KOR,2020,-0.700242317542106
KOR,2021,4.61296795454287
KOR,2022,2.72756456708991
KOR,2023,1.58301467403629
KOR,2024,2.00361101838986
KOR,2025,1.00701840291242
KWT,2010,-2.37054804425912
KWT,2011,9.62863419534361
KWT,2012,6.62587485078971
KWT,2013,1.14946552780648
KWT,2014,0.500914669444924
KWT,2015,0.592770817217982
KWT,2016,2.92607584256388
KWT,2017,-4.71222270495362
KWT,2018,2.74333045031415
KWT,2019,2.26381706595791
KWT,2020,-4.81731593381585
KWT,2021,1.67213054307859
KWT,2022,6.75866711966617
KWT,2023,-1.64087799968877
KWT,2024,-1.47401818168846
KWT,2025,2.731825804492
LAO,2010,8.52690551739717
LAO,2011,8.03865268023725
LAO,2012,8.02609843461283
LAO,2013,8.02630022699017
LAO,2014,7.61196343979319
LAO,2015,7.27006584373785
LAO,2016,7.02283625501138
LAO,2017,6.8925308726989
LAO,2018,6.24796000755872
LAO,2019,5.4577350924848
LAO,2020,0.503031829018681
LAO,2021,2.52835100486102
LAO,2022,2.70742652643155
LAO,2023,3.74568140158232
LAO,2024,4.13019264438475
LAO,2025,4.53760564766725
LBN,2010,7.97513555844932
LBN,2011,0.86733987855277
LBN,2012,2.56479133680038
LBN,2013,3.8278734986016
LBN,2014,2.48406010500743
LBN,2015,0.462320792597581
LBN,2016,1.55454940856943
LBN,2017,0.903028464073813
LBN,2018,-1.88470575631651
LBN,2019,-6.91492472851026
LBN,2020,-21.3998996914321
LBN,2021,-7.00123862514116
LBN,2022,-0.621678970663112
LBN,2023,-0.760584470257314
LBN,2024,-7.07989192861814
LBR,2010,6.09982524004147
LBR,2011,8.20076822497064
LBR,2012,7.99381444555367
LBR,2013,8.68728781639683
LBR,2014,0.701393100287518
LBR,2015,-0.0185649695590939
LBR,2016,-1.5549586174878
LBR,2017,2.45515592012239
LBR,2018,1.15757512207355
LBR,2019,-2.46729763532686
LBR,2020,-2.98249127649473
LBR,2021,4.98671283481617
LBR,2022,4.80810517290655
LBR,2023,4.68375688761311
LBR,2024,4.02185464964835
LBR,2025,5.01656107992214
LBY,2010,5.0272476723775
LBY,2011,-50.3385151384986
LBY,2012,86.8267484395784
LBY,2013,-17.9979615745681
LBY,2014,-23.0428058282215
LBY,2015,-0.842656252118843
LBY,2016,-1.4909411172622
LBY,2017,32.4918021862688
LBY,2018,7.9413678529104
LBY,2019,-11.1960828853386
LBY,2020,-29.4552967282824
LBY,2021,28.2996823429147
LBY,2022,-8.29981811198795
LBY,2023,10.2000497852517
LBY,2024,1.89995052025442
LBY,2025,13.3717080516958
LCA,2010,0.330018546071486
LCA,2011,4.32694280532142
LCA,2012,-0.108756148262358
LCA,2013,-1.81877603735991
LCA,2014,1.32809022110105
LCA,2015,0.101917836412952
LCA,2016,3.42787214525211
LCA,2017,3.37982617272246
LCA,2018,2.88677902171601
LCA,2019,-1.0293678947917
LCA,2020,-22.9005138634176
LCA,2021,11.1466993240856
LCA,2022,19.3456795355342
LCA,2023,3.90774802925928
LCA,2024,4.76890217855616
LCA,2025,-0.57407528214496
LKA,2010,8.01596737040464
LKA,2011,8.66948301160571
LKA,2012,8.6321813769906
LKA,2013,4.0517463303875
LKA,2014,6.37797889684965
LKA,2015,4.20595547501601
LKA,2016,5.05362488993089
LKA,2017,6.46068127080994
LKA,2018,2.31008425504933
LKA,2019,-0.220483886824823
LKA,2020,-4.62451503712715
LKA,2021,4.2074764950026
LKA,2022,-7.34919311146656
LKA,2023,-2.0289296690344
LKA,2024,4.99241614398109
LKA,2025,4.9534339114043
LSO,2010,5.26967078056286
LSO,2011,4.61641394528752
LSO,2012,6.33408374679448
LSO,2013,1.79252555575545
LSO,2014,1.71054990545476
LSO,2015,3.12406678044546
LSO,2016,3.60890731687714
LSO,2017,-3.13817493733471
LSO,2018,-1.48063315848241
LSO,2019,-1.41799383085205
LSO,2020,-8.15595785459911
LSO,2021,2.26670961833291
LSO,2022,2.38778020186284
LSO,2023,1.69433177608774
LSO,2024,5.22503380336101
LSO,2025,1.98256080770996
LTU,2010,0.427199566550769
LTU,2011,6.32363664821298
LTU,2012,4.38290584355157
LTU,2013,4.04691318575325
LTU,2014,3.7725437958099
LTU,2015,2.83280643343234
LTU,2016,2.67192215053329
LTU,2017,4.61224310312809
LTU,2018,4.91836780106811
LTU,2019,4.67735183530451
LTU,2020,0.0428158336981426
LTU,2021,6.39481772930206
LTU,2022,2.46532013155011
LTU,2023,0.739537398185803
LTU,2024,3.03019543767596
LTU,2025,2.92007656461696
LUX,2010,3.76040578658925
LUX,2011,1.0442860057217
LUX,2012,1.64971134354685
LUX,2013,3.17168513780955
LUX,2014,2.62308838097542
LUX,2015,2.26836572735107
LUX,2016,4.97819047122638
LUX,2017,1.31711942298405
LUX,2018,1.61129891211624
LUX,2019,2.74932091920692
LUX,2020,-0.510051634039826
LUX,2021,6.92973270801744
LUX,2022,-1.09741256293819
LUX,2023,0.0994370594039111
LUX,2024,0.358614003982225
LUX,2025,0.63787818818335
LVA,2010,-3.66125859554762
LVA,2011,3.03634482668815
LVA,2012,7.30524057200897
LVA,2013,2.09609028156248
LVA,2014,2.0949597710559
LVA,2015,3.78336712084972
LVA,2016,2.55168601974034
LVA,2017,3.39894872623931
LVA,2018,4.30971286294503
LVA,2019,0.675372771884227
LVA,2020,-3.46922750780554
LVA,2021,6.94254173062592
LVA,2022,1.90853419029801
LVA,2023,-0.941606068823631
LVA,2024,-0.0370556648288982
LVA,2025,2.13786855731288
MAR,2010,3.49955709403216
MAR,2011,5.52464523319847
MAR,2012,3.06234368502997
MAR,2013,4.12221286860944
MAR,2014,2.7192440802029
MAR,2015,4.34458297635238
MAR,2016,0.52118550608968
MAR,2017,5.05789816173446
MAR,2018,3.06564133025955
MAR,2019,2.89097476137077
MAR,2020,-7.17820744246774
MAR,2021,8.15473889823681
MAR,2022,1.81269242194809
MAR,2023,3.65564411017931
MAR,2024,3.79336515978963
MAR,2025,4.59524349182247
MCO,2010,2.06521962654098
MCO,2011,7.02235694617619
MCO,2012,1.01221841230461
MCO,2013,9.57709832354816
MCO,2014,7.18702777537968
MCO,2015,4.91037176536236
MCO,2016,3.00844358752744
MCO,2017,-3.20618323813213
MCO,2018,5.69790121192926
MCO,2019,7.12088951975396
MCO,2020,-13.2391048292108
MCO,2021,22.2322155851208
MCO,2022,11.2662955198601
MCO,2023,5.44395088840088
MCO,2024,8.51053758860212
MDA,2010,7.10000010705836
MDA,2011,5.81816614684824
MDA,2012,-0.589733954762579
MDA,2013,9.0438656074181
MDA,2014,4.99962585407656
MDA,2015,-0.338235622387202
MDA,2016,4.64601436259409
MDA,2017,4.17561205106279
MDA,2018,4.07559546585034
MDA,2019,3.5523140853476
MDA,2020,-8.27597831976949
MDA,2021,13.9299997889786
MDA,2022,-4.64785101037361
MDA,2023,1.18802067937429
MDA,2024,0.270670455512573
MDA,2025,2.41649734575068
MDG,2010,0.619239744622121
MDG,2011,1.57842705366555
MDG,2012,3.01114811621208
MDG,2013,2.30037622800727
MDG,2014,3.33920311195367
MDG,2015,3.13229807490305
MDG,2016,3.99314606199499
MDG,2017,3.93330759462793
MDG,2018,3.19435651744398
MDG,2019,4.41123212909589
MDG,2020,-7.13767162064489
MDG,2021,4.65068343174309
MDG,2022,4.13753534956307
MDG,2023,4.23086580696344
MDG,2024,4.32283728087992
MDG,2025,3.002568866856
MDV,2010,6.7854678229144
MDV,2011,8.84342600490342
MDV,2012,2.38928797963442
MDV,2013,6.97496226412528
MDV,2014,7.86068643108074
MDV,2015,3.86813536494475
MDV,2016,6.37528306716864
MDV,2017,7.07442863215275
MDV,2018,8.5689555834747
MDV,2019,6.92305989050099
MDV,2020,-32.9088287752921
MDV,2021,37.507870124321
MDV,2022,13.8260895184139
MDV,2023,4.94286301229583
MDV,2024,3.49440422654285
MDV,2025,6.31092335003081
MEX,2010,4.9713345832195
MEX,2011,3.44404505297089
MEX,2012,3.55321076010608
MEX,2013,0.852101550164704
MEX,2014,2.50376350783593
MEX,2015,2.70232343024026
MEX,2016,1.7724932254128
MEX,2017,1.87172854648381
MEX,2018,1.97208211101069
MEX,2019,-0.392690513290532
MEX,2020,-8.35403459379062
MEX,2021,6.04848347173572
MEX,2022,3.70975708309098
MEX,2023,3.1067964131456
MEX,2024,1.35057631384696
MEX,2025,0.561683456144578
MHL,2010,5.53918680023571
MHL,2011,-0.502512562814076
MHL,2012,-1.29068462401796
MHL,2013,3.80898237635019
MHL,2014,-1.25958378970427
MHL,2015,1.88574597892401
MHL,2016,2.5040827436037
MHL,2017,3.55815188528943
MHL,2018,5.48717948717949
MHL,2019,10.4521147301896
MHL,2020,-2.77288732394366
MHL,2021,2.15939339067452
MHL,2022,-0.700580183196621
MHL,2023,-5.39477377525279
MHL,2024,3.30188679245282
MHL,2025,2.28310502283105
MKD,2010,3.35875085773812
MKD,2011,2.33988604520331
MKD,2012,-0.456183223607937
MKD,2013,2.92525766450484
MKD,2014,3.62912351276373
MKD,2015,3.85586514041738
MKD,2016,2.84820519363306
MKD,2017,1.08177273813243
MKD,2018,2.88059670964267
MKD,2019,3.91041953840173
MKD,2020,-4.68845000956652
MKD,2021,4.51067949038222
MKD,2022,2.75888415332967
MKD,2023,2.554965253403
MKD,2024,2.99373536567732
MKD,2025,3.48706619829503
MLI,2010,5.57678859793515
MLI,2011,2.93537897118415
MLI,2012,-1.07239924147837
MLI,2013,3.29068742053545
MLI,2014,6.50263878386326
MLI,2015,6.23887890181064
MLI,2016,6.00506308559498
MLI,2017,5.37554769647939
MLI,2018,4.86784999935264
MLI,2019,4.99999911699705
MLI,2020,-1.16910834857605
MLI,2021,3.10094124463507
MLI,2022,3.70319027585386
MLI,2023,4.76394100040932
MLI,2024,5.01653579205785
MLI,2025,5.59946842896643
MLT,2010,6.19734978656928
MLT,2011,0.992201768011597
MLT,2012,4.10167460261891
MLT,2013,6.29233378116625
MLT,2014,7.6313628225042
MLT,2015,9.62070302842181
MLT,2016,4.07800422216982
MLT,2017,12.9713425287845
MLT,2018,7.18921425536917
MLT,2019,4.0850557312243
MLT,2020,-3.45728232537419
MLT,2021,13.3509818925498
MLT,2022,2.59276776884379
MLT,2023,10.6340558017004
MLT,2024,6.21275996991034
MLT,2025,3.96156139018959
MMR,2010,9.6344394520444
MMR,2011,5.59148237823661
MMR,2012,7.33267044704149
MMR,2013,8.42600102501767
MMR,2014,8.16990745558277
MMR,2015,6.99284029026121
MMR,2016,5.86247291518572
MMR,2017,6.13610824360305
MMR,2018,6.26886221471075
MMR,2019,6.57911006765414
MMR,2020,-9.04834717984643
MMR,2021,-12.0163724829177
MMR,2022,4.0374934360085
MMR,2023,0.958446625126115
MMR,2024,-0.97204641363362
MMR,2025,-2.01184475795665
MNE,2010,2.77559782547836
MNE,2011,3.40978812497193
MNE,2012,-2.48732882965353
MNE,2013,3.38612548540247
MNE,2014,2.37030892464516
MNE,2015,2.52306333975571
MNE,2016,3.4393056210999
MNE,2017,3.21668504736274
MNE,2018,4.73292113433965
MNE,2019,4.39391565821528
MNE,2020,-14.9926187023533
MNE,2021,13.0462607426359
MNE,2022,7.73954689516201
MNE,2023,6.47836283518564
MNE,2024,3.16409886329913
MNE,2025,2.74455354258522
MNG,2010,6.3651616786311
MNG,2011,17.2907775869555
MNG,2012,12.3198198494032
MNG,2013,11.6489161878925
MNG,2014,7.88522548204762
MNG,2015,2.37983580731722
MNG,2016,1.48978448679577
MNG,2017,5.63687638694772
MNG,2018,7.74488062024881
MNG,2019,5.60224422064255
MNG,2020,-4.55775197583431
MNG,2021,1.63676957736662
MNG,2022,5.0327096366527
MNG,2023,7.4221127615025
MNG,2024,5.12204539122661
MNG,2025,6.84391415938607
MOZ,2010,6.67972935662864
MOZ,2011,7.13405842300445
MOZ,2012,7.9945031610722
MOZ,2013,6.57141389665537
MOZ,2014,7.70256844839309
MOZ,2015,7.3930936986377
MOZ,2016,4.69699024225795
MOZ,2017,2.63820737310658
MOZ,2018,3.48493202422782
MOZ,2019,2.31781394821475
MOZ,2020,-1.21952250011192
MOZ,2021,2.37743572761507
MOZ,2022,4.3693080193804
MOZ,2023,5.50384456650241
MOZ,2024,2.14892499135355
MOZ,2025,-0.523485382072337
MRT,2010,2.62022952055378
MRT,2011,4.17278328304418
MRT,2012,4.47001318233693
MRT,2013,4.15081318627171
MRT,2014,4.27482327130284
MRT,2015,5.37633923694936
MRT,2016,1.26090922448303
MRT,2017,6.27054569386574
MRT,2018,4.77217363890155
MRT,2019,3.14100489264639
MRT,2020,-0.36065738652286
MRT,2021,0.7427154981402
MRT,2022,6.7960049994761
MRT,2023,6.80949002457973
MRT,2024,6.3076021190402
MRT,2025,4.02891976567948
MUS,2010,4.39672657214976
MUS,2011,4.14555262561014
MUS,2012,3.51062090167264
MUS,2013,3.39755085220649
MUS,2014,3.85773905280689
MUS,2015,3.71766362108832
MUS,2016,3.88576121076034
MUS,2017,3.95441730960265
MUS,2018,4.11669369456492
MUS,2019,2.86394938684734
MUS,2020,-14.1974358137792
MUS,2021,3.33809084057279
MUS,2022,8.3424438025047
MUS,2023,4.69918189687444
MUS,2024,4.94844235250574
MUS,2025,3.15157395305867
MWI,2010,6.87406585416142
MWI,2011,4.93266999813729
MWI,2012,1.90000000072909
MWI,2013,5.41034999817167
MWI,2014,5.62527000105139
MWI,2015,2.80000000003355
MWI,2016,2.49999999914311
MWI,2017,4.00000000089172
MWI,2018,4.35356471619211
MWI,2019,5.71682519194337
MWI,2020,0.793596429787286
MWI,2021,4.55829212016083
MWI,2022,0.921115069005936
MWI,2023,1.94575281675984
MWI,2024,1.6734340852915
MWI,2025,1.88518707821663
MYS,2010,7.42484738326097
MYS,2011,5.29391283414003
MYS,2012,5.47345419253853
MYS,2013,4.69372252557893
MYS,2014,6.00672194558203
MYS,2015,5.09153242155011
MYS,2016,4.44978139761541
MYS,2017,5.81272240983328
MYS,2018,4.84308697634881
MYS,2019,4.41318742129586
MYS,2020,-5.45684658426701
MYS,2021,3.31534954399166
MYS,2022,9.03173723044451
MYS,2023,3.5370638041057
MYS,2024,5.10545921024041
MYS,2025,5.17127082911057
NAM,2010,6.03924947955858
NAM,2011,5.09133813864338
NAM,2012,5.0616820696264
NAM,2013,5.61471962254485
NAM,2014,6.09251915977956
NAM,2015,4.26417453763675
NAM,2016,0.0337944502063294
NAM,2017,-1.02724808856709
NAM,2018,1.05993949860752
NAM,2019,-0.839152163419357
NAM,2020,-8.10140201443319
NAM,2021,3.60382919248703
NAM,2022,5.3987247803654
NAM,2023,4.32498048866805
NAM,2024,3.77851723267591
NAM,2025,1.73018153842335
NER,2010,8.57816674262253
NER,2011,2.35775693603874
NER,2012,10.5489445763446
NER,2013,5.31513063394726
NER,2014,6.64213665495603
NER,2015,4.39264883207291
NER,2016,4.28137558478143
NER,2017,5.53198531271451
NER,2018,6.89458420864513
NER,2019,6.07881528959186
NER,2020,4.45481803846413
NER,2021,1.11520063869706
NER,2022,12.2215497467041
NER,2023,2.63516980401258
NER,2024,8.32327058280728
NER,2025,7.00782960149
NGA,2010,8.00565591623166
NGA,2011,5.30792420293915
NGA,2012,4.23006117492493
NGA,2013,6.67133539308232
NGA,2014,6.30971865521856
NGA,2015,2.65269329541779
NGA,2016,-1.61686894903467
NGA,2017,0.805886619091581
NGA,2018,1.92275734199798
NGA,2019,2.20842927835211
NGA,2020,-6.36889840468527
NGA,2021,1.109252540249
NGA,2022,4.31882949157136
NGA,2023,3.31590368111438
NGA,2024,4.07106650147703
NGA,2025,4.01336180700973
NIC,2010,4.41009911716546
NIC,2011,6.31668553491842
NIC,2012,6.4961364710876
NIC,2013,4.92709413447304
NIC,2014,4.78546013589983
NIC,2015,4.79226768332697
NIC,2016,4.56314739524967
NIC,2017,4.63120757580209
NIC,2018,-3.3633566598573
NIC,2019,-2.89686986728901
NIC,2020,-2.23654176262323
NIC,2021,10.4543887816515
NIC,2022,3.55027477135765
NIC,2023,4.42779393186883
NIC,2024,3.58094495324541
NIC,2025,4.92352556770889
NLD,2010,1.31935287897116
NLD,2011,1.77330320575034
NLD,2012,-0.977826121310997
NLD,2013,-0.0302410184270769
NLD,2014,1.61255885112396
NLD,2015,2.12064007193544
NLD,2016,2.42428065449427
NLD,2017,2.78150834679987
NLD,2018,2.25873158164956
NLD,2019,2.3001616053659
NLD,2020,-3.86799714191608
NLD,2021,6.27683593745216
NLD,2022,5.00723453395074
NLD,2023,-0.598061017580278
NLD,2024,1.07383137319854
NLD,2025,1.78463214703797
NOR,2010,1.00493269017117
NOR,2011,1.38505117083945
NOR,2012,2.82395673492459
NOR,2013,1.27290177696287
NOR,2014,2.09521388080101
NOR,2015,2.04428845501438
NOR,2016,1.29158732771135
NOR,2017,2.66964474273466
NOR,2018,1.1103912365576
NOR,2019,1.46970781954143
NOR,2020,-1.36055723261586
NOR,2021,4.14314688769197
NOR,2022,4.08039770659241
NOR,2023,0.352695581319765
NOR,2024,1.42372134524737
NOR,2025,1.08528185031417
NPL,2010,4.81641464694573
NPL,2011,3.42180870116162
NPL,2012,4.67014192446953
NPL,2013,3.52515317129149
NPL,2014,6.01148284250441
NPL,2015,3.97605327162971
NPL,2016,0.433113719381524
NPL,2017,8.97727935643466
NPL,2018,7.62237610397933
NPL,2019,6.65705543110468
NPL,2020,-2.3696206292072
NPL,2021,4.838149614115
NPL,2022,5.6313145568451
NPL,2023,1.98254843461849
NPL,2024,3.67787459697703
NPL,2025,4.43073194983359
NRU,2010,0
NRU,2011,14.7058823529412
NRU,2012,24.3589743589745
NRU,2013,4.12371134020613
NRU,2014,15.8415841584163
NRU,2015,3.41880341880281
NRU,2016,4.13223140495909
NRU,2017,-6.34920634920609
NRU,2018,-0.847457627118729
NRU,2019,8.5470085470084
NRU,2020,1.57480314960559
NRU,2021,7.75193798449692
NRU,2022,0
NRU,2023,-0.719424460431725
NRU,2024,1.44927536231899
NRU,2025,2.14285714285656
NZL,2010,1.47182504276788
NZL,2011,2.1445004445998
NZL,2012,2.30256429520961
NZL,2013,2.5648360739867
NZL,2014,3.81933619307242
NZL,2015,3.72968312125018
NZL,2016,3.7435247472109
NZL,2017,3.31568621648204
NZL,2018,3.32219666491432
NZL,2019,2.32371708441623
NZL,2020,-0.240916114758988
NZL,2021,4.29916005216614
NZL,2022,3.34521847792682
NZL,2023,1.81389453412019
NZL,2024,-0.868722371893952
NZL,2025,0.462871830681081
OMN,2010,2.47199856582773
OMN,2011,2.89460973541192
OMN,2012,8.86312225557018
OMN,2013,5.22770408145942
OMN,2014,1.29225229411081
OMN,2015,5.01705799719045
OMN,2016,5.04642394571691
OMN,2017,0.304057565922449
OMN,2018,1.28710391543288
OMN,2019,-1.12863801728058
OMN,2020,-3.37972052697999
OMN,2021,2.5821749892893
OMN,2022,7.98570728354278
OMN,2023,1.41401383200161
OMN,2024,1.63163231397978
OMN,2025,2.39787382295398
PAK,2010,1.50171752152883
PAK,2011,2.68011685421705
PAK,2012,3.02758391088629
PAK,2013,4.36686504978387
PAK,2014,4.11642817161422
PAK,2015,4.21794209572506
PAK,2016,6.57383828511043
PAK,2017,4.43262590683975
PAK,2018,6.15170261099519
PAK,2019,2.49763692943365
PAK,2020,-1.27408744338709
PAK,2021,6.51388575852702
PAK,2022,4.7781068690358
PAK,2023,-0.414935997088406
PAK,2024,3.08176295579301
PAK,2025,3.69842668749033
PAN,2010,6.07339353106087
PAN,2011,11.9088772249531
PAN,2012,9.62729346439019
PAN,2013,6.32435388662846
PAN,2014,4.62581375565551
PAN,2015,5.26691719595516
PAN,2016,4.57196707937275
PAN,2017,5.7440594635578
PAN,2018,3.91824253321265
PAN,2019,3.10295395631086
PAN,2020,-17.8211174074602
PAN,2021,16.4669992022652
PAN,2022,11.0386022908773
PAN,2023,7.16634016390665
PAN,2024,2.74784148771307
PAN,2025,4.35030460627731
PER,2010,8.33245910749577
PER,2011,6.32719240161117
PER,2012,6.13972470560435
PER,2013,5.85251821084928
PER,2014,2.38215737180541
PER,2015,3.25224477218451
PER,2016,3.95331871520767
PER,2017,2.51883544233135
PER,2018,3.969351341365
PER,2019,2.24063176875049
PER,2020,-10.9333065010382
PER,2021,13.4166456126513
PER,2022,2.81819976419922
PER,2023,-0.350699814345759
PER,2024,3.5152749274832
PER,2025,3.43056395124466
PHL,2010,7.33449996034538
PHL,2011,3.85823282795663
PHL,2012,6.89695171050985
PHL,2013,6.75053130142255
PHL,2014,6.34798748260867
PHL,2015,6.34830971672761
PHL,2016,7.14945675000752
PHL,2017,6.9309883258402
PHL,2018,6.34148557153473
PHL,2019,6.11852566221303
PHL,2020,-9.51829474045297
PHL,2021,5.71473313185116
PHL,2022,7.58098212785563
PHL,2023,5.51894967856043
PHL,2024,5.71474526128652
PHL,2025,4.40240158710621
PLW,2010,-3.02648271979963
PLW,2011,4.5453422056307
PLW,2012,2.06132919740671
PLW,2013,-1.39368330622723
PLW,2014,4.21392368136632
PLW,2015,8.57000568228419
PLW,2016,1.66650688235592
PLW,2017,-3.42143170174889
PLW,2018,-0.417625859260369
PLW,2019,0.300684343692609
PLW,2020,-6.00740723664144
PLW,2021,-11.9146400192064
PLW,2022,-0.462879543823192
PLW,2023,1.22284844405733
PLW,2024,12.0059720184866
PLW,2025,6.28637654202731
PNG,2010,10.1284540720232
PNG,2011,1.10754362619616
PNG,2012,4.65711959686239
PNG,2013,3.82494632800675
PNG,2014,13.5437706216546
PNG,2015,6.57835632304275
PNG,2016,5.48957315278187
PNG,2017,3.53461081750459
PNG,2018,-0.279252284959952
PNG,2019,4.48051456942582
PNG,2020,-3.16743204434815
PNG,2021,-0.510612607034361
PNG,2022,5.70701964996525
PNG,2023,3.81046308333708
PNG,2024,3.88795324667848
PNG,2025,5.63792052319458
POL,2010,3.16892748258036
POL,2011,5.25546256612796
POL,2012,1.51178167644575
POL,2013,0.684240607051805
POL,2014,3.92050862390032
POL,2015,4.43176700264478
POL,2016,3.03117767594847
POL,2017,5.15245773325907
POL,2018,6.2458584723942
POL,2019,4.58045817256199
POL,2020,-2.03556882399977
POL,2021,6.92718266052501
POL,2022,5.25545697386036
POL,2023,0.249610834017872
POL,2024,3.02841630700273
POL,2025,3.5727250346774
PRT,2010,1.73762453640036
PRT,2011,-1.71352745905065
PRT,2012,-4.05090267621935
PRT,2013,-0.984106574148328
PRT,2014,0.741391420706506
PRT,2015,1.58979803702681
PRT,2016,2.00414129666575
PRT,2017,3.31472008175986
PRT,2018,2.94628343449202
PRT,2019,2.74568432648596
PRT,2020,-8.20463159324387
PRT,2021,5.55875672070374
PRT,2022,6.98584137580278
PRT,2023,3.09998745904281
PRT,2024,2.21459232301109
PRT,2025,1.86448007464475
PRY,2010,11.0952312685521
PRY,2011,4.28637120702282
PRY,2012,-0.708043112316886
PRY,2013,8.29307648940471
PRY,2014,5.30123864473624
PRY,2015,2.95715168367079
PRY,2016,4.26802583314583
PRY,2017,4.81007885554041
PRY,2018,3.20425034076639
PRY,2019,-0.40185510068001
PRY,2020,-0.819785390971916
PRY,2021,3.99461510731535
PRY,2022,-0.0280771723899278
PRY,2023,5.28584584975323
PRY,2024,4.66914577981763
PRY,2025,6.64262511156879
PSE,2010,5.77736205629419
PSE,2011,9.60080848913594
PSE,2012,6.09645656326154
PSE,2013,4.69856986552234
PSE,2014,-0.157866650855297
PSE,2015,3.72129967114788
PSE,2016,8.86461881995935
PSE,2017,1.41936756294787
PSE,2018,1.22707737782703
PSE,2019,1.36268746558062
PSE,2020,-11.3184661065134
PSE,2021,7.01198227592003
PSE,2022,4.08276027347105
PSE,2023,-0.97217780620403
PSE,2024,-22.8573273913324
PSE,2025,4.34444072337577
QAT,2010,16.7315558489187
QAT,2011,13.0214050496923
QAT,2012,4.62623675511804
QAT,2013,4.43070196521455
QAT,2014,4.11911527912761
QAT,2015,4.75334572438737
QAT,2016,3.06419188430156
QAT,2017,-1.49760470227838
QAT,2018,1.23487220191065
QAT,2019,0.688240954592672
QAT,2020,-3.5576039896784
QAT,2021,1.62684671918775
QAT,2022,4.18500970982862
QAT,2023,1.18715991623776
QAT,2024,3.10963283242745
QAT,2025,2.90166036660493
ROU,2010,-3.90581157302972
ROU,2011,4.49558909946313
ROU,2012,1.90361696799603
ROU,2013,0.278771877470234
ROU,2014,4.11600109267832
ROU,2015,3.1570360543854
ROU,2016,2.85993252302089
ROU,2017,8.19547826641261
ROU,2018,5.39452228185675
ROU,2019,3.96028958497598
ROU,2020,-3.59802546034757
ROU,2021,5.58735072538869
ROU,2022,4.18771305104109
ROU,2023,2.25773416555121
ROU,2024,0.916003764382594
ROU,2025,0.677829835052762
RUS,2010,4.49999999920672
RUS,2011,4.30002918604238
RUS,2012,4.0240861571798
RUS,2013,1.75542214916291
RUS,2014,0.736267221403651
RUS,2015,-1.9727192264298
RUS,2016,0.193671130698817
RUS,2017,1.82670527549192
RUS,2018,2.80634082046656
RUS,2019,2.19807571381982
RUS,2020,-2.65365449695453
RUS,2021,5.866491772979
RUS,2022,-1.43537063467896
RUS,2023,4.06661395813023
RUS,2024,4.92167966203073
RUS,2025,1.00117656925738
RWA,2010,7.33465645016436
RWA,2011,7.95838869909085
RWA,2012,8.64150815708138
RWA,2013,4.71984856950924
RWA,2014,5.66845354233575
RWA,2015,8.87036752872743
RWA,2016,5.65874584202778
RWA,2017,4.70393439751061
RWA,2018,8.07084254621641
RWA,2019,9.28613387454543
RWA,2020,-2.77710485515125
RWA,2021,8.41140448646523
RWA,2022,9.82497394651698
RWA,2023,8.55964292914153
RWA,2024,7.22717103344534
RWA,2025,9.37579834182446
SAU,2010,5.0395150823517
SAU,2011,11.758820686671
SAU,2012,5.76157382270968
SAU,2013,2.94563789152025
SAU,2014,4.02467158380668
SAU,2015,4.65512316652699
SAU,2016,1.70404739202878
SAU,2017,1.18210705878283
SAU,2018,3.2269508901591
SAU,2019,1.65158925617395
SAU,2020,-3.80478901996312
SAU,2021,6.51959698325419
SAU,2022,12.0005874752929
SAU,2023,0.542592439393161
SAU,2024,2.64893068308965
SAU,2025,4.50246560191663
SDN,2010,3.85824195230107
SDN,2011,-3.21353209253371
SDN,2012,-17.0046884048945
SDN,2013,1.95514463302422
SDN,2014,4.66137954229873
SDN,2015,1.91017689052751
SDN,2016,3.46764218409288
SDN,2017,0.70925628476644
SDN,2018,-2.6809305497999
SDN,2019,-2.17825104530091
SDN,2020,-3.62980082410752
SDN,2021,-1.8685204827207
SDN,2022,-0.957816591119183
SDN,2023,-29.4332716274387
SDN,2024,-13.9643378424022
SDN,2025,3.06427942935869
SEN,2010,3.39088925336209
SEN,2011,1.33409107961258
SEN,2012,4.00299555090457
SEN,2013,2.41238527605579
SEN,2014,6.22407443790986
SEN,2015,6.36704365066983
SEN,2016,6.35606857208136
SEN,2017,7.40748618589598
SEN,2018,6.20924103388887
SEN,2019,4.6136280976221
SEN,2020,1.34207377285524
SEN,2021,6.5440010991951
SEN,2022,3.85043193752725
SEN,2023,4.25743083300657
SEN,2024,6.46220577412338
SEN,2025,6.68227744849194
SGP,2010,14.5197497108994
SGP,2011,6.21493416858989
SGP,2012,4.43549759378537
SGP,2013,4.81763099120676
SGP,2014,3.93554027709007
SGP,2015,2.97679931634806
SGP,2016,3.91095306322606
SGP,2017,4.32679370770501
SGP,2018,3.18660848474074
SGP,2019,1.15877947300108
SGP,2020,-3.61084281729929
SGP,2021,10.1410845197192
SGP,2022,4.01027884472296
SGP,2023,1.45026775889565
SGP,2024,5.3435120192366
SGP,2025,5.02588199508003
SLB,2010,9.70817235491481
SLB,2011,7.43023752099302
SLB,2012,2.46591837712438
SLB,2013,5.23744704670068
SLB,2014,1.18945509547778
SLB,2015,1.67578612030815
SLB,2016,5.55494348257992
SLB,2017,3.07546176144591
SLB,2018,2.74585244829055
SLB,2019,1.74925244485951
SLB,2020,-3.38125925839405
SLB,2021,-0.227975292792024
SLB,2022,-2.58448361755723
SLB,2023,2.84111851154807
SLB,2024,2.99755987604104
SLB,2025,3.61715088072386
SLE,2010,6.35566595800495
SLE,2011,8.10065518714917
SLE,2012,10.578331663387
SLE,2013,14.6633238075229
SLE,2014,-7.81501512457241
SLE,2015,-4.36333262093788
SLE,2016,6.43743652764257
SLE,2017,3.20786087715987
SLE,2018,2.8938564123677
SLE,2019,5.50270937378153
SLE,2020,-1.2533490322766
SLE,2021,5.8968527047094
SLE,2022,5.3135546141915
SLE,2023,5.7100218981806
SLE,2024,4.29322334404611
SLE,2025,4.60865077581276
SLV,2010,2.15419536693635
SLV,2011,3.80688113429295
SLV,2012,2.82262371802327
SLV,2013,2.23562439198375
SLV,2014,1.70870628357073
SLV,2015,2.40000008852115
SLV,2016,2.53906241135864
SLV,2017,2.24761908134138
SLV,2018,2.4124442237792
SLV,2019,2.43747159065784
SLV,2020,-7.893101359867
SLV,2021,11.9047617015957
SLV,2022,2.9546041089332
SLV,2023,3.35508721646165
SLV,2024,2.5904637107794
SLV,2025,3.90594189242583
SMR,2010,-5.47368421052632
SMR,2011,-8.3147735708983
SMR,2012,-7.04453441295546
SMR,2013,-0.78397212543554
SMR,2014,-0.702370500438988
SMR,2015,2.29150309460655
SMR,2016,2.34441211810459
SMR,2017,0.258259899709444
SMR,2018,1.49390399796074
SMR,2019,2.06569082920953
SMR,2020,-6.64791226034481
SMR,2021,13.8977857594089
SMR,2022,7.89844678230362
SMR,2023,0.401932371532837
SOM,2010,6.69435192550543
SOM,2011,6.69435192567755
SOM,2012,6.69435192556698
SOM,2013,10.9592986164311
SOM,2014,8.97800590574617
SOM,2015,10.4621881235147
SOM,2016,7.03487260042162
SOM,2017,14.7357956045195
SOM,2018,2.05431507261069
SOM,2019,2.80033312513012
SOM,2020,-2.76455696202532
SOM,2021,3.44719850031242
SOM,2022,2.71821202053759
SOM,2023,4.17524257571303
SOM,2024,4.11139335779471
SOM,2025,2.99114404482197
SRB,2010,1.61097281449412
SRB,2011,0.0542724836581954
SRB,2012,-0.443956070983248
SRB,2013,0.451578805330726
SRB,2014,-1.80427041681132
SRB,2015,1.2957386351958
SRB,2016,2.97519807160826
SRB,2017,2.3634031250553
SRB,2018,4.64935035491007
SRB,2019,4.75020793899014
SRB,2020,-0.950023991851594
SRB,2021,7.94905650472278
SRB,2022,2.70347705543654
SRB,2023,3.74793303561771
SRB,2024,3.94992622592932
SRB,2025,2.03039196235113
SSD,2010,5.49341639529945
SSD,2011,-4.64031673600859
SSD,2012,-46.0821223743007
SSD,2013,13.1297311406943
SSD,2014,3.37364847715736
SSD,2015,-10.7933646271143
STP,2010,1.44845522890635
STP,2011,1.99943210333259
STP,2012,2.94294277416023
STP,2013,5.11967735428513
STP,2014,4.90621048664867
STP,2015,1.5397042826735
STP,2016,5.17682468684113
STP,2017,4.11297966281954
STP,2018,4.37812808264972
STP,2019,2.01431672129407
STP,2020,2.62485949543812
STP,2021,1.89929891337832
STP,2022,0.168698492216564
STP,2023,0.372252775001456
STP,2024,1.47888850952698
STP,2025,1.02847453097097
SUR,2010,5.16882515225814
SUR,2011,5.84936767173009
SUR,2012,2.69034974668847
SUR,2013,2.9334416518612
SUR,2014,0.255503031645475
SUR,2015,-3.41304268067621
SUR,2016,-4.91166050905851
SUR,2017,1.56603782534897
SUR,2018,4.94827108468886
SUR,2019,1.16758977233877
SUR,2020,-15.9751917148622
SUR,2021,-2.43538583612838
SUR,2022,2.40622235601218
SUR,2023,2.41659215006946
SUR,2024,1.72095749127065
SUR,2025,1.79169153226913
SVK,2010,6.79058159142423
SVK,2011,2.56242473215553
SVK,2012,1.56917104702706
SVK,2013,0.703323545247201
SVK,2014,2.70795151449488
SVK,2015,5.17687909722133
SVK,2016,1.94781841524558
SVK,2017,2.87473327453695
SVK,2018,4.06211981896483
SVK,2019,2.27589910019393
SVK,2020,-2.58551241733207
SVK,2021,5.6558588065555
SVK,2022,0.544591632137454
SVK,2023,2.11263633214959
SVK,2024,1.93867445549446
SVK,2025,0.807418690144758
SVN,2010,1.11213719306735
SVN,2011,0.655438128379743
SVN,2012,-2.91553782040462
SVN,2013,-0.823776417691676
SVN,2014,2.76283327639742
SVN,2015,2.39330621338168
SVN,2016,3.03441486663654
SVN,2017,5.17440215579958
SVN,2018,4.37908347331195
SVN,2019,3.50525332381912
SVN,2020,-4.08500094942896
SVN,2021,8.41686457725321
SVN,2022,2.66850555542486
SVN,2023,2.3758326648385
SVN,2024,1.73139722479493
SVN,2025,1.05992996255246
SWE,2010,5.75076477579255
SWE,2011,3.16388567406926
SWE,2012,-0.414397702454409
SWE,2013,1.13766671801426
SWE,2014,2.29577238758284
SWE,2015,4.38824673608589
SWE,2016,2.13117914731151
SWE,2017,1.88282184966646
SWE,2018,1.7702553546772
SWE,2019,2.60823012869524
SWE,2020,-1.93379704032216
SWE,2021,5.2258643028773
SWE,2022,1.25543620445816
SWE,2023,-0.204061304891439
SWE,2024,1.01779633304398
SWE,2025,1.54316373266217
SWZ,2010,3.82443487429767
SWZ,2011,1.83973625916165
SWZ,2012,4.09048190124592
SWZ,2013,4.09458522119226
SWZ,2014,2.05738179246586
SWZ,2015,1.70425806017289
SWZ,2016,2.94916821059911
SWZ,2017,3.52095345987983
SWZ,2018,0.0653956557843571
SWZ,2019,6.43186888691574
SWZ,2020,-2.95183453409287
SWZ,2021,4.23621913615419
SWZ,2022,0.386070835562705
SWZ,2023,3.53257662836211
SWZ,2024,3.03162462475916
SWZ,2025,4.1939175580556
SYC,2010,4.50513204312067
SYC,2011,9.5097833517957
SYC,2012,3.1106784939243
SYC,2013,1.25373496242949
SYC,2014,4.0636918123521
SYC,2015,8.9140088750469
SYC,2016,12.1175272453913
SYC,2017,6.95416218794271
SYC,2018,4.93947272254312
SYC,2019,5.5142920737342
SYC,2020,-11.7398608281732
SYC,2021,0.552281631207279
SYC,2022,9.88048366355446
SYC,2023,5.17980996672414
SYC,2024,3.34667429007052
SYC,2025,5.79795669973812
SYR,2010,5.19150915015936
SYR,2011,2.8502205980333
SYR,2012,-26.338904668983
SYR,2013,-26.3002577493205
SYR,2014,-10.3103412087823
SYR,2015,-4.17969204561759
SYR,2016,-6.40568496867387
SYR,2017,-0.723346297115341
SYR,2018,1.39323324059961
SYR,2019,1.22072818348491
SYR,2020,0.954914586675713
SYR,2021,1.7896919997567
SYR,2022,-0.20247264200475
TCD,2010,13.6738272725339
TCD,2011,4.49542967058827
TCD,2012,9.06180392253447
TCD,2013,2.83821524730293
TCD,2014,2.06283074361411
TCD,2015,3.30415979779805
TCD,2016,-4.12250332637034
TCD,2017,-1.61746922820204
TCD,2018,5.74111580758154
TCD,2019,5.38282202874814
TCD,2020,-0.393646582380399
TCD,2021,0.293442648033434
TCD,2022,4.12969897668356
TCD,2023,3.99861309461539
TCD,2024,4.95210484607125
TCD,2025,5.58988021765651
TGO,2010,5.85433399076879
TGO,2011,5.82325622135289
TGO,2012,6.30271426865185
TGO,2013,5.82425069283059
TGO,2014,5.63323739145223
TGO,2015,5.4680413807304
TGO,2016,4.21490387414525
TGO,2017,4.00791259566937
TGO,2018,4.79518333086139
TGO,2019,4.91949260488683
TGO,2020,2.15900131150536
TGO,2021,5.13562929064506
TGO,2022,6.29443692019429
TGO,2023,6.19762969378132
TGO,2024,6.52651376797853
TGO,2025,6.31032671625633
THA,2010,7.51339053261624
THA,2011,0.840132083053334
THA,2012,7.24279620249642
THA,2013,2.68749556320556
THA,2014,0.984468863619426
THA,2015,3.13404724911635
THA,2016,3.43515771692182
THA,2017,4.1776810321001
THA,2018,4.22287028746071
THA,2019,2.11455779628278
THA,2020,-6.09306312966953
THA,2021,1.55858232076893
THA,2022,2.63784213566305
THA,2023,2.24883437970568
THA,2024,2.94859986593323
THA,2025,2.44247444990198
TJK,2010,6.49999908585235
TJK,2011,7.40000059956711
TJK,2012,7.49999946321525
TJK,2013,7.39999974700379
TJK,2014,6.70000069016253
TJK,2015,6.01930331771186
TJK,2016,6.89999999999999
TJK,2017,7.10000041864309
TJK,2018,7.5999988895536
TJK,2019,7.40000016310556
TJK,2020,4.40000111553493
TJK,2021,9.39999955037523
TJK,2022,8.00000033846364
TJK,2023,8.29999921651935
TJK,2024,8.39999980983981
TJK,2025,8.40000053390075
TKM,2010,9.20000007329543
TKM,2011,14.7183120474814
TKM,2012,11.0508311776258
TKM,2013,10.1628450365084
TKM,2014,10.3497353947965
TKM,2015,6.45254918531575
TKM,2016,6.22909997062793
TKM,2017,6.45138358820188
TKM,2018,6.20602363832646
TKM,2019,6.33169567608873
TKM,2020,5.87065623130427
TKM,2021,6.15115785574542
TKM,2022,6.23491365071671
TKM,2023,6.31879850268643
TKM,2024,6.28235647996578
TKM,2025,6.30000003697894
TLS,2010,9.33149490201264
TLS,2011,5.95855605611087
TLS,2012,4.86062186827468
TLS,2013,3.10436683211147
TLS,2014,4.47249846569638
TLS,2015,2.48004040218397
TLS,2016,3.00993062553351
TLS,2017,-3.18241522489195
TLS,2018,-0.466502170658785
TLS,2019,24.2128840085001
TLS,2020,31.7257416721413
TLS,2021,5.36980119392668
TLS,2022,-20.5224802314812
TLS,2023,-18.1359049134472
TLS,2024,-9.10069289810397
TLS,2025,6.97538939119629
TON,2010,0.824396914081831
TON,2011,6.70369746238768
TON,2012,0.919761024923076
TON,2013,0.393922530137331
TON,2014,1.99053769890816
TON,2015,1.11374402398066
TON,2016,6.59869879417958
TON,2017,3.20231976224244
TON,2018,0.527828083180253
TON,2019,-0.285210784299821
TON,2020,1.80618715298932
TON,2021,-0.934919892094683
TON,2022,-2.12854876486114
TON,2023,2.79014715494606
TON,2024,1.71653807667747
TON,2025,2.79999999999998
TTO,2010,3.32322471027371
TTO,2011,-0.294354409043763
TTO,2012,6.71074625448722
TTO,2013,3.36819291689019
TTO,2014,3.67086851032413
TTO,2015,-0.406283288730492
TTO,2016,-7.53636305379372
TTO,2017,-4.87274946918724
TTO,2018,-0.945449700943314
TTO,2019,0.467734528855885
TTO,2020,-8.78879817831519
TTO,2021,-0.716740625909793
TTO,2022,0.86126082651883
TTO,2023,1.46645947294053
TTO,2024,2.50920813979569
TTO,2025,-0.787768572727643
TUN,2010,2.97113275066512
TUN,2011,-2.04663389535644
TUN,2012,4.21667711535632
TUN,2013,2.42993096446429
TUN,2014,3.09032803070775
TUN,2015,0.967834205635981
TUN,2016,1.117231963992
TUN,2017,2.25261437620587
TUN,2018,2.60696965356362
TUN,2019,1.55009304966742
TUN,2020,-8.97512622934723
TUN,2021,4.73603648206102
TUN,2022,2.75228761004381
TUN,2023,0.184015548469745
TUN,2024,1.61444564976986
TUN,2025,2.49311010666248
TUR,2010,8.54219848467686
TUR,2011,10.9799625273598
TUR,2012,4.80762696633448
TUR,2013,8.48825689298511
TUR,2014,4.60079447270559
TUR,2015,5.80557386628684
TUR,2016,3.32366508200445
TUR,2017,7.82585730002594
TUR,2018,3.46815306092219
TUR,2019,1.30162365464503
TUR,2020,1.80306247087255
TUR,2021,11.811094450607
TUR,2022,5.44122511322401
TUR,2023,5.04512369812289
TUR,2024,3.3276230893799
TUR,2025,3.60462514082589
TUV,2010,-2.46826250374198
TUV,2011,7.52010985962886
TUV,2012,-2.8527626821171
TUV,2013,3.80502330116951
TUV,2014,1.66722583350807
TUV,2015,9.37896384662504
TUV,2016,4.77650497336539
TUV,2017,3.26802914033142
TUV,2018,1.38668386152332
TUV,2019,13.4465048163198
TUV,2020,-3.03030303030303
TUV,2021,0
TUV,2022,-10.9375
TUV,2023,3.50877192982458
TUV,2024,3.38983050847457
TUV,2025,1.63934426229508
TZA,2010,6.33652342666889
TZA,2011,7.67215543486064
TZA,2012,4.50015356010131
TZA,2013,6.78158560065316
TZA,2014,6.73246186832483
TZA,2015,6.16062877406682
TZA,2016,6.86711619644551
TZA,2017,6.72726996832438
TZA,2018,5.50267599384966
TZA,2019,5.79999999996723
TZA,2020,1.99196460647855
TZA,2021,4.32138429480482
TZA,2022,4.56600576430955
TZA,2023,5.06952353203394
TZA,2024,5.5263138305945
TZA,2025,5.85286828692739
UGA,2010,5.63761163749757
UGA,2011,9.3916554927176
UGA,2012,3.83745560605229
UGA,2013,3.58690582623025
UGA,2014,5.10630732539796
UGA,2015,5.18785986002466
UGA,2016,4.78100029254482
UGA,2017,3.13140551723596
UGA,2018,6.30392378262997
UGA,2019,6.43874503276439
UGA,2020,2.95130642218098
UGA,2021,3.53658034070898
UGA,2022,4.58802192181773
UGA,2023,5.33697295511469
UGA,2024,6.05558075875589
UGA,2025,6.33181157677313
UKR,2010,4.09200436668087
UKR,2011,5.44528081048476
UKR,2012,0.152314967200653
UKR,2013,0.045439094492707
UKR,2014,-10.0788949840953
UKR,2015,-9.7729872128676
UKR,2016,2.44098194492067
UKR,2017,2.35997228099491
UKR,2018,3.48836234022659
UKR,2019,3.19950386354134
UKR,2020,-3.75281793983162
UKR,2021,3.44562065945944
UKR,2022,-28.7585842155085
UKR,2023,5.53473354963334
UKR,2024,3.24811808426423
UKR,2025,1.82152376756284
URY,2010,7.8034096507169
URY,2011,5.16213302463606
URY,2012,3.53817872056869
URY,2013,4.63753862902416
URY,2014,3.23879122952364
URY,2015,0.370741257681345
URY,2016,1.68979822971775
URY,2017,1.74037649141989
URY,2018,0.164777608846705
URY,2019,0.928351027546341
URY,2020,-7.35732706897301
URY,2021,5.84427325018082
URY,2022,4.60623000920732
URY,2023,0.761749241321681
URY,2024,3.32575905957381
URY,2025,1.78471117082752
USA,2010,2.69519258673525
USA,2011,1.56440685205419
USA,2012,2.28911339009767
USA,2013,2.11783009443471
USA,2014,2.52381981757846
USA,2015,2.94555045227337
USA,2016,1.81945147909089
USA,2017,2.45762230126449
USA,2018,2.96650506701943
USA,2019,2.58382533052225
USA,2020,-2.081375977796
USA,2021,6.15202247867526
USA,2022,2.52421385073222
USA,2023,2.93436322440155
USA,2024,2.79318715363841
USA,2025,2.16138195623856
UZB,2010,7.5971679610016
UZB,2011,8.12793681625645
UZB,2012,7.35682138899483
UZB,2013,7.9217749261021
UZB,2014,7.71373911707978
UZB,2015,7.94477659311639
UZB,2016,6.71108022628
UZB,2017,4.70027401956061
UZB,2018,5.72368380757618
UZB,2019,6.79331098484522
UZB,2020,1.62162281640448
UZB,2021,8.20448512353877
UZB,2022,6.08592335737373
UZB,2023,6.31603004201926
UZB,2024,6.67618796188361
UZB,2025,7.69962477932913
VCT,2010,-4.47046793507802
VCT,2011,-0.60627665148327
VCT,2012,1.16911218376478
VCT,2013,2.4624841721544
VCT,2014,1.1457271877622
VCT,2015,2.78509791763551
VCT,2016,4.1496810046981
VCT,2017,1.54810173239956
VCT,2018,3.1756114423991
VCT,2019,0.668428481084234
VCT,2020,-4.26892434422649
VCT,2021,2.09340124465459
VCT,2022,3.1108330034352
VCT,2023,5.32636472098717
VCT,2024,4.06183490050209
VCT,2025,3.3921670546227
VEN,2010,-1.5873015873016
VEN,2011,4.12186379928315
VEN,2012,5.67986230636832
VEN,2013,1.30293159609121
VEN,2014,-3.85852090032154
VEN,2015,-6.18729096989966
VEN,2016,-17.1122994652406
VEN,2017,-15.6989247311828
VEN,2018,-19.6428571428571
VEN,2019,-27.6190476190476
VEN,2020,-29.8245614035088
VEN,2021,0.625000000000014
VEN,2022,8.07453416149069
VEN,2023,4.02298850574712
VEN,2024,5.52486187845305
VEN,2025,1.57068062827224
VNM,2010,6.42324482239482
VNM,2011,6.41316889681683
VNM,2012,5.5045447041189
VNM,2013,5.55351081026072
VNM,2014,6.42224312118567
VNM,2015,6.98715430598611
VNM,2016,6.69000892660424
VNM,2017,6.94019037359206
VNM,2018,7.46500685572751
VNM,2019,7.35926270105006
VNM,2020,2.86541320912272
VNM,2021,2.55372852648131
VNM,2022,8.53750041218142
VNM,2023,4.97865959483225
VNM,2024,7.03955197123018
VNM,2025,8.01882998978245
VUT,2010,1.25886720329254
VUT,2011,3.13980290023437
VUT,2012,1.01004768692017
VUT,2013,0.463390415135436
VUT,2014,3.10512947273315
VUT,2015,3.50101268962098
VUT,2016,3.61980830670927
VUT,2017,4.22332192519966
VUT,2018,2.51532789491979
VUT,2019,3.27677257380314
VUT,2020,-5.72530282073851
VUT,2021,-1.16332488626091
VUT,2022,5.59195729750803
VUT,2023,5.82973013269719
VUT,2024,3.76564827114278
VUT,2025,3.05357824026483
WLD,2010,4.52085213873784
WLD,2011,3.31431839310667
WLD,2012,2.74743359443485
WLD,2013,2.88974765617324
WLD,2014,3.16849193058366
WLD,2015,3.12721325699906
WLD,2016,2.78974074234593
WLD,2017,3.44658623167955
WLD,2018,3.28663086462807
WLD,2019,2.680308747553
WLD,2020,-2.88621185457086
WLD,2021,6.48508887596752
WLD,2022,3.44001097265647
WLD,2023,2.85938493335973
WLD,2024,2.90001340156714
WLD,2025,2.92127318539153
WSM,2010,6.1247199226125
WSM,2011,3.84907794660396
WSM,2012,-3.73213020890266
WSM,2013,0.107293276488932
WSM,2014,0.659923768782861
WSM,2015,3.8503618166494
WSM,2016,7.9838628784713
WSM,2017,1.40628239971301
WSM,2018,-0.609647103380141
WSM,2019,4.45185891688691
WSM,2020,-3.10864485863991
WSM,2021,-5.04350589708287
WSM,2022,2.26705310780669
WSM,2023,15.233606465518
WSM,2024,4.7483863916535
WSM,2025,4.20440659006225
YEM,2010,7.70128607527964
YEM,2011,-12.7148969035133
YEM,2012,2.39299021364694
YEM,2013,4.82351908493912
YEM,2014,-0.188690241954504
YEM,2015,-27.9945462502541
YEM,2016,-9.37512379736752
YEM,2017,-5.07179568062152
YEM,2018,0.752447592962554
ZAF,2010,3.03973288127956
ZAF,2011,3.16855627858818
ZAF,2012,2.39623238465745
ZAF,2013,2.48546800826588
ZAF,2014,1.41382645223793
ZAF,2015,1.32186223678229
ZAF,2016,0.664552307858116
ZAF,2017,1.15794695181735
ZAF,2018,1.55678384721676
ZAF,2019,0.25993557687633
ZAF,2020,-6.1689177146757
ZAF,2021,4.85864865060148
ZAF,2022,2.05813661692193
ZAF,2023,0.80610455095804
ZAF,2024,0.534843531905139
ZAF,2025,1.11462608103956
ZMB,2010,10.2982233241213
ZMB,2011,5.56925219263019
ZMB,2012,7.59738104901994
ZMB,2013,5.05753695047252
ZMB,2014,4.69328316376705
ZMB,2015,2.92037511217961
ZMB,2016,3.75510031678988
ZMB,2017,3.52586277149926
ZMB,2018,4.03449389667165
ZMB,2019,1.44130602603785
ZMB,2020,-2.78505506545167
ZMB,2021,6.23492204726448
ZMB,2022,5.21122360356247
ZMB,2023,5.36794285493059
ZMB,2024,3.82004825518591
ZMB,2025,3.75772836763902
ZWE,2010,19.6754077019323
ZWE,2011,14.1939156801139
ZWE,2012,16.6654290410337
ZWE,2013,1.98948554025198
ZWE,2014,2.37698561663417
ZWE,2015,1.77985356392176
ZWE,2016,0.75579405855224
ZWE,2017,4.73441117758482
ZWE,2018,5.00992154297603
ZWE,2019,-6.33244976028571
ZWE,2020,-7.81695060188729
ZWE,2021,8.46801676808001
ZWE,2022,6.13926327570213
ZWE,2023,5.3508687909833
ZWE,2024,1.67649454921512
ZWE,2025,8.10671343048909
