# World Bank Open Data SH.XPD.GHED.GD.ZS, last updated 2026-07-13, CC BY 4.0
iso3,year,value
AFG,2010,0.46915731
AFG,2011,0.47999981
AFG,2012,0.34288675
AFG,2013,0.44335932
AFG,2014,0.47265697
AFG,2015,0.52267277
AFG,2016,0.60012972
AFG,2017,0.64313394
AFG,2018,0.55239552
AFG,2019,0.49705607
AFG,2020,1.18621242
AFG,2021,0.71036398
AFG,2022,0.18147056
AFG,2023,0.24774949
AGO,2010,1.46826649
AGO,2011,1.52542961
AGO,2012,1.39434171
AGO,2013,1.5071826
AGO,2014,1.16797769
AGO,2015,1.08924341
AGO,2016,1.05520773
AGO,2017,1.12824702
AGO,2018,0.97981894
AGO,2019,1.00303984
AGO,2020,1.46055436
AGO,2021,1.51676536
AGO,2022,1.30711842
AGO,2023,1.1340301
ALB,2010,2.35073113
ALB,2011,2.36980104
ALB,2012,2.42631125
ALB,2013,2.54741931
ALB,2014,2.56312561
ALB,2015,2.67593837
ALB,2016,2.84762025
ALB,2017,2.74185801
ALB,2018,2.84073949
ALB,2019,2.89433575
ALB,2020,2.97455955
ALB,2021,2.91998744
ALB,2022,3.72758842
ALB,2023,3.49766994
AND,2010,5.68869781
AND,2011,5.60742188
AND,2012,4.67067814
AND,2013,4.76766396
AND,2014,4.8130722
AND,2015,4.97208548
AND,2016,5.00518513
AND,2017,5.08694077
AND,2018,5.21907949
AND,2019,5.22278023
AND,2020,6.37670708
AND,2021,6.16799164
AND,2022,5.53698158
AND,2023,5.45127535
ARE,2010,2.65301466
ARE,2011,2.58301282
ARE,2012,2.42006803
ARE,2013,2.52060986
ARE,2014,2.50834441
ARE,2015,2.46962833
ARE,2016,2.97157669
ARE,2017,2.19714189
ARE,2018,2.1139648
ARE,2019,2.2531426
ARE,2020,3.55229998
ARE,2021,3.40082932
ARE,2022,3.0025692
ARE,2023,3.31956935
ARG,2010,5.56987906
ARG,2011,5.71961212
ARG,2012,6.14357281
ARG,2013,6.2950058
ARG,2014,6.40571356
ARG,2015,6.80309105
ARG,2016,6.5777607
ARG,2017,6.68290806
ARG,2018,6.11101341
ARG,2019,6.2193737
ARG,2020,6.99057627
ARG,2021,6.34810066
ARG,2022,5.95705795
ARG,2023,6.18493843
ARM,2010,1.68628836
ARM,2011,1.6728667
ARM,2012,1.57816982
ARM,2013,1.37565804
ARM,2014,1.50548005
ARM,2015,1.61020839
ARM,2016,1.63735199
ARM,2017,1.37250984
ARM,2018,1.23468125
ARM,2019,1.41167367
ARM,2020,2.35673714
ARM,2021,2.18868065
ARM,2022,1.71535587
ARM,2023,1.46441019
ATG,2010,2.77452183
ATG,2011,2.73921561
ATG,2012,2.71204996
ATG,2013,2.75379777
ATG,2014,3.14859223
ATG,2015,2.93535352
ATG,2016,2.75887132
ATG,2017,2.61894512
ATG,2018,2.81542587
ATG,2019,2.49952674
ATG,2020,3.58067584
ATG,2021,3.06314707
ATG,2022,2.85039449
ATG,2023,2.30815935
AUS,2010,6.0919981
AUS,2011,6.2522192
AUS,2012,6.17619228
AUS,2013,5.92386961
AUS,2014,6.89110136
AUS,2015,7.2235322
AUS,2016,7.20443821
AUS,2017,7.23039198
AUS,2018,7.19087696
AUS,2019,7.53765869
AUS,2020,7.85286617
AUS,2021,7.93791485
AUS,2022,7.34881544
AUS,2023,7.65963793
AUT,2010,7.45021629
AUT,2011,7.34409189
AUT,2012,7.49027205
AUT,2013,7.49345398
AUT,2014,7.59864187
AUT,2015,7.5736208
AUT,2016,7.54772329
AUT,2017,7.71547127
AUT,2018,7.75579357
AUT,2019,7.88670015
AUT,2020,8.71023846
AUT,2021,9.46212482
AUT,2022,8.65631485
AUT,2023,8.532197
AZE,2010,1.01347423
AZE,2011,0.94998968
AZE,2012,1.11568439
AZE,2013,1.06625199
AZE,2014,1.13015568
AZE,2015,1.30528009
AZE,2016,1.16546094
AZE,2017,1.00444698
AZE,2018,0.88865483
AZE,2019,1.06925082
AZE,2020,2.32817769
AZE,2021,1.48136711
AZE,2022,0.95312107
AZE,2023,1.39353979
BDI,2010,1.9852922
BDI,2011,3.47107577
BDI,2012,2.66949105
BDI,2013,1.54086971
BDI,2014,2.78679872
BDI,2015,2.4195447
BDI,2016,2.23587942
BDI,2017,2.01362443
BDI,2018,2.0575192
BDI,2019,2.27763605
BDI,2020,2.1569612
BDI,2021,2.22447824
BDI,2022,1.58512878
BDI,2023,1.34036565
BEL,2010,7.7745738
BEL,2011,7.83494329
BEL,2012,7.99403429
BEL,2013,7.99912691
BEL,2014,8.03469563
BEL,2015,8.26822186
BEL,2016,8.31613922
BEL,2017,8.3176775
BEL,2018,8.32855988
BEL,2019,8.08414745
BEL,2020,8.72537518
BEL,2021,8.49062634
BEL,2022,7.9360981
BEL,2023,7.95761585
BEN,2010,0.7522946
BEN,2011,0.65150005
BEN,2012,0.74686456
BEN,2013,0.76463026
BEN,2014,0.57532531
BEN,2015,0.59082586
BEN,2016,0.71389222
BEN,2017,0.70637327
BEN,2018,0.66673458
BEN,2019,0.45625761
BEN,2020,0.51122105
BEN,2021,0.33374113
BEN,2022,0.50720674
BEN,2023,0.4894892
BFA,2010,1.30630887
BFA,2011,1.34620178
BFA,2012,1.06450117
BFA,2013,1.61236513
BFA,2014,1.62685239
BFA,2015,1.45618761
BFA,2016,2.38693118
BFA,2017,2.6879499
BFA,2018,2.12523532
BFA,2019,2.23602796
BFA,2020,2.84514332
BFA,2021,2.73058271
BFA,2022,2.62870407
BFA,2023,2.45250058
BGD,2010,0.47062662
BGD,2011,0.4823136
BGD,2012,0.46968287
BGD,2013,0.4372614
BGD,2014,0.4220427
BGD,2015,0.38844827
BGD,2016,0.4755646
BGD,2017,0.50250494
BGD,2018,0.48568422
BGD,2019,0.36105901
BGD,2020,0.35576752
BGD,2021,0.38806468
BGD,2022,0.34193528
BGD,2023,0.31430635
BGR,2010,3.91909194
BGR,2011,3.84521842
BGR,2012,3.82989573
BGR,2013,4.03953886
BGR,2014,4.47450733
BGR,2015,4.13284254
BGR,2016,4.11281013
BGR,2017,4.11801386
BGR,2018,4.23101759
BGR,2019,4.2107811
BGR,2020,5.05085564
BGR,2021,5.52486372
BGR,2022,4.77777004
BGR,2023,4.97369862
BHR,2010,2.55753851
BHR,2011,2.42909908
BHR,2012,2.58166146
BHR,2013,2.70170784
BHR,2014,2.75321245
BHR,2015,3.08921409
BHR,2016,2.8373127
BHR,2017,2.44733834
BHR,2018,2.31990647
BHR,2019,2.20524931
BHR,2020,2.86910701
BHR,2021,2.75866771
BHR,2022,2.37968802
BHR,2023,2.36801171
BHS,2010,2.36928177
BHS,2011,2.37497997
BHS,2012,2.31367421
BHS,2013,2.59359813
BHS,2014,2.53589177
BHS,2015,2.32609415
BHS,2016,2.71795917
BHS,2017,3.57633185
BHS,2018,2.79429245
BHS,2019,2.87397003
BHS,2020,4.37366199
BHS,2021,3.51553249
BHS,2022,3.99245048
BHS,2023,3.18650889
BIH,2010,6.13426924
BIH,2011,6.20625067
BIH,2012,6.50727367
BIH,2013,6.57830858
BIH,2014,6.66444492
BIH,2015,6.39630365
BIH,2016,6.47960949
BIH,2017,6.18360281
BIH,2018,6.1210475
BIH,2019,6.13385725
BIH,2020,6.75351286
BIH,2021,6.52639914
BIH,2022,5.73453379
BIH,2023,6.00363779
BLR,2010,3.84921932
BLR,2011,3.08841538
BLR,2012,3.44369793
BLR,2013,3.56868172
BLR,2014,3.37288022
BLR,2015,3.68674207
BLR,2016,4.19298792
BLR,2017,3.98054695
BLR,2018,3.9000001
BLR,2019,4.12526941
BLR,2020,4.54088545
BLR,2021,4.87342072
BLR,2022,4.44357491
BLR,2023,4.7274251
BLZ,2010,2.97982311
BLZ,2011,2.98816276
BLZ,2012,2.86571932
BLZ,2013,2.92492223
BLZ,2014,3.03495717
BLZ,2015,3.17137766
BLZ,2016,3.35043669
BLZ,2017,3.2159059
BLZ,2018,3.27672195
BLZ,2019,3.31428432
BLZ,2020,3.79881597
BLZ,2021,3.51546001
BLZ,2022,2.61415029
BLZ,2023,2.69897199
BOL,2010,3.05729318
BOL,2011,3.02061009
BOL,2012,2.9963541
BOL,2013,3.26242685
BOL,2014,3.69240737
BOL,2015,4.30645275
BOL,2016,4.4294467
BOL,2017,4.44758177
BOL,2018,4.79799795
BOL,2019,4.89661789
BOL,2020,5.80238628
BOL,2021,5.88253403
BOL,2022,4.61549664
BOL,2023,4.65502548
BRA,2010,3.57701325
BRA,2011,3.46567941
BRA,2012,3.35463309
BRA,2013,3.55113959
BRA,2014,3.69886327
BRA,2015,3.85396719
BRA,2016,3.94799495
BRA,2017,3.95315194
BRA,2018,3.88924217
BRA,2019,3.91702151
BRA,2020,4.17190552
BRA,2021,4.30673981
BRA,2022,4.25969172
BRA,2023,4.29392195
BRB,2010,3.18992829
BRB,2011,2.93728137
BRB,2012,3.79151535
BRB,2013,3.33373475
BRB,2014,2.87362003
BRB,2015,2.84907889
BRB,2016,2.85200191
BRB,2017,2.7041471
BRB,2018,2.65220022
BRB,2019,2.54682422
BRB,2020,3.32207417
BRB,2021,4.04128695
BRB,2022,2.6457088
BRB,2023,2.25056767
BRN,2010,2.09004593
BRN,2011,1.70617342
BRN,2012,1.68712533
BRN,2013,1.71973145
BRN,2014,1.77395678
BRN,2015,2.26836538
BRN,2016,2.42138696
BRN,2017,2.14737701
BRN,2018,2.29566693
BRN,2019,2.10503411
BRN,2020,2.30922484
BRN,2021,1.99766231
BRN,2022,1.6302222
BRN,2023,2.06224728
BTN,2010,2.3471601
BTN,2011,2.21770048
BTN,2012,2.26811028
BTN,2013,2.3066659
BTN,2014,2.23058915
BTN,2015,2.55167842
BTN,2016,2.42386007
BTN,2017,2.31912565
BTN,2018,2.44134831
BTN,2019,2.4829967
BTN,2020,3.18623781
BTN,2021,2.31712747
BTN,2022,2.13837457
BTN,2023,2.9429884
BWA,2010,3.60705996
BWA,2011,3.60456705
BWA,2012,4.09601831
BWA,2013,4.15482092
BWA,2014,3.99039125
BWA,2015,4.13518047
BWA,2016,3.83726597
BWA,2017,5.01613283
BWA,2018,4.14253378
BWA,2019,4.37294102
BWA,2020,4.48994827
BWA,2021,4.82830048
BWA,2022,4.30745316
BWA,2023,4.72067308
CAF,2010,0.57671779
CAF,2011,0.41518956
CAF,2012,0.62262207
CAF,2013,0.98418158
CAF,2014,0.71106249
CAF,2015,0.45585203
CAF,2016,0.59953427
CAF,2017,0.72881997
CAF,2018,0.68853283
CAF,2019,0.81889474
CAF,2020,1.22141719
CAF,2021,1.26395118
CAF,2022,1.49499202
CAF,2023,1.53037214
CAN,2010,7.48326397
CAN,2011,7.31292295
CAN,2012,7.43784714
CAN,2013,7.40494967
CAN,2014,7.27883959
CAN,2015,7.63076639
CAN,2016,7.72722769
CAN,2017,7.60926294
CAN,2018,7.604599
CAN,2019,7.68264532
CAN,2020,9.61535835
CAN,2021,9.00172424
CAN,2022,7.86726427
CAN,2023,7.86552382
CAN,2024,7.93846798
CHE,2010,3.31898856
CHE,2011,3.39824772
CHE,2012,3.55156374
CHE,2013,3.54965854
CHE,2014,3.59058547
CHE,2015,3.6722703
CHE,2016,3.763062
CHE,2017,3.8158226
CHE,2018,3.75385094
CHE,2019,3.82881737
CHE,2020,4.2842145
CHE,2021,4.26561546
CHE,2022,4.04552841
CHE,2023,3.8676703
CHL,2010,3.21233106
CHL,2011,3.2064569
CHL,2012,3.36484623
CHL,2013,3.56203961
CHL,2014,3.74321032
CHL,2015,4.01006603
CHL,2016,4.24912882
CHL,2017,4.58157396
CHL,2018,4.68868828
CHL,2019,4.77255917
CHL,2020,5.48000908
CHL,2021,5.21842861
CHL,2022,5.09029913
CHL,2023,5.25075579
CHL,2024,5.10949755
CHN,2010,2.15837073
CHN,2011,2.29242587
CHN,2012,2.50277305
CHN,2013,2.64646387
CHN,2014,2.74482822
CHN,2015,2.92099118
CHN,2016,2.83731437
CHN,2017,2.81638408
CHN,2018,2.85993624
CHN,2019,2.94739079
CHN,2020,3.01223373
CHN,2021,2.8417747
CHN,2022,3.39281297
CHN,2023,3.39381886
CIV,2010,0.83997321
CIV,2011,0.57983553
CIV,2012,0.74607307
CIV,2013,0.7278282
CIV,2014,0.77760309
CIV,2015,0.80445331
CIV,2016,0.85302079
CIV,2017,0.93267012
CIV,2018,0.89862597
CIV,2019,0.96328849
CIV,2020,1.33183074
CIV,2021,1.59011114
CIV,2022,1.49067545
CIV,2023,1.40123832
CMR,2010,0.4063552
CMR,2011,0.5729565
CMR,2012,0.64008772
CMR,2013,0.4803811
CMR,2014,0.58977377
CMR,2015,0.36383638
CMR,2016,0.36593068
CMR,2017,0.14120807
CMR,2018,0.35133773
CMR,2019,0.40687224
CMR,2020,0.60675448
CMR,2021,0.48882192
CMR,2022,0.66833162
CMR,2023,0.66923392
COD,2010,0.38362399
COD,2011,0.34667644
COD,2012,0.51978379
COD,2013,0.46684277
COD,2014,0.51571059
COD,2015,0.62508768
COD,2016,0.53029794
COD,2017,0.39801776
COD,2018,0.48873118
COD,2019,0.55490303
COD,2020,0.63877279
COD,2021,0.64831114
COD,2022,0.72449565
COD,2023,0.68990564
COG,2010,0.8283878
COG,2011,0.65133953
COG,2012,0.81893653
COG,2013,0.93664998
COG,2014,0.94694966
COG,2015,1.11883152
COG,2016,1.11958003
COG,2017,0.90735477
COG,2018,0.62025368
COG,2019,1.02925241
COG,2020,1.73444974
COG,2021,1.72020531
COG,2022,0.80518568
COG,2023,1.12095106
COL,2010,5.10725737
COL,2011,4.98383522
COL,2012,4.7128706
COL,2013,4.90206432
COL,2014,5.05892658
COL,2015,5.32889223
COL,2016,5.29663372
COL,2017,5.4549818
COL,2018,5.38843489
COL,2019,5.47731161
COL,2020,6.18919849
COL,2021,6.64501476
COL,2022,5.34694386
COL,2023,5.73787117
COL,2024,5.68002081
COM,2010,0.37668347
COM,2011,0.9567222
COM,2012,0.79534382
COM,2013,0.65978307
COM,2014,0.55491424
COM,2015,0.46612623
COM,2016,0.57399994
COM,2017,0.67584765
COM,2018,0.76553828
COM,2019,0.83244753
COM,2020,1.29287672
COM,2021,0.94517165
COM,2022,0.8734315
COM,2023,0.84639359
CPV,2010,2.58053112
CPV,2011,2.61180115
CPV,2012,2.79963088
CPV,2013,2.78713155
CPV,2014,2.77216268
CPV,2015,2.89664817
CPV,2016,2.76934814
CPV,2017,2.55316591
CPV,2018,3.10238695
CPV,2019,3.24034405
CPV,2020,4.64176846
CPV,2021,4.58503008
CPV,2022,4.16780281
CPV,2023,3.42531776
CRI,2010,5.80644417
CRI,2011,5.70106649
CRI,2012,5.503479
CRI,2013,5.45445585
CRI,2014,5.44291878
CRI,2015,5.51982594
CRI,2016,5.36528826
CRI,2017,5.1788969
CRI,2018,5.27453423
CRI,2019,5.23799706
CRI,2020,5.61917973
CRI,2021,5.35382223
CRI,2022,4.95363188
CRI,2023,4.61124086
CUB,2010,9.70249748
CUB,2011,10.06710052
CUB,2012,8.06292343
CUB,2013,9.1383667
CUB,2014,10.95755768
CUB,2015,11.57499027
CUB,2016,10.94796658
CUB,2017,10.2355442
CUB,2018,9.77753925
CUB,2019,9.86760807
CUB,2020,11.3656826
CUB,2021,12.62847614
CUB,2022,10.47128963
CUB,2023,7.82557917
CYP,2010,2.97370887
CYP,2011,3.04867911
CYP,2012,3.00121903
CYP,2013,3.15601254
CYP,2014,2.94708562
CYP,2015,2.85704303
CYP,2016,2.79585361
CYP,2017,2.74640369
CYP,2018,2.85127211
CYP,2019,3.79063916
CYP,2020,6.21329498
CYP,2021,6.97802401
CYP,2022,6.32030439
CYP,2023,6.23445129
CZE,2010,6.34771013
CZE,2011,6.3153348
CZE,2012,6.37927723
CZE,2013,6.29084349
CZE,2014,6.33035374
CZE,2015,6.15198898
CZE,2016,6.18802738
CZE,2017,6.12094069
CZE,2018,6.24047327
CZE,2019,6.33127356
CZE,2020,7.89175224
CZE,2021,7.91902399
CZE,2022,7.18070936
CZE,2023,7.10716867
DEU,2010,8.23746395
DEU,2011,7.97318602
DEU,2012,8.03190994
DEU,2013,8.24677086
DEU,2014,8.33346176
DEU,2015,8.45390797
DEU,2016,8.53130817
DEU,2017,8.63574028
DEU,2018,8.7105999
DEU,2019,8.89676571
DEU,2020,9.87329006
DEU,2021,10.12237358
DEU,2022,10.01671791
DEU,2023,9.29177761
DJI,2010,1.85621846
DJI,2011,2.14218068
DJI,2012,1.88866687
DJI,2013,1.8059175
DJI,2014,1.76028001
DJI,2015,1.70769882
DJI,2016,1.32919765
DJI,2017,1.1462568
DJI,2018,1.33991563
DJI,2019,1.28569102
DJI,2020,1.07290661
DJI,2021,0.76665086
DJI,2022,1.06819105
DJI,2023,1.05232239
DMA,2010,2.95949578
DMA,2011,3.15106702
DMA,2012,3.48056149
DMA,2013,3.28141499
DMA,2014,3.21116447
DMA,2015,3.25268769
DMA,2016,3.33051729
DMA,2017,3.76958227
DMA,2018,4.10668468
DMA,2019,3.33201027
DMA,2020,3.79538107
DMA,2021,4.03373861
DMA,2022,4.50941896
DMA,2023,3.36183167
DNK,2010,8.92905712
DNK,2011,8.72731876
DNK,2012,8.88669872
DNK,2013,8.69767475
DNK,2014,8.70941639
DNK,2015,8.74188137
DNK,2016,8.65580463
DNK,2017,8.49121284
DNK,2018,8.49359703
DNK,2019,8.52554512
DNK,2020,9.01822376
DNK,2021,9.00487709
DNK,2022,7.99897861
DNK,2023,7.95977545
DNK,2024,7.83290672
DOM,2010,2.51915145
DOM,2011,2.72904515
DOM,2012,2.76918435
DOM,2013,2.78379869
DOM,2014,2.46697044
DOM,2015,2.37458324
DOM,2016,2.6700182
DOM,2017,2.60838318
DOM,2018,2.57885528
DOM,2019,2.66453695
DOM,2020,3.25516009
DOM,2021,3.36349916
DOM,2022,2.81554079
DOM,2023,2.94757152
DZA,2010,3.22398353
DZA,2011,3.40776706
DZA,2012,4.02772284
DZA,2013,3.91591859
DZA,2014,4.21865416
DZA,2015,4.33925533
DZA,2016,3.94321752
DZA,2017,3.84453487
DZA,2018,3.84471345
DZA,2019,3.27598047
DZA,2020,3.31185937
DZA,2021,2.87333918
DZA,2022,1.71663105
DZA,2023,2.30922818
ECU,2010,2.98613954
ECU,2011,3.15536475
ECU,2012,3.52782917
ECU,2013,3.86072373
ECU,2014,4.15685654
ECU,2015,4.49897623
ECU,2016,4.62448025
ECU,2017,4.63966084
ECU,2018,4.99487257
ECU,2019,4.91185951
ECU,2020,5.27935171
ECU,2021,5.314744
ECU,2022,4.71747446
ECU,2023,4.6845336
EGY,2010,1.36768734
EGY,2011,1.47460115
EGY,2012,1.28014243
EGY,2013,1.36696446
EGY,2014,1.41039252
EGY,2015,1.58139753
EGY,2016,1.56636381
EGY,2017,1.65595341
EGY,2018,1.35182929
EGY,2019,1.29722774
EGY,2020,1.32617092
EGY,2021,1.73679698
EGY,2022,1.68629062
EGY,2023,1.57523489
ERI,2010,1.00715244
ERI,2011,0.76524723
ERI,2012,0.79066068
ERI,2013,0.776559
ERI,2014,0.51250237
ERI,2015,0.73755044
ERI,2016,0.7340641
ERI,2017,1.00827622
ERI,2018,0.62541473
ERI,2019,0.74166143
ERI,2020,0.84150839
ERI,2021,0.88709611
ERI,2022,0.90046018
ERI,2023,0.84941107
ESP,2010,6.76060534
ESP,2011,6.70592642
ESP,2012,6.57172394
ESP,2013,6.40668583
ESP,2014,6.34630156
ESP,2015,6.45323324
ESP,2016,6.35498238
ESP,2017,6.26789188
ESP,2018,6.27582741
ESP,2019,6.39903307
ESP,2020,7.7817421
ESP,2021,7.5110774
ESP,2022,7.06012344
ESP,2023,6.74802351
EST,2010,4.84003878
EST,2011,4.48738861
EST,2012,4.53774357
EST,2013,4.61415815
EST,2014,4.66695023
EST,2015,4.85387135
EST,2016,4.88813353
EST,2017,4.75225782
EST,2018,4.82979679
EST,2019,4.94378757
EST,2020,5.75498247
EST,2021,5.68571281
EST,2022,5.18720722
EST,2023,5.66041517
ETH,2010,0.94396317
ETH,2011,0.3811754
ETH,2012,1.06663179
ETH,2013,1.09967208
ETH,2014,0.71479559
ETH,2015,0.96540898
ETH,2016,0.90002954
ETH,2017,0.8612687
ETH,2018,0.76642609
ETH,2019,0.73088509
ETH,2020,0.98278511
ETH,2021,0.97926205
ETH,2022,0.72080112
ETH,2023,0.614245
FIN,2010,7.18030024
FIN,2011,7.31418705
FIN,2012,7.67503309
FIN,2013,7.82302523
FIN,2014,7.8208828
FIN,2015,7.6206398
FIN,2016,7.3601203
FIN,2017,7.17050409
FIN,2018,7.1532836
FIN,2019,7.39612961
FIN,2020,7.88914347
FIN,2021,8.06121445
FIN,2022,7.96152925
FIN,2023,8.49943733
FJI,2010,2.18311381
FJI,2011,1.88993454
FJI,2012,1.91403711
FJI,2013,1.87162006
FJI,2014,2.0661068
FJI,2015,2.09847856
FJI,2016,2.09586525
FJI,2017,2.11070943
FJI,2018,2.4660871
FJI,2019,2.64242482
FJI,2020,3.00008559
FJI,2021,3.65724373
FJI,2022,3.196064
FJI,2023,2.70261335
FRA,2010,7.81747055
FRA,2011,7.76428938
FRA,2012,7.8918004
FRA,2013,7.99064016
FRA,2014,8.07977486
FRA,2015,8.23389816
FRA,2016,8.61056232
FRA,2017,8.6154108
FRA,2018,8.49900723
FRA,2019,8.33091736
FRA,2020,9.25742054
FRA,2021,9.25056267
FRA,2022,8.90620232
FRA,2023,7.80043125
FRA,2024,7.89331961
FSM,2010,1.21490371
FSM,2011,1.89427388
FSM,2012,1.40971768
FSM,2013,1.55522645
FSM,2014,2.0200696
FSM,2015,1.89359462
FSM,2016,2.00609899
FSM,2017,1.53164423
FSM,2018,1.40767145
FSM,2019,1.74894965
FSM,2020,1.7635082
FSM,2021,1.15334094
FSM,2022,1.55440867
FSM,2023,1.83325839
GAB,2010,1.57325745
GAB,2011,1.58558345
GAB,2012,1.48285842
GAB,2013,1.82302928
GAB,2014,1.51668847
GAB,2015,1.56549394
GAB,2016,2.01055074
GAB,2017,1.75976336
GAB,2018,1.61284041
GAB,2019,1.66963005
GAB,2020,1.89678836
GAB,2021,1.65491903
GAB,2022,1.88504732
GAB,2023,2.05877304
GBR,2010,8.03008556
GBR,2011,8.01413918
GBR,2012,8.01443958
GBR,2013,7.93981838
GBR,2014,7.93892813
GBR,2015,7.90739918
GBR,2016,7.90904903
GBR,2017,7.73283911
GBR,2018,7.78175926
GBR,2019,7.95685244
GBR,2020,10.17949867
GBR,2021,10.11974335
GBR,2022,9.10831928
GBR,2023,8.98766613
GEO,2010,1.90527785
GEO,2011,1.36786854
GEO,2012,1.52704597
GEO,2013,1.82236254
GEO,2014,2.14047027
GEO,2015,2.59349322
GEO,2016,2.87254119
GEO,2017,2.58998537
GEO,2018,2.75906873
GEO,2019,2.69142175
GEO,2020,3.66064787
GEO,2021,4.43811321
GEO,2022,3.06025243
GEO,2023,2.30926275
GHA,2010,2.26015067
GHA,2011,2.35423017
GHA,2012,1.97869766
GHA,2013,1.85814357
GHA,2014,1.40883136
GHA,2015,1.5937829
GHA,2016,1.3003906
GHA,2017,1.63058531
GHA,2018,1.37083328
GHA,2019,1.9720608
GHA,2020,2.52818918
GHA,2021,2.09936643
GHA,2022,2.03708911
GHA,2023,1.86317766
GIN,2010,0.36297843
GIN,2011,0.51036745
GIN,2012,0.51431388
GIN,2013,0.48858824
GIN,2014,0.61152339
GIN,2015,0.42931107
GIN,2016,0.66374409
GIN,2017,0.60066199
GIN,2018,0.61740124
GIN,2019,0.92095226
GIN,2020,0.77726084
GIN,2021,0.68109477
GIN,2022,0.72876471
GIN,2023,0.80672276
GMB,2010,0.91823167
GMB,2011,1.04374862
GMB,2012,1.20622373
GMB,2013,1.08376527
GMB,2014,1.09228694
GMB,2015,0.99829203
GMB,2016,1.2897681
GMB,2017,1.06097889
GMB,2018,1.04798186
GMB,2019,1.28750503
GMB,2020,1.9513855
GMB,2021,1.28643787
GMB,2022,1.54287362
GMB,2023,1.29954684
GNB,2010,0.46807465
GNB,2011,0.43690556
GNB,2012,0.50444686
GNB,2013,0.55160207
GNB,2014,0.59649962
GNB,2015,0.53779858
GNB,2016,0.48464295
GNB,2017,0.49838862
GNB,2018,0.50527376
GNB,2019,0.45877996
GNB,2020,1.20048702
GNB,2021,1.13860166
GNB,2022,1.03818488
GNB,2023,0.9383629
GNQ,2010,0.64514917
GNQ,2011,0.59239239
GNQ,2012,0.70269078
GNQ,2013,0.61788166
GNQ,2014,0.65114552
GNQ,2015,0.7432819
GNQ,2016,0.86530524
GNQ,2017,0.78999829
GNQ,2018,0.81501949
GNQ,2019,0.8050639
GNQ,2020,1.0338515
GNQ,2021,1.14400554
GNQ,2022,0.86760986
GNQ,2023,1.12861156
GRC,2010,6.62841225
GRC,2011,6.03533649
GRC,2012,5.7518816
GRC,2013,5.23182106
GRC,2014,4.51781511
GRC,2015,4.7674284
GRC,2016,4.43071413
GRC,2017,4.29561758
GRC,2018,4.17521954
GRC,2019,3.95904088
GRC,2020,5.06405878
GRC,2021,5.38438177
GRC,2022,4.56988621
GRC,2023,4.24943686
GRD,2010,2.05670786
GRD,2011,2.41611266
GRD,2012,2.38694572
GRD,2013,2.27822328
GRD,2014,2.09314442
GRD,2015,1.93493712
GRD,2016,1.76571214
GRD,2017,1.88796365
GRD,2018,1.86524379
GRD,2019,2.04134059
GRD,2020,2.28805852
GRD,2021,2.16806746
GRD,2022,1.9978193
GRD,2023,2.10270882
GTM,2010,2.06138587
GTM,2011,1.99347126
GTM,2012,2.02626443
GTM,2013,2.21485376
GTM,2014,2.23796296
GTM,2015,2.27820134
GTM,2016,2.28762269
GTM,2017,2.1993053
GTM,2018,2.19892383
GTM,2019,2.37253165
GTM,2020,2.47224283
GTM,2021,2.66252208
GTM,2022,2.47282767
GTM,2023,2.43609333
GUY,2010,1.81934333
GUY,2011,2.02701139
GUY,2012,1.79707813
GUY,2013,1.88811839
GUY,2014,2.17510056
GUY,2015,2.35677791
GUY,2016,2.5319159
GUY,2017,2.79179382
GUY,2018,2.95149112
GUY,2019,2.90384364
GUY,2020,3.97433281
GUY,2021,3.19546413
GUY,2022,1.73739421
GUY,2023,1.73029017
HND,2010,3.69605827
HND,2011,3.89370441
HND,2012,3.3830452
HND,2013,3.4937377
HND,2014,3.19305706
HND,2015,2.94796515
HND,2016,3.09310865
HND,2017,2.85400987
HND,2018,2.84892344
HND,2019,2.89673924
HND,2020,3.50717759
HND,2021,3.47907257
HND,2022,3.20130515
HND,2023,2.46127725
HRV,2010,6.63025713
HRV,2011,6.25037861
HRV,2012,6.30977678
HRV,2013,5.44869661
HRV,2014,5.51811647
HRV,2015,5.5316987
HRV,2016,5.54387617
HRV,2017,5.49144459
HRV,2018,5.53542042
HRV,2019,5.53433323
HRV,2020,6.28337812
HRV,2021,6.79773712
HRV,2022,6.16261101
HRV,2023,6.00462341
HTI,2010,0.81272614
HTI,2011,0.42167202
HTI,2012,0.45754522
HTI,2013,0.47550055
HTI,2014,0.4683435
HTI,2015,0.56089777
HTI,2016,0.52977306
HTI,2017,0.46510881
HTI,2018,0.52653241
HTI,2019,0.40745705
HTI,2020,0.48513991
HTI,2021,0.40921035
HTI,2022,0.34204665
HTI,2023,0.29809323
HUN,2010,4.97306871
HUN,2011,4.96192122
HUN,2012,4.81794548
HUN,2013,4.79123878
HUN,2014,4.69849157
HUN,2015,4.6434226
HUN,2016,4.71779013
HUN,2017,4.60974598
HUN,2018,4.53718567
HUN,2019,4.26813841
HUN,2020,5.09558201
HUN,2021,5.29752254
HUN,2022,4.8313055
HUN,2023,4.67247677
IDN,2010,0.66109079
IDN,2011,0.70190871
IDN,2012,0.76724905
IDN,2013,0.81686825
IDN,2014,0.99270725
IDN,2015,1.15799773
IDN,2016,1.37558317
IDN,2017,1.34984481
IDN,2018,1.395854
IDN,2019,1.39791656
IDN,2020,1.88725579
IDN,2021,2.20201159
IDN,2022,1.39438057
IDN,2023,1.44882917
IND,2010,0.87431055
IND,2011,0.93731916
IND,2012,0.93186861
IND,2013,0.86504197
IND,2014,0.85653549
IND,2015,0.92193186
IND,2016,0.94049966
IND,2017,0.96734685
IND,2018,0.98024821
IND,2019,1.03550148
IND,2020,1.21139216
IND,2021,1.35207272
IND,2022,1.37196231
IND,2023,1.30319667
IRL,2010,8.01437855
IRL,2011,7.56952333
IRL,2012,7.56647778
IRL,2013,7.12790918
IRL,2014,6.58024883
IRL,2015,5.08183002
IRL,2016,5.29494858
IRL,2017,5.019907
IRL,2018,4.96560764
IRL,2019,4.8862195
IRL,2020,5.41204929
IRL,2021,4.93912601
IRL,2022,4.60636616
IRL,2023,5.03631401
IRN,2010,2.03566408
IRN,2011,2.0313952
IRN,2012,2.05416632
IRN,2013,2.17463541
IRN,2014,3.27688289
IRN,2015,4.21780825
IRN,2016,4.12576914
IRN,2017,4.1947484
IRN,2018,3.1700592
IRN,2019,2.74998093
IRN,2020,2.47541046
IRN,2021,2.27706981
IRN,2022,2.62992668
IRN,2023,2.81532979
IRQ,2010,2.38097811
IRQ,2011,2.08112431
IRQ,2012,1.00896454
IRQ,2013,1.1463443
IRQ,2014,1.03747606
IRQ,2015,0.73074299
IRQ,2016,2.53573442
IRQ,2017,1.69484437
IRQ,2018,2.001724
IRQ,2019,2.07680917
IRQ,2020,2.5794127
IRQ,2021,2.53705359
IRQ,2022,1.98248768
IRQ,2023,2.54604125
ISL,2010,6.67772865
ISL,2011,6.61492586
ISL,2012,6.58818579
ISL,2013,6.61044264
ISL,2014,6.68532133
ISL,2015,6.58261681
ISL,2016,6.65842867
ISL,2017,6.82592249
ISL,2018,6.9620142
ISL,2019,7.16506433
ISL,2020,8.051507
ISL,2021,8.14422035
ISL,2022,7.69027185
ISL,2023,7.27967358
ISR,2010,4.30216122
ISR,2011,4.25976515
ISR,2012,4.34608603
ISR,2013,4.40172148
ISR,2014,4.43815184
ISR,2015,4.45243502
ISR,2016,4.49493361
ISR,2017,4.58158922
ISR,2018,4.67882729
ISR,2019,4.67124081
ISR,2020,5.25961494
ISR,2021,5.60308933
ISR,2022,4.42022657
ISR,2023,4.63090897
ITA,2010,6.96612167
ITA,2011,6.72206736
ITA,2012,6.63017321
ITA,2013,6.60825253
ITA,2014,6.63854408
ITA,2015,6.54743338
ITA,2016,6.44775581
ITA,2017,6.37222385
ITA,2018,6.34945059
ITA,2019,6.31018782
ITA,2020,7.25222397
ITA,2021,6.91720438
ITA,2022,6.52353668
ITA,2023,6.14251709
JAM,2010,3.04630113
JAM,2011,3.09656906
JAM,2012,2.78247046
JAM,2013,2.97220016
JAM,2014,3.06121469
JAM,2015,3.55884409
JAM,2016,3.62554812
JAM,2017,4.06524467
JAM,2018,3.88880324
JAM,2019,3.97861576
JAM,2020,4.52264309
JAM,2021,5.11554575
JAM,2022,5.92761612
JAM,2023,4.8935523
JOR,2010,5.45029831
JOR,2011,5.49565887
JOR,2012,5.03539467
JOR,2013,4.41074276
JOR,2014,4.64796257
JOR,2015,3.99459696
JOR,2016,3.1935668
JOR,2017,3.18527389
JOR,2018,3.00017619
JOR,2019,3.03746152
JOR,2020,3.41537142
JOR,2021,3.33083987
JOR,2022,3.41554523
JOR,2023,3.44745827
JPN,2010,7.42507124
JPN,2011,8.78255081
JPN,2012,8.9568243
JPN,2013,8.99433517
JPN,2014,9.02501678
JPN,2015,9.03866768
JPN,2016,8.95745564
JPN,2017,8.97414494
JPN,2018,8.99690151
JPN,2019,9.2108326
JPN,2020,9.777771
JPN,2021,10.42161942
JPN,2022,10.60008049
JPN,2023,9.11008263
KAZ,2010,1.84399545
KAZ,2011,1.84243834
KAZ,2012,2.06988907
KAZ,2013,1.84699571
KAZ,2014,2.13331318
KAZ,2015,1.91990697
KAZ,2016,2.04025173
KAZ,2017,1.89267063
KAZ,2018,1.76464748
KAZ,2019,1.72108889
KAZ,2020,2.52114773
KAZ,2021,2.60474586
KAZ,2022,2.30231667
KAZ,2023,2.47987461
KEN,2010,1.56062746
KEN,2011,1.60566163
KEN,2012,1.62624443
KEN,2013,1.66091359
KEN,2014,1.83768213
KEN,2015,1.92388499
KEN,2016,2.03529072
KEN,2017,1.71156442
KEN,2018,1.7670722
KEN,2019,2.00870633
KEN,2020,2.2100935
KEN,2021,2.22920752
KEN,2022,2.00364423
KEN,2023,1.95431077
KGZ,2010,3.41518092
KGZ,2011,3.69314909
KGZ,2012,4.22100592
KGZ,2013,3.94686103
KGZ,2014,2.74904537
KGZ,2015,2.71162796
KGZ,2016,2.49723411
KGZ,2017,2.34767461
KGZ,2018,2.42471886
KGZ,2019,2.18779993
KGZ,2020,2.21847796
KGZ,2021,2.95868587
KGZ,2022,2.64341927
KGZ,2023,2.40183544
KHM,2010,1.10954452
KHM,2011,1.02417195
KHM,2012,1.08205044
KHM,2013,1.11564887
KHM,2014,1.0150677
KHM,2015,1.00400126
KHM,2016,1.04308498
KHM,2017,1.1320188
KHM,2018,1.20929301
KHM,2019,1.22948682
KHM,2020,1.40071249
KHM,2021,3.00353575
KHM,2022,1.17839336
KHM,2023,1.24129963
KIR,2010,7.94999981
KIR,2011,7.53157902
KIR,2012,7.0250001
KIR,2013,7.14354086
KIR,2014,7.37837839
KIR,2015,6.08627462
KIR,2016,7.69784164
KIR,2017,8.31615162
KIR,2018,8.78594208
KIR,2019,9.23076916
KIR,2020,9.50155735
KIR,2021,8.8684206
KIR,2022,8.51073647
KIR,2023,8.58790588
KNA,2010,1.96334112
KNA,2011,1.91958332
KNA,2012,1.96832883
KNA,2013,1.92399502
KNA,2014,1.94636261
KNA,2015,1.94096529
KNA,2016,2.17921019
KNA,2017,2.19368339
KNA,2018,2.25112653
KNA,2019,2.55811405
KNA,2020,3.04861951
KNA,2021,3.54911423
KNA,2022,2.90488815
KNA,2023,3.11200881
KOR,2010,3.20370984
KOR,2011,3.2194593
KOR,2012,3.23771381
KOR,2013,3.3175869
KOR,2014,3.40634632
KOR,2015,3.50807333
KOR,2016,3.65121055
KOR,2017,3.78743124
KOR,2018,4.03568125
KOR,2019,4.43231916
KOR,2020,4.67086744
KOR,2021,5.07723141
KOR,2022,5.52341843
KOR,2023,5.0180707
KOR,2024,4.91143751
KWT,2010,2.25556993
KWT,2011,1.97078466
KWT,2012,1.9472518
KWT,2013,2.08904266
KWT,2014,2.466609
KWT,2015,3.57679915
KWT,2016,4.03627825
KWT,2017,3.98828077
KWT,2018,4.56324148
KWT,2019,4.56783867
KWT,2020,5.41016102
KWT,2021,4.77891159
KWT,2022,3.70099521
KWT,2023,4.39482975
LAO,2010,0.60363603
LAO,2011,0.36693901
LAO,2012,0.43670169
LAO,2013,0.71266264
LAO,2014,0.68373317
LAO,2015,0.86391306
LAO,2016,0.76494843
LAO,2017,0.88887793
LAO,2018,0.86922747
LAO,2019,0.96142328
LAO,2020,0.79207379
LAO,2021,0.71924585
LAO,2022,0.62643725
LAO,2023,0.52790278
LBN,2010,2.99847841
LBN,2011,3.57470489
LBN,2012,3.04691243
LBN,2013,3.12071991
LBN,2014,3.57181931
LBN,2015,3.37505221
LBN,2016,3.72473431
LBN,2017,3.67671943
LBN,2018,3.77159619
LBN,2019,4.28126144
LBN,2020,3.32454515
LBN,2021,1.18353021
LBN,2022,1.51495135
LBN,2023,2.11316371
LBR,2010,1.2732017
LBR,2011,1.51829398
LBR,2012,1.55076897
LBR,2013,0.31744617
LBR,2014,0.82358247
LBR,2015,1.20420825
LBR,2016,1.39315951
LBR,2017,1.38745701
LBR,2018,1.68725502
LBR,2019,1.3562839
LBR,2020,1.32303464
LBR,2021,1.11087501
LBR,2022,1.29002357
LBR,2023,1.30092859
LBY,2010,2.29442048
LBY,2011,2.54379559
LBY,2012,2.91900086
LBY,2013,3.6518445
LBY,2014,3.42913532
LBY,2015,4.02187729
LBY,2016,4.16492653
LBY,2017,3.09533191
LBY,2018,3.48153329
LBY,2019,3.95533991
LBY,2020,5.58700848
LBY,2021,4.47216082
LBY,2022,3.14845943
LBY,2023,6.25568771
LCA,2010,1.81502438
LCA,2011,1.81603396
LCA,2012,2.03916478
LCA,2013,2.07502913
LCA,2014,1.91464138
LCA,2015,1.99191558
LCA,2016,1.95973325
LCA,2017,2.03747821
LCA,2018,1.98067319
LCA,2019,2.07973409
LCA,2020,3.02728176
LCA,2021,2.75269866
LCA,2022,2.25815845
LCA,2023,2.38351178
LIE,2013,3.83092952
LIE,2014,3.69935989
LIE,2015,3.77818871
LIE,2016,3.79975724
LIE,2017,3.58753037
LIE,2018,3.53447771
LIE,2019,3.76001668
LIE,2020,4.1560874
LIE,2021,3.69411302
LIE,2022,3.82908344
LIE,2023,3.94563389
LKA,2010,1.51292467
LKA,2011,1.52385986
LKA,2012,1.39617562
LKA,2013,1.6775682
LKA,2014,1.55114651
LKA,2015,1.61882555
LKA,2016,1.56008303
LKA,2017,1.36585641
LKA,2018,1.66403663
LKA,2019,1.73423195
LKA,2020,2.15588403
LKA,2021,2.2609117
LKA,2022,1.52578461
LKA,2023,1.23655903
LSO,2010,3.9816153
LSO,2011,4.93363905
LSO,2012,5.62558651
LSO,2013,6.12028074
LSO,2014,5.8080492
LSO,2015,5.62011147
LSO,2016,5.59334755
LSO,2017,6.03923559
LSO,2018,5.5954361
LSO,2019,6.75437784
LSO,2020,4.87197256
LSO,2021,4.38429165
LSO,2022,6.55054998
LSO,2023,5.84427834
LTU,2010,4.90936899
LTU,2011,4.59981918
LTU,2012,4.20211172
LTU,2013,4.03710175
LTU,2014,4.14252853
LTU,2015,4.2784977
LTU,2016,4.37240982
LTU,2017,4.21894503
LTU,2018,4.26898956
LTU,2019,4.52023697
LTU,2020,5.09458399
LTU,2021,5.21177673
LTU,2022,4.7339468
LTU,2023,4.75854826
LUX,2010,5.72467899
LUX,2011,4.96489
LUX,2012,4.4276371
LUX,2013,4.39057875
LUX,2014,4.40729094
LUX,2015,4.29385996
LUX,2016,4.28179646
LUX,2017,4.35383892
LUX,2018,4.47836113
LUX,2019,4.69412756
LUX,2020,5.03816795
LUX,2021,4.8814826
LUX,2022,4.88470221
LUX,2023,5.01267815
LUX,2024,5.12085199
LVA,2010,3.74602699
LVA,2011,3.75751281
LVA,2012,3.39200068
LVA,2013,3.36321855
LVA,2014,3.37962747
LVA,2015,3.43240261
LVA,2016,3.54719949
LVA,2017,3.53695512
LVA,2018,3.82692361
LVA,2019,4.10785341
LVA,2020,4.76178408
LVA,2021,6.52429104
LVA,2022,5.2459259
LVA,2023,4.32704115
MAR,2010,1.74102044
MAR,2011,1.80912101
MAR,2012,1.85334969
MAR,2013,1.82751834
MAR,2014,2.09785223
MAR,2015,1.98215687
MAR,2016,2.00518847
MAR,2017,1.98112547
MAR,2018,1.9875257
MAR,2019,2.02342105
MAR,2020,2.46551728
MAR,2021,2.2556777
MAR,2022,2.90570426
MAR,2023,3.42813945
MCO,2010,4.037848
MCO,2011,3.76148415
MCO,2012,3.86657739
MCO,2013,3.70988655
MCO,2014,3.59680939
MCO,2015,3.48859453
MCO,2016,3.57075405
MCO,2017,3.61485219
MCO,2018,3.51253462
MCO,2019,3.3414309
MCO,2020,3.77197242
MCO,2021,3.297261
MCO,2022,2.93881845
MCO,2023,2.67197466
MDA,2010,4.64634132
MDA,2011,4.24517536
MDA,2012,4.43541145
MDA,2013,4.05499315
MDA,2014,4.30888414
MDA,2015,3.87085724
MDA,2016,3.7185328
MDA,2017,3.60770988
MDA,2018,3.79154086
MDA,2019,3.87679625
MDA,2020,4.54034805
MDA,2021,5.05644417
MDA,2022,4.5151453
MDA,2023,4.68608952
MDG,2010,1.86784148
MDG,2011,1.67813444
MDG,2012,1.48979211
MDG,2013,1.30425918
MDG,2014,1.74814212
MDG,2015,1.99010992
MDG,2016,2.37194586
MDG,2017,2.24615121
MDG,2018,1.49675477
MDG,2019,0.68268955
MDG,2020,0.68988532
MDG,2021,0.74739987
MDG,2022,0.89582229
MDG,2023,0.98797482
MDV,2010,4.49513102
MDV,2011,3.67702603
MDV,2012,4.20904255
MDV,2013,4.29976511
MDV,2014,4.904356
MDV,2015,6.23556709
MDV,2016,7.37399292
MDV,2017,6.51826191
MDV,2018,5.63719177
MDV,2019,5.87739515
MDV,2020,9.15049744
MDV,2021,5.88344622
MDV,2022,5.57443285
MDV,2023,7.29846859
MEX,2010,2.75687551
MEX,2011,2.79909682
MEX,2012,2.87779689
MEX,2013,2.9978776
MEX,2014,2.78812504
MEX,2015,2.88534904
MEX,2016,2.76140785
MEX,2017,2.68433452
MEX,2018,2.59963799
MEX,2019,2.60652828
MEX,2020,3.20069051
MEX,2021,2.94404602
MEX,2022,2.96263528
MEX,2023,2.67641234
MHL,2010,4.82439613
MHL,2011,5.19275141
MHL,2012,5.31435204
MHL,2013,6.12644053
MHL,2014,5.03771496
MHL,2015,6.02202177
MHL,2016,6.47250175
MHL,2017,4.88437748
MHL,2018,6.50871277
MHL,2019,6.66548347
MHL,2020,5.25280666
MHL,2021,5.20669413
MHL,2022,5.84753323
MHL,2023,10.06006145
MKD,2010,4.06657267
MKD,2011,4.05699444
MKD,2012,4.13496399
MKD,2013,4.41111708
MKD,2014,4.01871777
MKD,2015,4.11930132
MKD,2016,4.0607338
MKD,2017,3.75674939
MKD,2018,3.75730491
MKD,2019,4.25745583
MKD,2020,4.66986942
MKD,2021,4.58688641
MKD,2022,4.22148132
MKD,2023,4.27594757
MLI,2010,0.66893148
MLI,2011,0.6047653
MLI,2012,0.41352206
MLI,2013,0.81583834
MLI,2014,0.89173758
MLI,2015,0.91927379
MLI,2016,1.20876825
MLI,2017,1.17751467
MLI,2018,1.15118647
MLI,2019,1.1192745
MLI,2020,1.40269554
MLI,2021,1.35538208
MLI,2022,1.36568475
MLI,2023,1.34937346
MLT,2010,5.10055399
MLT,2011,5.36059618
MLT,2012,5.41480064
MLT,2013,5.6092701
MLT,2014,5.47425842
MLT,2015,5.29361916
MLT,2016,5.48300409
MLT,2017,5.22904444
MLT,2018,5.1497612
MLT,2019,5.55893612
MLT,2020,6.57189322
MLT,2021,6.41883278
MLT,2022,6.09191847
MLT,2023,5.83802271
MMR,2010,0.19366041
MMR,2011,0.23329397
MMR,2012,0.41945723
MMR,2013,0.58719838
MMR,2014,1.00353265
MMR,2015,1.1429708
MMR,2016,0.66600835
MMR,2017,0.6941902
MMR,2018,0.67250752
MMR,2019,0.60877246
MMR,2020,0.71241319
MMR,2021,0.91952342
MMR,2022,0.49640557
MMR,2023,0.49524543
MNE,2011,4.85758018
MNE,2012,5.30493546
MNE,2013,4.89767981
MNE,2014,4.85656452
MNE,2015,5.39562225
MNE,2016,5.18993425
MNE,2017,4.58153057
MNE,2018,4.96868992
MNE,2019,5.06746101
MNE,2020,7.13466835
MNE,2021,6.45562506
MNE,2022,7.24657822
MNE,2023,6.69406366
MNG,2010,2.44484329
MNG,2011,2.13192797
MNG,2012,2.34510446
MNG,2013,2.28476501
MNG,2014,2.40595388
MNG,2015,2.4089644
MNG,2016,2.56394386
MNG,2017,2.2598424
MNG,2018,2.09529591
MNG,2019,2.11976218
MNG,2020,2.56925178
MNG,2021,4.2121501
MNG,2022,3.11989594
MNG,2023,2.72985005
MOZ,2010,1.24370587
MOZ,2011,1.25546241
MOZ,2012,1.23552883
MOZ,2013,1.49877322
MOZ,2014,1.71540534
MOZ,2015,1.78662503
MOZ,2016,1.7231313
MOZ,2017,1.73677838
MOZ,2018,1.7863487
MOZ,2019,1.8260498
MOZ,2020,2.3917768
MOZ,2021,2.28472924
MOZ,2022,2.28882098
MOZ,2023,2.249192
MRT,2010,0.73150158
MRT,2011,0.74974972
MRT,2012,0.89773965
MRT,2013,1.08287692
MRT,2014,1.25234473
MRT,2015,1.41883922
MRT,2016,1.19934916
MRT,2017,1.23123157
MRT,2018,0.91096455
MRT,2019,1.10124004
MRT,2020,1.00379241
MRT,2021,1.49700129
MRT,2022,1.70580709
MRT,2023,1.48361778
MUS,2010,1.99484634
MUS,2011,1.74817169
MUS,2012,1.87548065
MUS,2013,1.93168211
MUS,2014,2.42503381
MUS,2015,2.31317115
MUS,2016,2.44510746
MUS,2017,2.47479272
MUS,2018,2.48200822
MUS,2019,2.50442028
MUS,2020,2.93306947
MUS,2021,3.35773063
MUS,2022,2.52426147
MUS,2023,2.46710205
MWI,2010,1.13196635
MWI,2011,1.15239477
MWI,2012,0.95642853
MWI,2013,1.48205006
MWI,2014,1.56810546
MWI,2015,1.89914215
MWI,2016,1.91101837
MWI,2017,1.71919668
MWI,2018,1.68875861
MWI,2019,1.53329957
MWI,2020,1.56224585
MWI,2021,1.36146903
MWI,2022,0.87697619
MWI,2023,0.83762544
MYS,2010,1.67910564
MYS,2011,1.76482272
MYS,2012,1.86487269
MYS,2013,1.89357972
MYS,2014,2.03088164
MYS,2015,2.03347373
MYS,2016,1.88870478
MYS,2017,1.92218649
MYS,2018,1.92697287
MYS,2019,2.00959897
MYS,2020,2.17598939
MYS,2021,2.45898366
MYS,2022,1.97318363
MYS,2023,1.97993755
NAM,2010,4.88263464
NAM,2011,5.12084961
NAM,2012,4.80753613
NAM,2013,5.20561123
NAM,2014,5.00115061
NAM,2015,5.39398766
NAM,2016,5.76428509
NAM,2017,5.34107399
NAM,2018,5.16180658
NAM,2019,5.26885462
NAM,2020,6.51412964
NAM,2021,6.51885366
NAM,2022,5.80618477
NAM,2023,5.54813719
NER,2010,1.31193817
NER,2011,1.27229619
NER,2012,1.03993595
NER,2013,1.34044802
NER,2014,1.27712584
NER,2015,1.11163116
NER,2016,1.10086405
NER,2017,1.88514483
NER,2018,1.76657593
NER,2019,2.02236509
NER,2020,2.31365919
NER,2021,2.12211633
NER,2022,1.5349741
NER,2023,0.97196257
NGA,2010,0.44847032
NGA,2011,0.47937736
NGA,2012,0.54436672
NGA,2013,0.48927844
NGA,2014,0.44593188
NGA,2015,0.58907843
NGA,2016,0.47496933
NGA,2017,0.53266305
NGA,2018,0.49754828
NGA,2019,0.46980387
NGA,2020,0.50597858
NGA,2021,0.54102808
NGA,2022,0.61952227
NGA,2023,0.60093319
NIC,2010,3.55465937
NIC,2011,3.53044653
NIC,2012,3.74920559
NIC,2013,3.86888838
NIC,2014,4.15811014
NIC,2015,4.46586037
NIC,2016,4.65122414
NIC,2017,4.85718918
NIC,2018,5.17776585
NIC,2019,5.2335391
NIC,2020,5.29172993
NIC,2021,6.05456924
NIC,2022,5.17145538
NIC,2023,4.76571131
NLD,2010,6.90660667
NLD,2011,6.93690538
NLD,2012,7.15750694
NLD,2013,7.24735451
NLD,2014,7.09314537
NLD,2015,6.72993183
NLD,2016,6.5336895
NLD,2017,6.39186192
NLD,2018,6.47488213
NLD,2019,6.55726242
NLD,2020,7.54755592
NLD,2021,7.69962406
NLD,2022,6.7939868
NLD,2023,6.72162485
NOR,2010,7.50110054
NOR,2011,7.37413645
NOR,2012,7.39225388
NOR,2013,7.5452013
NOR,2014,7.91735411
NOR,2015,8.61125374
NOR,2016,8.99088097
NOR,2017,8.70770454
NOR,2018,8.53639317
NOR,2019,8.94719028
NOR,2020,9.82099152
NOR,2021,8.43056965
NOR,2022,6.77605867
NOR,2023,8.11916542
NPL,2010,0.79064077
NPL,2011,0.79661524
NPL,2012,0.78674734
NPL,2013,0.75677603
NPL,2014,0.87364674
NPL,2015,0.90927744
NPL,2016,1.00771654
NPL,2017,1.06542635
NPL,2018,1.06721246
NPL,2019,1.10283434
NPL,2020,1.5651871
NPL,2021,1.76734555
NPL,2022,2.08633423
NPL,2023,1.92793751
NRU,2010,7.59175539
NRU,2011,5.67363787
NRU,2012,4.0232172
NRU,2013,5.35097265
NRU,2014,6.16783905
NRU,2015,8.4357338
NRU,2016,9.87076759
NRU,2017,8.42948341
NRU,2018,9.77889729
NRU,2019,10.3461647
NRU,2020,9.88010979
NRU,2021,9.41186619
NRU,2022,15.94075489
NRU,2023,15.23276997
NZL,2010,7.0972805
NZL,2011,7.16868782
NZL,2012,7.22888708
NZL,2013,6.95405483
NZL,2014,6.9177103
NZL,2015,6.57789135
NZL,2016,6.4102993
NZL,2017,6.40669823
NZL,2018,6.23302364
NZL,2019,6.2196641
NZL,2020,6.86849403
NZL,2021,7.10585737
NZL,2022,8.65659904
NZL,2023,7.86917591
OMN,2010,2.04789329
OMN,2011,1.82965529
OMN,2012,1.88399208
OMN,2013,2.19339776
OMN,2014,2.82171035
OMN,2015,3.6793406
OMN,2016,3.75263762
OMN,2017,3.5271337
OMN,2018,2.77846813
OMN,2019,3.33252549
OMN,2020,4.56241417
OMN,2021,3.84838724
OMN,2022,2.62405968
OMN,2023,2.97877407
PAK,2010,0.52930099
PAK,2011,0.45581207
PAK,2012,0.61600071
PAK,2013,0.63381839
PAK,2014,0.60478491
PAK,2015,0.686643
PAK,2016,0.70141035
PAK,2017,0.91277653
PAK,2018,0.93618691
PAK,2019,0.94332874
PAK,2020,1.03975642
PAK,2021,1.1115458
PAK,2022,1.10770965
PAK,2023,0.90008724
PAN,2010,4.65330553
PAN,2011,4.23569298
PAN,2012,3.90454745
PAN,2013,4.07795286
PAN,2014,4.23567915
PAN,2015,4.21543312
PAN,2016,4.33149529
PAN,2017,4.41374683
PAN,2018,4.40903568
PAN,2019,4.61607218
PAN,2020,5.54313087
PAN,2021,5.07548141
PAN,2022,4.75854683
PAN,2023,4.26657534
PER,2010,2.44220233
PER,2011,2.30443978
PER,2012,2.48199081
PER,2013,2.64289999
PER,2014,2.93914938
PER,2015,3.00291657
PER,2016,3.04029965
PER,2017,3.01707554
PER,2018,3.15358686
PER,2019,3.24168658
PER,2020,4.34886456
PER,2021,4.46130276
PER,2022,3.91114283
PER,2023,3.58431911
PHL,2010,1.31791425
PHL,2011,1.06190181
PHL,2012,1.09802592
PHL,2013,1.1204468
PHL,2014,1.26327145
PHL,2015,1.46860588
PHL,2016,1.47373402
PHL,2017,1.48271859
PHL,2018,1.53632784
PHL,2019,1.69175851
PHL,2020,2.33325934
PHL,2021,2.6710124
PHL,2022,2.3236084
PHL,2023,2.16258121
PLW,2010,4.15492439
PLW,2011,4.29253674
PLW,2012,4.82126188
PLW,2013,5.48087215
PLW,2014,5.56669378
PLW,2015,4.94348574
PLW,2016,5.23204374
PLW,2017,5.65769434
PLW,2018,6.05926895
PLW,2019,7.04400301
PLW,2020,6.88389778
PLW,2021,7.58051348
PLW,2022,7.71421003
PLW,2023,6.6059494
PNG,2010,1.30032146
PNG,2011,1.49705744
PNG,2012,1.82221472
PNG,2013,1.98455942
PNG,2014,2.02066565
PNG,2015,1.37782788
PNG,2016,1.67796266
PNG,2017,1.68148077
PNG,2018,1.61519086
PNG,2019,1.3562634
PNG,2020,1.58207059
PNG,2021,1.16997361
PNG,2022,1.52998793
PNG,2023,2.10291815
POL,2010,4.59161377
POL,2011,4.43579817
POL,2012,4.34928942
POL,2013,4.53399515
POL,2014,4.46929932
POL,2015,4.41299105
POL,2016,4.49414158
POL,2017,4.4990406
POL,2018,4.44357109
POL,2019,4.56083679
POL,2020,4.62092304
POL,2021,4.58968067
POL,2022,4.77248859
POL,2023,5.50431299
PRT,2010,6.66389227
PRT,2011,6.26895714
PRT,2012,5.90736532
PRT,2013,5.8519187
PRT,2014,5.76389647
PRT,2015,5.75569677
PRT,2016,5.78788328
PRT,2017,5.70213747
PRT,2018,5.76187086
PRT,2019,5.77892017
PRT,2020,6.75691032
PRT,2021,7.00375891
PRT,2022,6.57459879
PRT,2023,6.16079521
PRY,2010,2.1311543
PRY,2011,2.46140838
PRY,2012,3.03290367
PRY,2013,2.6527679
PRY,2014,3.16169024
PRY,2015,3.1565783
PRY,2016,3.14797997
PRY,2017,3.02672791
PRY,2018,3.02979112
PRY,2019,3.31885815
PRY,2020,4.13318157
PRY,2021,4.46610212
PRY,2022,4.08453465
PRY,2023,4.63161516
PSE,2010,3.29111481
PSE,2011,3.28588367
PSE,2012,2.95999742
PSE,2013,3.22583795
PSE,2014,3.15190101
PSE,2015,3.11889291
PSE,2016,2.66232371
PSE,2017,3.19112968
PSE,2018,2.84986925
PSE,2019,3.66190886
PSE,2020,3.85396838
PSE,2021,4.26700115
PSE,2022,3.91599488
PSE,2023,4.44729948
QAT,2010,1.32764482
QAT,2011,1.17667866
QAT,2012,1.38358474
QAT,2013,1.74754512
QAT,2014,2.10174274
QAT,2015,3.19502282
QAT,2016,3.04590583
QAT,2017,2.71251249
QAT,2018,2.50761104
QAT,2019,2.72214365
QAT,2020,3.30993986
QAT,2021,2.45963025
QAT,2022,1.79685986
QAT,2023,2.09512258
ROU,2010,4.50492287
ROU,2011,3.35521555
ROU,2012,3.46611238
ROU,2013,4.12454033
ROU,2014,3.96595645
ROU,2015,3.85264945
ROU,2016,3.97179151
ROU,2017,4.07767963
ROU,2018,4.39458323
ROU,2019,4.56736565
ROU,2020,4.97246981
ROU,2021,4.88112116
ROU,2022,4.50321484
ROU,2023,4.3310914
RUS,2010,3.0512259
RUS,2011,3.00404239
RUS,2012,3.14483786
RUS,2013,3.16959071
RUS,2014,3.20183682
RUS,2015,3.10976052
RUS,2016,3.0124886
RUS,2017,3.05932951
RUS,2018,3.18402362
RUS,2019,3.45416045
RUS,2020,5.91601133
RUS,2021,4.89008141
RUS,2022,4.86750841
RUS,2023,4.93410778
RWA,2010,2.03921556
RWA,2011,2.19739747
RWA,2012,2.05491209
RWA,2013,2.17188406
RWA,2014,2.19319296
RWA,2015,2.10472178
RWA,2016,1.5660044
RWA,2017,1.56328964
RWA,2018,1.64325416
RWA,2019,1.76991165
RWA,2020,2.13853812
RWA,2021,2.63611889
RWA,2022,2.43239522
RWA,2023,2.41123104
SAU,2010,2.2592144
SAU,2011,2.46959376
SAU,2012,2.72299576
SAU,2013,3.07811379
SAU,2014,3.68119621
SAU,2015,4.01395369
SAU,2016,4.34350872
SAU,2017,4.33328104
SAU,2018,3.75438356
SAU,2019,4.03419542
SAU,2020,5.20342541
SAU,2021,4.5653944
SAU,2022,4.09908247
SAU,2023,4.42276096
SDN,2010,1.64626622
SDN,2011,1.28281784
SDN,2012,1.49337018
SDN,2013,1.15195048
SDN,2014,1.43453598
SDN,2015,0.82485694
SDN,2016,1.28979421
SDN,2017,1.06663251
SDN,2018,1.03874981
SDN,2019,1.03735721
SDN,2020,1.04006422
SDN,2021,0.77320933
SDN,2022,0.82583225
SDN,2023,0.59154689
SEN,2010,1.16160142
SEN,2011,1.30861914
SEN,2012,1.21922708
SEN,2013,1.17077053
SEN,2014,1.080037
SEN,2015,1.07820702
SEN,2016,1.06801915
SEN,2017,1.01061249
SEN,2018,1.11893904
SEN,2019,1.05768847
SEN,2020,1.72161877
SEN,2021,1.20091772
SEN,2022,1.08714914
SEN,2023,1.1920532
SGP,2010,1.14910603
SGP,2011,1.17214501
SGP,2012,1.30787134
SGP,2013,1.53696907
SGP,2014,1.74364483
SGP,2015,1.96816146
SGP,2016,2.07529497
SGP,2017,2.10866928
SGP,2018,2.04126763
SGP,2019,2.2847712
SGP,2020,3.41540074
SGP,2021,3.13151574
SGP,2022,2.60371685
SGP,2023,2.62583375
SLB,2010,2.94911718
SLB,2011,2.87079024
SLB,2012,2.94720888
SLB,2013,2.77344251
SLB,2014,2.9565556
SLB,2015,3.06908107
SLB,2016,3.15399909
SLB,2017,3.09555912
SLB,2018,2.96293306
SLB,2019,3.25913024
SLB,2020,3.62380624
SLB,2021,3.45109582
SLB,2022,3.32158995
SLB,2023,3.3744123
SLE,2010,0.81356823
SLE,2011,0.70601135
SLE,2012,0.6394307
SLE,2013,0.58837235
SLE,2014,1.02695739
SLE,2015,0.81068116
SLE,2016,0.66393304
SLE,2017,0.54366273
SLE,2018,0.49137551
SLE,2019,0.77659142
SLE,2020,0.82859242
SLE,2021,1.14799988
SLE,2022,0.8699919
SLE,2023,0.78892416
SLV,2010,4.37232924
SLV,2011,4.79892349
SLV,2012,4.45448637
SLV,2013,4.76325369
SLV,2014,4.68769121
SLV,2015,4.80888462
SLV,2016,4.84736443
SLV,2017,4.58291912
SLV,2018,4.54387665
SLV,2019,4.71487188
SLV,2020,5.7965498
SLV,2021,6.41989136
SLV,2022,6.12128019
SLV,2023,5.62305593
SMR,2010,5.35588455
SMR,2011,7.16314268
SMR,2012,7.96990728
SMR,2013,7.33665133
SMR,2014,7.30673313
SMR,2015,7.28606033
SMR,2016,7.38052702
SMR,2017,7.23664856
SMR,2018,7.35798597
SMR,2019,7.23374033
SMR,2020,7.61165524
SMR,2021,6.62202978
SMR,2022,6.39732409
SMR,2023,5.74314785
SOM,2013,0.13704211
SOM,2014,0.10548612
SOM,2015,0.09905031
SOM,2016,0.10706647
SOM,2017,0.13631769
SOM,2018,0.13900605
SOM,2019,0.15007043
SOM,2020,0.2304647
SOM,2021,0.34554738
SOM,2022,0.31191349
SOM,2023,0.5303756
SRB,2010,5.58281469
SRB,2011,5.3538456
SRB,2012,5.56388712
SRB,2013,5.34662533
SRB,2014,5.1614337
SRB,2015,4.88180637
SRB,2016,4.69370461
SRB,2017,4.5406208
SRB,2018,4.85909271
SRB,2019,4.83578539
SRB,2020,5.06347847
SRB,2021,6.04116869
SRB,2022,5.77386618
SRB,2023,5.26416254
SSD,2017,1.86679733
SSD,2018,1.18756998
SSD,2019,0.99254191
SSD,2020,0.70622033
SSD,2021,0.92913347
SSD,2022,0.62561053
SSD,2023,0.50114346
STP,2010,2.11927414
STP,2011,2.29882646
STP,2012,2.30571485
STP,2013,2.99635077
STP,2014,2.79643965
STP,2015,2.0531044
STP,2016,3.06470799
STP,2017,3.43653798
STP,2018,2.62429023
STP,2019,2.23238039
STP,2020,2.96807909
STP,2021,3.36913323
STP,2022,2.31201935
STP,2023,2.13394833
SUR,2010,1.9906764
SUR,2011,1.79151595
SUR,2012,1.75651753
SUR,2013,1.88953507
SUR,2014,1.87637579
SUR,2015,3.16422224
SUR,2016,3.71001315
SUR,2017,3.09932327
SUR,2018,4.47947168
SUR,2019,6.09356403
SUR,2020,4.03236008
SUR,2021,3.27092934
SUR,2022,4.15005636
SUR,2023,3.3523376
SVK,2010,5.44594288
SVK,2011,5.2743578
SVK,2012,5.3540163
SVK,2013,5.48396778
SVK,2014,5.44664001
SVK,2015,5.30798721
SVK,2016,5.6462183
SVK,2017,5.32285929
SVK,2018,5.25731754
SVK,2019,5.44698572
SVK,2020,5.66738129
SVK,2021,6.08261681
SVK,2022,6.15263939
SVK,2023,5.80455589
SVN,2010,6.25191069
SVN,2011,6.21524811
SVN,2012,6.22969151
SVN,2013,6.21515274
SVN,2014,6.05442333
SVN,2015,6.12037754
SVN,2016,6.19861412
SVN,2017,5.9297328
SVN,2018,6.04779768
SVN,2019,6.19899702
SVN,2020,6.88721657
SVN,2021,6.97821045
SVN,2022,7.07110405
SVN,2023,6.80327797
SWE,2010,6.85484648
SWE,2011,8.87553692
SWE,2012,9.1259203
SWE,2013,9.23215675
SWE,2014,9.30155087
SWE,2015,9.16075993
SWE,2016,9.21271133
SWE,2017,9.2550211
SWE,2018,9.37008476
SWE,2019,9.28074455
SWE,2020,9.83181
SWE,2021,9.63231373
SWE,2022,9.32068729
SWE,2023,9.60061646
SWZ,2010,4.22809029
SWZ,2011,3.61155891
SWZ,2012,3.41336322
SWZ,2013,3.32492328
SWZ,2014,2.73972297
SWZ,2015,2.94745016
SWZ,2016,2.84598303
SWZ,2017,3.54254961
SWZ,2018,3.39840841
SWZ,2019,4.40824461
SWZ,2020,3.53693056
SWZ,2021,3.65004921
SWZ,2022,3.24393272
SWZ,2023,3.20377994
SYC,2010,3.1060183
SYC,2011,3.01365519
SYC,2012,4.02018118
SYC,2013,3.20524502
SYC,2014,3.18385339
SYC,2015,3.1209166
SYC,2016,3.25931096
SYC,2017,3.2699151
SYC,2018,3.1646049
SYC,2019,3.04219794
SYC,2020,4.47688675
SYC,2021,3.72146273
SYC,2022,2.99964738
SYC,2023,3.1497128
SYR,2010,1.44551027
SYR,2011,1.14291418
SYR,2012,1.37997222
SYR,2013,1.81969619
SYR,2014,1.98435199
SYR,2015,1.76000929
SYR,2016,1.83358467
SYR,2017,1.91341209
SYR,2018,1.88352227
SYR,2019,1.97450435
SYR,2020,1.4915427
SYR,2021,1.09464335
SYR,2022,0.8250348
SYR,2023,0.40483445
TCD,2010,0.64793539
TCD,2011,0.60246891
TCD,2012,0.65627456
TCD,2013,0.83544219
TCD,2014,0.94091558
TCD,2015,0.72352397
TCD,2016,0.64428413
TCD,2017,0.52580875
TCD,2018,0.46814004
TCD,2019,0.51349735
TCD,2020,0.55167967
TCD,2021,0.73647583
TCD,2022,0.92589098
TCD,2023,1.26169586
TGO,2010,1.12349021
TGO,2011,1.03214419
TGO,2012,1.16667867
TGO,2013,0.96069103
TGO,2014,0.99828738
TGO,2015,0.92438984
TGO,2016,0.97535449
TGO,2017,1.04958856
TGO,2018,1.03169048
TGO,2019,0.89146012
TGO,2020,0.91246384
TGO,2021,0.55793744
TGO,2022,0.66535133
TGO,2023,0.6805678
THA,2010,2.50096011
THA,2011,2.72706866
THA,2012,2.68024039
THA,2013,2.62275028
THA,2014,2.78856063
THA,2015,2.74870157
THA,2016,2.85139871
THA,2017,2.7754643
THA,2018,2.74278641
THA,2019,2.71524906
THA,2020,3.06593847
THA,2021,3.62646127
THA,2022,3.8927443
THA,2023,3.5342176
TJK,2010,1.18032789
TJK,2011,1.30533111
TJK,2012,1.60808611
TJK,2013,1.90030849
TJK,2014,2.07762313
TJK,2015,2.04495692
TJK,2016,1.98977911
TJK,2017,1.98792565
TJK,2018,1.89692557
TJK,2019,1.89777529
TJK,2020,2.1510756
TJK,2021,1.94076729
TJK,2022,1.78677893
TJK,2023,1.90488744
TKM,2010,0.77174926
TKM,2011,0.83719772
TKM,2012,0.89324039
TKM,2013,1.1326803
TKM,2014,1.14786649
TKM,2015,1.20134497
TKM,2016,1.038046
TKM,2017,1.27922606
TKM,2018,0.98964322
TKM,2019,1.00793219
TKM,2020,1.0236249
TKM,2021,0.94310212
TKM,2022,0.79879308
TKM,2023,0.94220257
TLS,2010,3.28824806
TLS,2011,3.56822348
TLS,2012,4.14897776
TLS,2013,4.44555855
TLS,2014,4.12430954
TLS,2015,4.41761017
TLS,2016,3.44634151
TLS,2017,4.49020767
TLS,2018,3.95292592
TLS,2019,2.87948847
TLS,2020,4.01566982
TLS,2021,3.12096453
TLS,2022,5.357265
TLS,2023,7.4576478
TON,2010,2.85781646
TON,2011,2.74445701
TON,2012,2.7870214
TON,2013,2.77536654
TON,2014,2.8828485
TON,2015,2.76189899
TON,2016,2.98697019
TON,2017,2.90944481
TON,2018,3.19946599
TON,2019,2.99766731
TON,2020,2.98630214
TON,2021,3.28024626
TON,2022,3.8381629
TON,2023,3.40475059
TTO,2010,2.44673586
TTO,2011,2.35490894
TTO,2012,2.25893903
TTO,2013,2.47376657
TTO,2014,2.4501431
TTO,2015,2.90972495
TTO,2016,3.24490404
TTO,2017,3.43325257
TTO,2018,3.22142673
TTO,2019,3.17576575
TTO,2020,3.44541454
TTO,2021,3.36165905
TTO,2022,3.02066517
TTO,2023,3.64105821
TUN,2010,3.12751889
TUN,2011,3.45419288
TUN,2012,3.58298373
TUN,2013,3.8491714
TUN,2014,3.7496531
TUN,2015,3.34255123
TUN,2016,3.40580177
TUN,2017,3.32102466
TUN,2018,3.09321761
TUN,2019,3.56713367
TUN,2020,4.31212521
TUN,2021,4.1127286
TUN,2022,3.9555614
TUN,2023,4.3189435
TUR,2010,3.91593647
TUR,2011,3.68182659
TUR,2012,3.51873088
TUR,2013,3.42470455
TUR,2014,3.35657501
TUR,2015,3.21666884
TUR,2016,3.36101246
TUR,2017,3.24810481
TUR,2018,3.18893552
TUR,2019,3.38672566
TUR,2020,3.63981962
TUR,2021,3.59388018
TUR,2022,2.78341818
TUR,2023,3.24591351
TUV,2010,13.19273663
TUV,2011,11.89357758
TUV,2012,11.83783531
TUV,2013,9.88884354
TUV,2014,12.08134651
TUV,2015,10.14206505
TUV,2016,15.31349277
TUV,2017,19.17265701
TUV,2018,15.51837921
TUV,2019,17.16871262
TUV,2020,14.97134399
TUV,2021,9.89659023
TUV,2022,16.46469879
TUV,2023,19.72272301
TZA,2010,1.4499774
TZA,2011,1.28681624
TZA,2012,1.17573333
TZA,2013,1.18517053
TZA,2014,1.19945395
TZA,2015,1.25726104
TZA,2016,1.61013722
TZA,2017,1.55679071
TZA,2018,1.62666011
TZA,2019,1.6312809
TZA,2020,0.86159378
TZA,2021,0.94497848
TZA,2022,0.98185784
TZA,2023,0.96664101
UGA,2010,1.09722447
UGA,2011,0.90863341
UGA,2012,0.9248504
UGA,2013,0.97432142
UGA,2014,0.95077145
UGA,2015,0.75713688
UGA,2016,0.78636652
UGA,2017,0.63865817
UGA,2018,0.67459893
UGA,2019,0.57344079
UGA,2020,1.19107807
UGA,2021,1.14727044
UGA,2022,0.98358905
UGA,2023,0.92339057
UKR,2010,3.68650508
UKR,2011,3.42423868
UKR,2012,3.74169087
UKR,2013,3.3410418
UKR,2014,3.45616627
UKR,2015,3.68844223
UKR,2016,3.64566922
UKR,2017,3.51985121
UKR,2018,3.50151348
UKR,2019,3.17738771
UKR,2020,3.72709227
UKR,2021,4.27551651
URY,2010,4.72670984
URY,2011,4.86718798
URY,2012,5.15904379
URY,2013,5.37133551
URY,2014,5.47611523
URY,2015,5.64815187
URY,2016,6.00605679
URY,2017,6.0405345
URY,2018,6.15175676
URY,2019,6.1543541
URY,2020,6.50547266
URY,2021,6.54937553
URY,2022,6.28247643
URY,2023,6.52589464
USA,2010,7.93023777
USA,2011,7.93057156
USA,2012,7.87408161
USA,2013,7.89930439
USA,2014,8.19843483
USA,2015,8.43071175
USA,2016,8.55800343
USA,2017,8.53016281
USA,2018,8.5214138
USA,2019,8.59688473
USA,2020,10.54044342
USA,2021,9.62210751
USA,2022,9.11976719
USA,2023,9.00711727
UZB,2010,2.12282252
UZB,2011,2.08887649
UZB,2012,2.33609509
UZB,2013,2.40117002
UZB,2014,2.31306577
UZB,2015,2.35756874
UZB,2016,2.05541873
UZB,2017,1.7881006
UZB,2018,1.73769212
UZB,2019,2.01079655
UZB,2020,2.80912924
UZB,2021,2.71542764
UZB,2022,2.23423076
UZB,2023,2.38440657
VCT,2010,2.54869199
VCT,2011,2.39791298
VCT,2012,2.77147985
VCT,2013,2.6729424
VCT,2014,2.53159404
VCT,2015,2.52658701
VCT,2016,2.58707666
VCT,2017,2.69260287
VCT,2018,2.79988337
VCT,2019,2.87263203
VCT,2020,3.2781105
VCT,2021,3.56595063
VCT,2022,3.1851058
VCT,2023,3.06539917
VEN,2018,1.24563158
VEN,2019,0.81175309
VEN,2020,1.53484893
VEN,2021,1.37525356
VEN,2022,2.06510615
VEN,2023,1.19817746
VNM,2010,2.04132986
VNM,2011,1.93289721
VNM,2012,2.2328434
VNM,2013,1.99598992
VNM,2014,2.07598686
VNM,2015,2.05326915
VNM,2016,2.1333859
VNM,2017,2.17300439
VNM,2018,2.09256196
VNM,2019,2.02046871
VNM,2020,1.79064679
VNM,2021,1.96029603
VNM,2022,1.97061062
VNM,2023,2.02070236
VUT,2010,1.94011939
VUT,2011,2.36122203
VUT,2012,2.29943132
VUT,2013,2.24571776
VUT,2014,0.58717012
VUT,2015,2.01937246
VUT,2016,1.28941309
VUT,2017,1.47122371
VUT,2018,2.14049673
VUT,2019,1.90414143
VUT,2020,2.57221556
VUT,2021,1.23241973
VUT,2022,1.62112224
VUT,2023,2.33037138
WLD,2010,5.69647386229851
WLD,2011,5.6730325471014
WLD,2012,5.64190618313478
WLD,2013,5.6112078901243
WLD,2014,5.71457303676548
WLD,2015,5.84505783717367
WLD,2016,5.91130140237915
WLD,2017,5.81914691262268
WLD,2018,5.78426559454752
WLD,2019,5.85270394104243
WLD,2020,6.83801722399319
WLD,2021,6.49420305529604
WLD,2022,6.24436887766924
WLD,2023,6.13684096365842
WSM,2010,3.8858633
WSM,2011,3.66722965
WSM,2012,3.91343451
WSM,2013,4.02978992
WSM,2014,4.87775707
WSM,2015,4.20412493
WSM,2016,3.81041527
WSM,2017,3.92468739
WSM,2018,3.69644928
WSM,2019,4.32336426
WSM,2020,4.44346046
WSM,2021,5.08007908
WSM,2022,4.84845781
WSM,2023,4.69490862
YEM,2010,1.16217077
YEM,2011,1.09211838
YEM,2012,1.24131441
YEM,2013,0.9796077
YEM,2014,0.78348452
YEM,2015,0.4330447
YEM,2016,0.54064083
YEM,2017,0.30786535
YEM,2018,0.76913458
YEM,2019,0.91137344
YEM,2020,0.85958266
YEM,2021,0.70893025
YEM,2022,0.91847837
YEM,2023,0.81872302
ZAF,2010,4.00033045
ZAF,2011,4.12050819
ZAF,2012,4.1403532
ZAF,2013,4.14510202
ZAF,2014,4.3735652
ZAF,2015,4.59632444
ZAF,2016,4.57297277
ZAF,2017,4.56554031
ZAF,2018,4.61023474
ZAF,2019,4.80006361
ZAF,2020,5.84510279
ZAF,2021,5.49496222
ZAF,2022,5.38311863
ZAF,2023,5.48956871
ZMB,2010,1.55979979
ZMB,2011,1.5735333
ZMB,2012,1.54221773
ZMB,2013,1.30987322
ZMB,2014,1.89382219
ZMB,2015,2.0905416
ZMB,2016,1.71430743
ZMB,2017,2.51039147
ZMB,2018,2.08801126
ZMB,2019,2.25830793
ZMB,2020,3.59365153
ZMB,2021,2.82306838
ZMB,2022,2.50694346
ZMB,2023,2.43413329
ZWE,2010,2.75333452
ZWE,2011,2.11964583
ZWE,2012,1.99879277
ZWE,2013,2.01809144
ZWE,2014,2.73156238
ZWE,2015,1.55136275
ZWE,2016,1.37225389
ZWE,2017,1.550982
ZWE,2018,1.59526527
ZWE,2019,0.46115172
ZWE,2020,0.6526891
ZWE,2021,0.87981081
ZWE,2022,1.01829815
ZWE,2023,0.94662845
