# World Bank Open Data SP.POP.TOTL, last updated 2026-07-13, CC BY 4.0
iso3,year,value
AFG,2010,28284089
AFG,2011,29347708
AFG,2012,30560034
AFG,2013,31622704
AFG,2014,32792523
AFG,2015,33831764
AFG,2016,34700612
AFG,2017,35688935
AFG,2018,36743039
AFG,2019,37856121
AFG,2020,39068979
AFG,2021,40000412
AFG,2022,40578842
AFG,2023,41454761
AFG,2024,42647492
AFG,2025,43844111
AGO,2010,23294825
AGO,2011,24218352
AGO,2012,25177394
AGO,2013,26165620
AGO,2014,27160769
AGO,2015,28157798
AGO,2016,29183070
AGO,2017,30234839
AGO,2018,31297155
AGO,2019,32375632
AGO,2020,33451132
AGO,2021,34532429
AGO,2022,35635029
AGO,2023,36749906
AGO,2024,37885849
AGO,2025,39040039
ALB,2010,2913021
ALB,2011,2905195
ALB,2012,2860708
ALB,2013,2816902
ALB,2014,2773767
ALB,2015,2731293
ALB,2016,2689469
ALB,2017,2648285
ALB,2018,2607733
ALB,2019,2567801
ALB,2020,2528480
ALB,2021,2489762
ALB,2022,2451636
ALB,2023,2411658
ALB,2024,2377128
ALB,2025,2349580
AND,2010,80706
AND,2011,77783
AND,2012,76834
AND,2013,75194
AND,2014,73737
AND,2015,72174
AND,2016,72181
AND,2017,73763
AND,2018,75162
AND,2019,76474
AND,2020,77380
AND,2021,78364
AND,2022,79705
AND,2023,80856
AND,2024,81938
AND,2025,82904
ARE,2010,6869838
ARE,2011,7104538
ARE,2012,7391448
ARE,2013,7693031
ARE,2014,8059440
ARE,2015,8505237
ARE,2016,8935095
ARE,2017,9223225
ARE,2018,9346701
ARE,2019,9445785
ARE,2020,9401038
ARE,2021,9575152
ARE,2022,10074977
ARE,2023,10483751
ARE,2024,10986400
ARE,2025,11513149
ARG,2010,41288694
ARG,2011,41730660
ARG,2012,42161721
ARG,2013,42582455
ARG,2014,43024071
ARG,2015,43477012
ARG,2016,43900313
ARG,2017,44288894
ARG,2018,44654882
ARG,2019,44973465
ARG,2020,45191965
ARG,2021,45312281
ARG,2022,45407904
ARG,2023,45538401
ARG,2024,45696159
ARG,2025,45851378
ARM,2010,3044800
ARM,2011,3027900
ARM,2012,3024100
ARM,2013,3022000
ARM,2014,3013800
ARM,2015,3004600
ARM,2016,2992300
ARM,2017,2979400
ARM,2018,2969000
ARM,2019,2962500
ARM,2020,2961500
ARM,2021,2962300
ARM,2022,2969200
ARM,2023,2964300
ARM,2024,3033500
ARM,2025,3086700
ATG,2010,85320
ATG,2011,86332
ATG,2012,87260
ATG,2013,88064
ATG,2014,88765
ATG,2015,89409
ATG,2016,89969
ATG,2017,90468
ATG,2018,90926
ATG,2019,91364
ATG,2020,91846
ATG,2021,92349
ATG,2022,92840
ATG,2023,93316
ATG,2024,93772
ATG,2025,94209
AUS,2010,22031750
AUS,2011,22340024
AUS,2012,22733465
AUS,2013,23128129
AUS,2014,23475686
AUS,2015,23815995
AUS,2016,24190907
AUS,2017,24592588
AUS,2018,24963258
AUS,2019,25334826
AUS,2020,25649248
AUS,2021,25685412
AUS,2022,26018721
AUS,2023,26659922
AUS,2024,27194286
AUS,2025,27614411
AUT,2010,8363404
AUT,2011,8391643
AUT,2012,8429991
AUT,2013,8479823
AUT,2014,8546356
AUT,2015,8642699
AUT,2016,8736668
AUT,2017,8797566
AUT,2018,8840521
AUT,2019,8879920
AUT,2020,8916864
AUT,2021,8955797
AUT,2022,9041851
AUT,2023,9131761
AUT,2024,9177982
AUT,2025,9208163
AZE,2010,9054332
AZE,2011,9173082
AZE,2012,9295784
AZE,2013,9416801
AZE,2014,9535079
AZE,2015,9649341
AZE,2016,9757812
AZE,2017,9854033
AZE,2018,9939771
AZE,2019,10024283
AZE,2020,10093121
AZE,2021,10137750
AZE,2022,10141756
AZE,2023,10153958
AZE,2024,10202830
AZE,2025,10246996
BDI,2010,9376444
BDI,2011,9717978
BDI,2012,10071028
BDI,2013,10439341
BDI,2014,10799785
BDI,2015,11047580
BDI,2016,11239451
BDI,2017,11506762
BDI,2018,11859446
BDI,2019,12255336
BDI,2020,12617036
BDI,2021,12965481
BDI,2022,13321097
BDI,2023,13689450
BDI,2024,14047786
BDI,2025,14390003
BEL,2010,10895586
BEL,2011,11038264
BEL,2012,11106932
BEL,2013,11159407
BEL,2014,11209057
BEL,2015,11274196
BEL,2016,11331422
BEL,2017,11375158
BEL,2018,11427054
BEL,2019,11488980
BEL,2020,11538604
BEL,2021,11586195
BEL,2022,11680210
BEL,2023,11779946
BEL,2024,11858610
BEL,2025,11941781
BEN,2010,9797484
BEN,2011,10093623
BEN,2012,10397657
BEN,2013,10708834
BEN,2014,11030004
BEN,2015,11360681
BEN,2016,11697842
BEN,2017,12039780
BEN,2018,12383347
BEN,2019,12726755
BEN,2020,13070169
BEN,2021,13413417
BEN,2022,13759501
BEN,2023,14111034
BEN,2024,14462724
BEN,2025,14814460
BFA,2010,16176498
BFA,2011,16661908
BFA,2012,17172287
BFA,2013,17695409
BFA,2014,18229461
BFA,2015,18777487
BFA,2016,19334856
BFA,2017,19894407
BFA,2018,20438288
BFA,2019,20961952
BFA,2020,21478690
BFA,2021,21995243
BFA,2022,22509038
BFA,2023,23025776
BFA,2024,23548781
BFA,2025,24074580
BGD,2010,152201981
BGD,2011,153591076
BGD,2012,155070101
BGD,2013,156532141
BGD,2014,157964929
BGD,2015,159383179
BGD,2016,160811932
BGD,2017,162186147
BGD,2018,163523103
BGD,2019,164913055
BGD,2020,166298024
BGD,2021,167658854
BGD,2022,169384897
BGD,2023,171466990
BGD,2024,173562364
BGD,2025,175686899
BGR,2010,7395599
BGR,2011,7348328
BGR,2012,7305888
BGR,2013,7160005
BGR,2014,7073572
BGR,2015,6984225
BGR,2016,6894139
BGR,2017,6803468
BGR,2018,6710798
BGR,2019,6616726
BGR,2020,6550696
BGR,2021,6507301
BGR,2022,6465097
BGR,2023,6446596
BGR,2024,6441421
BGR,2025,6433302
BHR,2010,1228543
BHR,2011,1195020
BHR,2012,1208964
BHR,2013,1253191
BHR,2014,1314562
BHR,2015,1370322
BHR,2016,1423726
BHR,2017,1501116
BHR,2018,1503091
BHR,2019,1483756
BHR,2020,1472204
BHR,2021,1504365
BHR,2022,1524693
BHR,2023,1577059
BHR,2024,1588670
BHR,2025,1600366
BHS,2010,367478
BHS,2011,371729
BHS,2012,375469
BHS,2013,378953
BHS,2014,382298
BHS,2015,385346
BHS,2016,388055
BHS,2017,390485
BHS,2018,392717
BHS,2019,394675
BHS,2020,395863
BHS,2021,396373
BHS,2022,397538
BHS,2023,399440
BHS,2024,401283
BHS,2025,403033
BIH,2010,3811472
BIH,2011,3741798
BIH,2012,3670113
BIH,2013,3610859
BIH,2014,3564829
BIH,2015,3518541
BIH,2016,3473003
BIH,2017,3428682
BIH,2018,3387000
BIH,2019,3345533
BIH,2020,3299349
BIH,2021,3244907
BIH,2022,3204802
BIH,2023,3185073
BIH,2024,3164253
BIH,2025,3140095
BLR,2010,9483836
BLR,2011,9461643
BLR,2012,9446836
BLR,2013,9443211
BLR,2014,9448515
BLR,2015,9461076
BLR,2016,9469379
BLR,2017,9458989
BLR,2018,9438785
BLR,2019,9419758
BLR,2020,9379952
BLR,2021,9302585
BLR,2022,9228071
BLR,2023,9178298
BLR,2024,9132629
BLR,2025,9085991
BLZ,2010,320245
BLZ,2011,327298
BLZ,2012,334414
BLZ,2013,341627
BLZ,2014,348923
BLZ,2015,356333
BLZ,2016,364705
BLZ,2017,373202
BLZ,2018,380226
BLZ,2019,385829
BLZ,2020,390812
BLZ,2021,395346
BLZ,2022,402733
BLZ,2023,411106
BLZ,2024,417072
BLZ,2025,422924
BOL,2010,10182345
BOL,2011,10348929
BOL,2012,10515807
BOL,2013,10682608
BOL,2014,10848888
BOL,2015,11014705
BOL,2016,11180020
BOL,2017,11344587
BOL,2018,11508368
BOL,2019,11671386
BOL,2020,11816299
BOL,2021,11937360
BOL,2022,12077154
BOL,2023,12244159
BOL,2024,12413315
BOL,2025,12581843
BRA,2010,193701929
BRA,2011,195284734
BRA,2012,196876111
BRA,2013,198478299
BRA,2014,200085127
BRA,2015,201675532
BRA,2016,203218114
BRA,2017,204703445
BRA,2018,206107261
BRA,2019,207455459
BRA,2020,208660842
BRA,2021,209550294
BRA,2022,210306415
BRA,2023,211140729
BRA,2024,211998573
BRA,2025,212812405
BRB,2010,275243
BRB,2011,276139
BRB,2012,276938
BRB,2013,277665
BRB,2014,278348
BRB,2015,278990
BRB,2016,279598
BRB,2017,280171
BRB,2018,280711
BRB,2019,281207
BRB,2020,281698
BRB,2021,282147
BRB,2022,282318
BRB,2023,282336
BRB,2024,282467
BRB,2025,282623
BRN,2010,392332
BRN,2011,399389
BRN,2012,405557
BRN,2013,411202
BRN,2014,416750
BRN,2015,422212
BRN,2016,427564
BRN,2017,432772
BRN,2018,437810
BRN,2019,442680
BRN,2020,447404
BRN,2021,451721
BRN,2022,455370
BRN,2023,458949
BRN,2024,462721
BRN,2025,466330
BTN,2010,701632
BTN,2011,709377
BTN,2012,717279
BTN,2013,725273
BTN,2014,733139
BTN,2015,740618
BTN,2016,747866
BTN,2017,754335
BTN,2018,759759
BTN,2019,764824
BTN,2020,770006
BTN,2021,775442
BTN,2022,780914
BTN,2023,786385
BTN,2024,791524
BTN,2025,796682
BWA,2010,2033111
BWA,2011,2073535
BWA,2012,2108617
BWA,2013,2140682
BWA,2014,2172044
BWA,2015,2203273
BWA,2016,2234776
BWA,2017,2266747
BWA,2018,2299141
BWA,2019,2332083
BWA,2020,2365894
BWA,2021,2401441
BWA,2022,2439892
BWA,2023,2480244
BWA,2024,2521139
BWA,2025,2562122
CAF,2010,4492995
CAF,2011,4565021
CAF,2012,4610848
CAF,2013,4642419
CAF,2014,4623182
CAF,2015,4629320
CAF,2016,4713663
CAF,2017,4793511
CAF,2018,4878657
CAF,2019,4944703
CAF,2020,5026628
CAF,2021,5112100
CAF,2022,5098039
CAF,2023,5152421
CAF,2024,5330690
CAF,2025,5513282
CAN,2010,34005902
CAN,2011,34339221
CAN,2012,34713395
CAN,2013,35080992
CAN,2014,35434066
CAN,2015,35704498
CAN,2016,36110803
CAN,2017,36545075
CAN,2018,37072620
CAN,2019,37618495
CAN,2020,38028638
CAN,2021,38239864
CAN,2022,38950132
CAN,2023,40049088
CAN,2024,41262329
CAN,2025,41651653
CHE,2010,7824909
CHE,2011,7912398
CHE,2012,7996861
CHE,2013,8089346
CHE,2014,8188649
CHE,2015,8282396
CHE,2016,8373338
CHE,2017,8451840
CHE,2018,8514329
CHE,2019,8575280
CHE,2020,8638167
CHE,2021,8704546
CHE,2022,8777088
CHE,2023,8888822
CHE,2024,9005582
CHE,2025,9092436
CHL,2010,17181464
CHL,2011,17351816
CHL,2012,17519119
CHL,2013,17687006
CHL,2014,17864195
CHL,2015,18047625
CHL,2016,18267221
CHL,2017,18558868
CHL,2018,18893191
CHL,2019,19197744
CHL,2020,19370624
CHL,2021,19456334
CHL,2022,19553036
CHL,2023,19658835
CHL,2024,19764771
CHL,2025,19859921
CHN,2010,1337705000
CHN,2011,1345035000
CHN,2012,1354190000
CHN,2013,1363240000
CHN,2014,1371860000
CHN,2015,1379860000
CHN,2016,1387790000
CHN,2017,1396215000
CHN,2018,1402760000
CHN,2019,1407745000
CHN,2020,1411100000
CHN,2021,1412360000
CHN,2022,1412175000
CHN,2023,1410710000
CHN,2024,1408975000
CHN,2025,1406585000
CIV,2010,22488065
CIV,2011,22982000
CIV,2012,23467078
CIV,2013,23939775
CIV,2014,24527395
CIV,2015,25246342
CIV,2016,25989405
CIV,2017,26733372
CIV,2018,27464173
CIV,2019,28193009
CIV,2020,28915449
CIV,2021,29639736
CIV,2022,30395002
CIV,2023,31165654
CIV,2024,31934230
CIV,2025,32711547
CMR,2010,19668066
CMR,2011,20232304
CMR,2012,20809529
CMR,2013,21402376
CMR,2014,22059893
CMR,2015,22763414
CMR,2016,23454161
CMR,2017,24128601
CMR,2018,24806383
CMR,2019,25506095
CMR,2020,26210558
CMR,2021,26915758
CMR,2022,27632771
CMR,2023,28372687
CMR,2024,29123744
CMR,2025,29879337
COD,2010,68563038
COD,2011,70849311
COD,2012,73254618
COD,2013,75789395
COD,2014,78403242
COD,2015,81035531
COD,2016,83956415
COD,2017,87083398
COD,2018,90047644
COD,2019,92947442
COD,2020,95989998
COD,2021,99148932
COD,2022,102396968
COD,2023,105789731
COD,2024,109276265
COD,2025,112832473
COG,2010,4462290
COG,2011,4609724
COG,2012,4740450
COG,2013,4857099
COG,2014,4975880
COG,2015,5097581
COG,2016,5222536
COG,2017,5351011
COG,2018,5483118
COG,2019,5616661
COG,2020,5752791
COG,2021,5892183
COG,2022,6035104
COG,2023,6182885
COG,2024,6332961
COG,2025,6484437
COL,2010,44777319
COL,2011,45259614
COL,2012,45715810
COL,2013,46151584
COL,2014,46565429
COL,2015,46969940
COL,2016,47437512
COL,2017,48131078
COL,2018,49024465
COL,2019,49907985
COL,2020,50629997
COL,2021,51188173
COL,2022,51737944
COL,2023,52321152
COL,2024,52886363
COL,2025,53425635
COM,2010,654836
COM,2011,668056
COM,2012,681630
COM,2013,696192
COM,2014,711503
COM,2015,726682
COM,2016,741741
COM,2017,756669
COM,2018,771590
COM,2019,786578
COM,2020,802163
COM,2021,818174
COM,2022,834188
COM,2023,850387
COM,2024,866628
COM,2025,882847
CPV,2010,509784
CPV,2011,511447
CPV,2012,511955
CPV,2013,512225
CPV,2014,512326
CPV,2015,512394
CPV,2016,512554
CPV,2017,512893
CPV,2018,513415
CPV,2019,514104
CPV,2020,514679
CPV,2021,516649
CPV,2022,519741
CPV,2023,522331
CPV,2024,524877
CPV,2025,527326
CRI,2010,4555962
CRI,2011,4609833
CRI,2012,4663934
CRI,2013,4716147
CRI,2014,4767119
CRI,2015,4818038
CRI,2016,4866998
CRI,2017,4913177
CRI,2018,4957818
CRI,2019,4999553
CRI,2020,5034320
CRI,2021,5059988
CRI,2022,5081765
CRI,2023,5105525
CRI,2024,5129910
CRI,2025,5152950
CUB,2010,11297409
CUB,2011,11301571
CUB,2012,11303175
CUB,2013,11298167
CUB,2014,11285775
CUB,2015,11275065
CUB,2016,11265612
CUB,2017,11247829
CUB,2018,11227118
CUB,2019,11202846
CUB,2020,11176354
CUB,2021,11122168
CUB,2022,11059820
CUB,2023,11019931
CUB,2024,10979783
CUB,2025,10937203
CYP,2010,1127816
CYP,2011,1146493
CYP,2012,1165397
CYP,2013,1183895
CYP,2014,1201801
CYP,2015,1219502
CYP,2016,1237112
CYP,2017,1254275
CYP,2018,1270737
CYP,2019,1286671
CYP,2020,1302247
CYP,2021,1317309
CYP,2022,1331370
CYP,2023,1344976
CYP,2024,1358282
CYP,2025,1370754
CZE,2010,10474410
CZE,2011,10496088
CZE,2012,10510785
CZE,2013,10514272
CZE,2014,10525347
CZE,2015,10546059
CZE,2016,10566332
CZE,2017,10594438
CZE,2018,10629928
CZE,2019,10671870
CZE,2020,10697858
CZE,2021,10505772
CZE,2022,10672118
CZE,2023,10864042
CZE,2024,10905028
CZE,2025,10886878
DEU,2010,81776930
DEU,2011,80274983
DEU,2012,80425823
DEU,2013,80645605
DEU,2014,80982500
DEU,2015,81686611
DEU,2016,82348669
DEU,2017,82657002
DEU,2018,82905782
DEU,2019,83092962
DEU,2020,83160871
DEU,2021,83196078
DEU,2022,83177813
DEU,2023,83287273
DEU,2024,83516593
DEU,2025,83491249
DJI,2010,930251
DJI,2011,948558
DJI,2012,966747
DJI,2013,984824
DJI,2014,1002717
DJI,2015,1020313
DJI,2016,1037653
DJI,2017,1054841
DJI,2018,1071882
DJI,2019,1088709
DJI,2020,1105188
DJI,2021,1121248
DJI,2022,1137096
DJI,2023,1152944
DJI,2024,1168722
DJI,2025,1184076
DMA,2010,68859
DMA,2011,69053
DMA,2012,69118
DMA,2013,69715
DMA,2014,70373
DMA,2015,70410
DMA,2016,69606
DMA,2017,68496
DMA,2018,68174
DMA,2019,67880
DMA,2020,67573
DMA,2021,67202
DMA,2022,66826
DMA,2023,66510
DMA,2024,66205
DMA,2025,65871
DNK,2010,5547683
DNK,2011,5570572
DNK,2012,5591572
DNK,2013,5614932
DNK,2014,5643475
DNK,2015,5683483
DNK,2016,5728010
DNK,2017,5764980
DNK,2018,5793636
DNK,2019,5814422
DNK,2020,5831404
DNK,2021,5856733
DNK,2022,5903037
DNK,2023,5946952
DNK,2024,5976992
DNK,2025,6009169
DOM,2010,9820175
DOM,2011,9945621
DOM,2012,10070411
DOM,2013,10193833
DOM,2014,10315528
DOM,2015,10434829
DOM,2016,10551430
DOM,2017,10666843
DOM,2018,10782053
DOM,2019,10894043
DOM,2020,11008300
DOM,2021,11123476
DOM,2022,11230734
DOM,2023,11331265
DOM,2024,11427557
DOM,2025,11520487
DZA,2010,36188236
DZA,2011,36903376
DZA,2012,37646166
DZA,2013,38414171
DZA,2014,39205031
DZA,2015,40019529
DZA,2016,40850721
DZA,2017,41689299
DZA,2018,42505035
DZA,2019,43294546
DZA,2020,44042091
DZA,2021,44761099
DZA,2022,45477389
DZA,2023,46164219
DZA,2024,46814308
DZA,2025,47435312
ECU,2010,15076695
ECU,2011,15326227
ECU,2012,15572194
ECU,2013,15807128
ECU,2014,16035124
ECU,2015,16266225
ECU,2016,16505139
ECU,2017,16759519
ECU,2018,17049547
ECU,2019,17340021
ECU,2020,17546065
ECU,2021,17682454
ECU,2022,17823897
ECU,2023,17980083
ECU,2024,18135478
ECU,2025,18289896
EGY,2010,89196072
EGY,2011,91093059
EGY,2012,93161001
EGY,2013,95333553
EGY,2014,97528654
EGY,2015,99597342
EGY,2016,101644589
EGY,2017,103696057
EGY,2018,105682094
EGY,2019,107553158
EGY,2020,109315124
EGY,2021,110957008
EGY,2022,112618250
EGY,2023,114535772
EGY,2024,116538258
EGY,2025,118365995
ERI,2010,2945186
ERI,2011,2998485
ERI,2012,3036988
ERI,2013,3074360
ERI,2014,3095173
ERI,2015,3105546
ERI,2016,3124698
ERI,2017,3150347
ERI,2018,3192760
ERI,2019,3240194
ERI,2020,3291271
ERI,2021,3350183
ERI,2022,3409447
ERI,2023,3470390
ERI,2024,3535603
ERI,2025,3607003
ESP,2010,46576897
ESP,2011,46742697
ESP,2012,46773055
ESP,2013,46604197
ESP,2014,46460733
ESP,2015,46422303
ESP,2016,46458139
ESP,2017,46571232
ESP,2018,46782011
ESP,2019,47118501
ESP,2020,47359424
ESP,2021,47443821
ESP,2022,47786102
ESP,2023,48352528
ESP,2024,48848840
ESP,2025,49355143
EST,2010,1331475
EST,2011,1327439
EST,2012,1322696
EST,2013,1317997
EST,2014,1314545
EST,2015,1315407
EST,2016,1315790
EST,2017,1317384
EST,2018,1321977
EST,2019,1326898
EST,2020,1329522
EST,2021,1330932
EST,2022,1348840
EST,2023,1370286
EST,2024,1372341
EST,2025,1366475
ETH,2010,90538514
ETH,2011,93149970
ETH,2012,95798767
ETH,2013,98438751
ETH,2014,101115610
ETH,2015,103867135
ETH,2016,106718162
ETH,2017,109666481
ETH,2018,112664152
ETH,2019,115737383
ETH,2020,118917671
ETH,2021,122138588
ETH,2022,125384287
ETH,2023,128691692
ETH,2024,132059767
ETH,2025,135472051
FIN,2010,5363352
FIN,2011,5388272
FIN,2012,5413971
FIN,2013,5438972
FIN,2014,5461512
FIN,2015,5479531
FIN,2016,5495303
FIN,2017,5508214
FIN,2018,5515525
FIN,2019,5521606
FIN,2020,5529543
FIN,2021,5541017
FIN,2022,5556106
FIN,2023,5583911
FIN,2024,5619911
FIN,2025,5646436
FJI,2010,910419
FJI,2011,912989
FJI,2012,914918
FJI,2013,916352
FJI,2014,917585
FJI,2015,918578
FJI,2016,919166
FJI,2017,918759
FJI,2018,917180
FJI,2019,914899
FJI,2020,914963
FJI,2021,916711
FJI,2022,919422
FJI,2023,924145
FJI,2024,928784
FJI,2025,933154
FRA,2010,65026211
FRA,2011,65340830
FRA,2012,65657659
FRA,2013,65997932
FRA,2014,66312067
FRA,2015,66548272
FRA,2016,66724104
FRA,2017,66918020
FRA,2018,67158348
FRA,2019,67382061
FRA,2020,67601110
FRA,2021,67842811
FRA,2022,68184457
FRA,2023,68372286
FRA,2024,68551653
FRA,2025,68720337
FSM,2010,107540
FSM,2011,107698
FSM,2012,107890
FSM,2013,108121
FSM,2014,108396
FSM,2015,108716
FSM,2016,109075
FSM,2017,109481
FSM,2018,109909
FSM,2019,110282
FSM,2020,110916
FSM,2021,111624
FSM,2022,112114
FSM,2023,112630
FSM,2024,113160
FSM,2025,113683
GAB,2010,1719879
GAB,2011,1781985
GAB,2012,1846889
GAB,2013,1913059
GAB,2014,1978399
GAB,2015,2040989
GAB,2016,2100306
GAB,2017,2156900
GAB,2018,2212318
GAB,2019,2267706
GAB,2020,2322539
GAB,2021,2376722
GAB,2022,2430747
GAB,2023,2484789
GAB,2024,2538952
GAB,2025,2593130
GBR,2010,62766365
GBR,2011,63258810
GBR,2012,63711000
GBR,2013,64138000
GBR,2014,64619000
GBR,2015,65087000
GBR,2016,65606000
GBR,2017,65964000
GBR,2018,66287000
GBR,2019,66628000
GBR,2020,66740000
GBR,2021,66978000
GBR,2022,67636000
GBR,2023,68526000
GBR,2024,69281000
GBR,2025,69487000
GEO,2010,3786695
GEO,2011,3756441
GEO,2012,3728874
GEO,2013,3717668
GEO,2014,3719414
GEO,2015,3725276
GEO,2016,3727505
GEO,2017,3728004
GEO,2018,3726549
GEO,2019,3720161
GEO,2020,3722716
GEO,2021,3708610
GEO,2022,3712502
GEO,2023,3715483
GEO,2024,3812518
GEO,2025,3935766
GHA,2010,25474995
GHA,2011,26095088
GHA,2012,26734268
GHA,2013,27386193
GHA,2014,28041592
GHA,2015,28696068
GHA,2016,29356742
GHA,2017,30008354
GHA,2018,30637585
GHA,2019,31258945
GHA,2020,31887809
GHA,2021,32518665
GHA,2022,33149152
GHA,2023,33787914
GHA,2024,34427414
GHA,2025,35064272
GIN,2010,10396086
GIN,2011,10656810
GIN,2012,10921581
GIN,2013,11191873
GIN,2014,11472924
GIN,2015,11767070
GIN,2016,12073030
GIN,2017,12385659
GIN,2018,12704774
GIN,2019,13034346
GIN,2020,13371183
GIN,2021,13710513
GIN,2022,14055137
GIN,2023,14405468
GIN,2024,14754785
GIN,2025,15099727
GMB,2010,1926630
GMB,2011,1983784
GMB,2012,2043094
GMB,2013,2103820
GMB,2014,2164528
GMB,2015,2224529
GMB,2016,2283769
GMB,2017,2342189
GMB,2018,2399632
GMB,2019,2456844
GMB,2020,2515733
GMB,2021,2576010
GMB,2022,2636470
GMB,2023,2697845
GMB,2024,2759988
GMB,2025,2822093
GNB,2010,1566347
GNB,2011,1608076
GNB,2012,1651417
GNB,2013,1695973
GNB,2014,1741122
GNB,2015,1786457
GNB,2016,1831893
GNB,2017,1877072
GNB,2018,1922168
GNB,2019,1967696
GNB,2020,2013255
GNB,2021,2058841
GNB,2022,2105529
GNB,2023,2153339
GNB,2024,2201352
GNB,2025,2249515
GNQ,2010,1189085
GNQ,2011,1241835
GNQ,2012,1293483
GNQ,2013,1346218
GNQ,2014,1399828
GNQ,2015,1453923
GNQ,2016,1508186
GNQ,2017,1562396
GNQ,2018,1616422
GNQ,2019,1670177
GNQ,2020,1716468
GNQ,2021,1758786
GNQ,2022,1803545
GNQ,2023,1847549
GNQ,2024,1892516
GNQ,2025,1938431
GRC,2010,11121341
GRC,2011,11104899
GRC,2012,11045011
GRC,2013,10965211
GRC,2014,10892413
GRC,2015,10820883
GRC,2016,10775971
GRC,2017,10754679
GRC,2018,10732882
GRC,2019,10721582
GRC,2020,10698599
GRC,2021,10570130
GRC,2022,10437805
GRC,2023,10407351
GRC,2024,10405134
GRC,2025,10413962
GRD,2010,111586
GRD,2011,112079
GRD,2012,112775
GRD,2013,113487
GRD,2014,114132
GRD,2015,114676
GRD,2016,115130
GRD,2017,115438
GRD,2018,115691
GRD,2019,115981
GRD,2020,116341
GRD,2021,116688
GRD,2022,116913
GRD,2023,117081
GRD,2024,117207
GRD,2025,117303
GTM,2010,14500112
GTM,2011,14792126
GTM,2012,15089647
GTM,2013,15387337
GTM,2014,15681725
GTM,2015,15971743
GTM,2016,16268760
GTM,2017,16567357
GTM,2018,16845685
GTM,2019,17103803
GTM,2020,17357325
GTM,2021,17598650
GTM,2022,17847877
GTM,2023,18124838
GTM,2024,18406359
GTM,2025,18687881
GUY,2010,749256
GUY,2011,746153
GUY,2012,746288
GUY,2013,750021
GUY,2014,754229
GUY,2015,758781
GUY,2016,763548
GUY,2017,768479
GUY,2018,791556
GUY,2019,807665
GUY,2020,807481
GUY,2021,815482
GUY,2022,821637
GUY,2023,826353
GUY,2024,831087
GUY,2025,835986
HND,2010,8365878
HND,2011,8540583
HND,2012,8715076
HND,2013,8889278
HND,2014,9063122
HND,2015,9237305
HND,2016,9412380
HND,2017,9588137
HND,2018,9765210
HND,2019,9943633
HND,2020,10119640
HND,2021,10289877
HND,2022,10463872
HND,2023,10644851
HND,2024,10825703
HND,2025,11005850
HRV,2010,4295427
HRV,2011,4280622
HRV,2012,4260368
HRV,2013,4233922
HRV,2014,4201598
HRV,2015,4151725
HRV,2016,4106867
HRV,2017,4041407
HRV,2018,3988775
HRV,2019,3949390
HRV,2020,3914206
HRV,2021,3878981
HRV,2022,3855641
HRV,2023,3859686
HRV,2024,3866200
HRV,2025,3876200
HTI,2010,9803294
HTI,2011,9914904
HTI,2012,10069771
HTI,2013,10222362
HTI,2014,10373235
HTI,2015,10523242
HTI,2016,10671457
HTI,2017,10817754
HTI,2018,10962362
HTI,2019,11105163
HTI,2020,11243848
HTI,2021,11374586
HTI,2022,11503606
HTI,2023,11637398
HTI,2024,11772557
HTI,2025,11906095
HUN,2010,10000023
HUN,2011,9971727
HUN,2012,9920362
HUN,2013,9872734
HUN,2014,9833038
HUN,2015,9797755
HUN,2016,9759755
HUN,2017,9726756
HUN,2018,9706964
HUN,2019,9694824
HUN,2020,9670419
HUN,2021,9630932
HUN,2022,9605074
HUN,2023,9592186
HUN,2024,9562065
HUN,2025,9514251
IDN,2010,246305322
IDN,2011,249470032
IDN,2012,252698525
IDN,2013,255852467
IDN,2014,258877399
IDN,2015,261799249
IDN,2016,264627418
IDN,2017,267346658
IDN,2018,269951846
IDN,2019,272489381
IDN,2020,274814866
IDN,2021,276758053
IDN,2022,278830529
IDN,2023,281190067
IDN,2024,283487931
IDN,2025,285721236
IND,2010,1243481564
IND,2011,1261224954
IND,2012,1278674502
IND,2013,1295829511
IND,2014,1312277191
IND,2015,1328024498
IND,2016,1343944296
IND,2017,1359657400
IND,2018,1374659064
IND,2019,1389030312
IND,2020,1402617695
IND,2021,1414203896
IND,2022,1425423212
IND,2023,1438069596
IND,2024,1450935791
IND,2025,1463865525
IRL,2010,4560155
IRL,2011,4580084
IRL,2012,4599533
IRL,2013,4623816
IRL,2014,4657740
IRL,2015,4701957
IRL,2016,4762722
IRL,2017,4827445
IRL,2018,4898022
IRL,2019,4976456
IRL,2020,5039747
IRL,2021,5110585
IRL,2022,5212836
IRL,2023,5311538
IRL,2024,5395790
IRL,2025,5484367
IRN,2010,77420842
IRN,2011,78383598
IRN,2012,79370580
IRN,2013,80414686
IRN,2014,81502045
IRN,2015,82619362
IRN,2016,83812228
IRN,2017,85026754
IRN,2018,86117998
IRN,2019,87051648
IRN,2020,87723443
IRN,2021,88455488
IRN,2022,89524246
IRN,2023,90608707
IRN,2024,91567738
IRN,2025,92417681
IRQ,2010,31045366
IRQ,2011,32161424
IRQ,2012,33654842
IRQ,2013,35281989
IRQ,2014,36550059
IRQ,2015,37560535
IRQ,2016,38469627
IRQ,2017,39337353
IRQ,2018,40265624
IRQ,2019,41192171
IRQ,2020,42116605
IRQ,2021,43071211
IRQ,2022,44070551
IRQ,2023,45074049
IRQ,2024,46042015
IRQ,2025,47020774
ISL,2010,318041
ISL,2011,319014
ISL,2012,320716
ISL,2013,323764
ISL,2014,327386
ISL,2015,330815
ISL,2016,335439
ISL,2017,343400
ISL,2018,352721
ISL,2019,360563
ISL,2020,366463
ISL,2021,372520
ISL,2022,382003
ISL,2023,385663
ISL,2024,386506
ISL,2025,392404
ISR,2010,7623600
ISR,2011,7765800
ISR,2012,7910500
ISR,2013,8059500
ISR,2014,8215700
ISR,2015,8380100
ISR,2016,8546000
ISR,2017,8713300
ISR,2018,8882800
ISR,2019,9054000
ISR,2020,9215100
ISR,2021,9371400
ISR,2022,9557500
ISR,2023,9849000
ISR,2024,10002200
ISR,2025,10122800
ITA,2010,59819407
ITA,2011,60026841
ITA,2012,60191247
ITA,2013,60311613
ITA,2014,60320707
ITA,2015,60229605
ITA,2016,60115223
ITA,2017,60002252
ITA,2018,59877221
ITA,2019,59729081
ITA,2020,59438851
ITA,2021,59133173
ITA,2022,59013667
ITA,2023,58984216
ITA,2024,58952704
ITA,2025,58915656
JAM,2010,2748568
JAM,2011,2760494
JAM,2012,2772430
JAM,2013,2783687
JAM,2014,2793749
JAM,2015,2802534
JAM,2016,2809915
JAM,2017,2815764
JAM,2018,2820097
JAM,2019,2823271
JAM,2020,2830739
JAM,2021,2837682
JAM,2022,2839144
JAM,2023,2839786
JAM,2024,2839175
JAM,2025,2837077
JOR,2010,7297043
JOR,2011,7480424
JOR,2012,7587127
JOR,2013,7991809
JOR,2014,8791710
JOR,2015,9544729
JOR,2016,10006367
JOR,2017,10234226
JOR,2018,10462306
JOR,2019,10671891
JOR,2020,10865228
JOR,2021,11066356
JOR,2022,11256263
JOR,2023,11439213
JOR,2024,11552876
JOR,2025,11520684
JPN,2010,128070000
JPN,2011,127833000
JPN,2012,127629000
JPN,2013,127445000
JPN,2014,127276000
JPN,2015,127141000
JPN,2016,127076000
JPN,2017,126972000
JPN,2018,126811000
JPN,2019,126633000
JPN,2020,126261000
JPN,2021,125681593
JPN,2022,125124989
JPN,2023,124516650
JPN,2024,123975371
JPN,2025,123366734
KAZ,2010,16836810
KAZ,2011,17066002
KAZ,2012,17306106
KAZ,2013,17556502
KAZ,2014,17816285
KAZ,2015,18084169
KAZ,2016,18363600
KAZ,2017,18651931
KAZ,2018,18932727
KAZ,2019,19209555
KAZ,2020,19482117
KAZ,2021,19743603
KAZ,2022,20034609
KAZ,2023,20330104
KAZ,2024,20592571
KAZ,2025,20843754
KEN,2010,41598567
KEN,2011,42758461
KEN,2012,43888303
KEN,2013,44986791
KEN,2014,46051440
KEN,2015,47088526
KEN,2016,48139687
KEN,2017,49197766
KEN,2018,50207107
KEN,2019,51202827
KEN,2020,52217334
KEN,2021,53219166
KEN,2022,54252461
KEN,2023,55339003
KEN,2024,56432944
KEN,2025,57532493
KGZ,2010,5467059
KGZ,2011,5546587
KGZ,2012,5652076
KGZ,2013,5777150
KGZ,2014,5905848
KGZ,2015,6040036
KGZ,2016,6175338
KGZ,2017,6306696
KGZ,2018,6444079
KGZ,2019,6590211
KGZ,2020,6726596
KGZ,2021,6851224
KGZ,2022,6975220
KGZ,2023,7099750
KGZ,2024,7221868
KGZ,2025,7343064
KHM,2010,14500726
KHM,2011,14722584
KHM,2012,14945085
KHM,2013,15170208
KHM,2014,15396772
KHM,2015,15623251
KHM,2016,15852803
KHM,2017,16073372
KHM,2018,16274522
KHM,2019,16481304
KHM,2020,16725474
KHM,2021,16974305
KHM,2022,17201724
KHM,2023,17423880
KHM,2024,17638801
KHM,2025,17847982
KIR,2010,108704
KIR,2011,110647
KIR,2012,112284
KIR,2013,113838
KIR,2014,115326
KIR,2015,116815
KIR,2016,118478
KIR,2017,120275
KIR,2018,122084
KIR,2019,123921
KIR,2020,126099
KIR,2021,128377
KIR,2022,130469
KIR,2023,132530
KIR,2024,134518
KIR,2025,136488
KNA,2010,46846
KNA,2011,46886
KNA,2012,47033
KNA,2013,47069
KNA,2014,47089
KNA,2015,47087
KNA,2016,47075
KNA,2017,47050
KNA,2018,47008
KNA,2019,46952
KNA,2020,46870
KNA,2021,46763
KNA,2022,46709
KNA,2023,46758
KNA,2024,46843
KNA,2025,46922
KOR,2010,49554112
KOR,2011,49936638
KOR,2012,50199853
KOR,2013,50428893
KOR,2014,50746659
KOR,2015,51014947
KOR,2016,51217803
KOR,2017,51361911
KOR,2018,51585058
KOR,2019,51764822
KOR,2020,51836239
KOR,2021,51769539
KOR,2022,51672569
KOR,2023,51712619
KOR,2024,51751065
KOR,2025,51684564
KWT,2010,2943372
KWT,2011,3132814
KWT,2012,3337109
KWT,2013,3507844
KWT,2014,3665876
KWT,2015,3834574
KWT,2016,4004096
KWT,2017,4154812
KWT,2018,4323515
KWT,2019,4442316
KWT,2020,4400267
KWT,2021,4360865
KWT,2022,4589643
KWT,2023,4853420
KWT,2024,4897263
KWT,2025,4865298
LAO,2010,6334194
LAO,2011,6426590
LAO,2012,6518978
LAO,2013,6611385
LAO,2014,6703172
LAO,2015,6801645
LAO,2016,6908802
LAO,2017,7018147
LAO,2018,7128045
LAO,2019,7237636
LAO,2020,7346533
LAO,2021,7453194
LAO,2022,7559007
LAO,2023,7664993
LAO,2024,7769819
LAO,2025,7873046
LBN,2010,5041288
LBN,2011,5096020
LBN,2012,5235742
LBN,2013,5743436
LBN,2014,6346990
LBN,2015,6472469
LBN,2016,6323060
LBN,2017,6160128
LBN,2018,5984119
LBN,2019,5794594
LBN,2020,5702398
LBN,2021,5718122
LBN,2022,5744489
LBN,2023,5773493
LBN,2024,5805962
LBN,2025,5849421
LBR,2010,4058890
LBR,2011,4221178
LBR,2012,4373043
LBR,2013,4470239
LBR,2014,4564293
LBR,2015,4659431
LBR,2016,4755608
LBR,2017,4848925
LBR,2018,4944726
LBR,2019,5043721
LBR,2020,5149463
LBR,2021,5259323
LBR,2022,5373294
LBR,2023,5493031
LBR,2024,5612817
LBR,2025,5731206
LBY,2010,6497839
LBY,2011,6343203
LBY,2012,6179328
LBY,2013,6304628
LBY,2014,6427252
LBY,2015,6531819
LBY,2016,6632126
LBY,2017,6738770
LBY,2018,6849055
LBY,2019,6951033
LBY,2020,7045399
LBY,2021,7135175
LBY,2022,7223805
LBY,2023,7305659
LBY,2024,7381023
LBY,2025,7458555
LCA,2010,170906
LCA,2011,171801
LCA,2012,172587
LCA,2013,173369
LCA,2014,174138
LCA,2015,174905
LCA,2016,175646
LCA,2017,176342
LCA,2018,177017
LCA,2019,177661
LCA,2020,178250
LCA,2021,178522
LCA,2022,178781
LCA,2023,179285
LCA,2024,179744
LCA,2025,180149
LIE,2010,36022
LIE,2011,36312
LIE,2012,36657
LIE,2013,36984
LIE,2014,37248
LIE,2015,37494
LIE,2016,37716
LIE,2017,37962
LIE,2018,38246
LIE,2019,38563
LIE,2020,38901
LIE,2021,39182
LIE,2022,39493
LIE,2023,39846
LIE,2024,40450
LIE,2025,41024
LKA,2010,20879089
LKA,2011,21009048
LKA,2012,21169458
LKA,2013,20585000
LKA,2014,20778000
LKA,2015,20970000
LKA,2016,21209000
LKA,2017,21453000
LKA,2018,21670000
LKA,2019,21803000
LKA,2020,21919000
LKA,2021,22156000
LKA,2022,22181000
LKA,2023,22037000
LKA,2024,21916000
LKA,2025,21756000
LSO,2010,1996251
LSO,2011,2014009
LSO,2012,2034354
LSO,2013,2056504
LSO,2014,2080089
LSO,2015,2104611
LSO,2016,2130422
LSO,2017,2157110
LSO,2018,2183603
LSO,2019,2209405
LSO,2020,2235727
LSO,2021,2261542
LSO,2022,2286110
LSO,2023,2311472
LSO,2024,2337423
LSO,2025,2363325
LTU,2010,3097282
LTU,2011,3028115
LTU,2012,2989139
LTU,2013,2961250
LTU,2014,2937253
LTU,2015,2911109
LTU,2016,2877325
LTU,2017,2842639
LTU,2018,2819200
LTU,2019,2811089
LTU,2020,2810369
LTU,2021,2808380
LTU,2022,2831639
LTU,2023,2871585
LTU,2024,2888278
LTU,2025,2888774
LUX,2010,506953
LUX,2011,518347
LUX,2012,530946
LUX,2013,543360
LUX,2014,556319
LUX,2015,569604
LUX,2016,582014
LUX,2017,596336
LUX,2018,607950
LUX,2019,620001
LUX,2020,630419
LUX,2021,640064
LUX,2022,653103
LUX,2023,666430
LUX,2024,677012
LUX,2025,686970
LVA,2010,2097555
LVA,2011,2059709
LVA,2012,2034319
LVA,2013,2012647
LVA,2014,1993782
LVA,2015,1977527
LVA,2016,1959537
LVA,2017,1942248
LVA,2018,1927174
LVA,2019,1913822
LVA,2020,1900449
LVA,2021,1884490
LVA,2022,1879383
LVA,2023,1883710
LVA,2024,1866124
LVA,2025,1847785
MAR,2010,32467016
MAR,2011,32912588
MAR,2012,33355241
MAR,2013,33787571
MAR,2014,34204780
MAR,2015,34607588
MAR,2016,35023457
MAR,2017,35446392
MAR,2018,35839760
MAR,2019,36210898
MAR,2020,36584208
MAR,2021,36954442
MAR,2022,37329064
MAR,2023,37712505
MAR,2024,38081173
MAR,2025,38430770
MCO,2010,33163
MCO,2011,33946
MCO,2012,34711
MCO,2013,35447
MCO,2014,36128
MCO,2015,36757
MCO,2016,37276
MCO,2017,37678
MCO,2018,38154
MCO,2019,38109
MCO,2020,38050
MCO,2021,38527
MCO,2022,38931
MCO,2023,38956
MCO,2024,38631
MCO,2025,38341
MDA,2010,2862354
MDA,2011,2860699
MDA,2012,2860324
MDA,2013,2859558
MDA,2014,2857815
MDA,2015,2835978
MDA,2016,2803186
MDA,2017,2755189
MDA,2018,2707203
MDA,2019,2664224
MDA,2020,2635130
MDA,2021,2595809
MDA,2022,2528654
MDA,2023,2457783
MDA,2024,2402306
MDA,2025,2360527
MDG,2010,22183340
MDG,2011,22822300
MDG,2012,23462438
MDG,2013,24109290
MDG,2014,24764348
MDG,2015,25426702
MDG,2016,26099952
MDG,2017,26788375
MDG,2018,27494926
MDG,2019,28219554
MDG,2020,28953556
MDG,2021,29691083
MDG,2022,30437261
MDG,2023,31195932
MDG,2024,31964956
MDG,2025,32740678
MDV,2010,360792
MDV,2011,373674
MDV,2012,386818
MDV,2013,400070
MDV,2014,413617
MDV,2015,428154
MDV,2016,443308
MDV,2017,458287
MDV,2018,473099
MDV,2019,487731
MDV,2020,502118
MDV,2021,516154
MDV,2022,524106
MDV,2023,525994
MDV,2024,527799
MDV,2025,529676
MEX,2010,113623895
MEX,2011,115243504
MEX,2012,116818208
MEX,2013,118343573
MEX,2014,119784261
MEX,2015,121072306
MEX,2016,122251351
MEX,2017,123400057
MEX,2018,124573711
MEX,2019,125762982
MEX,2020,126799054
MEX,2021,127648148
MEX,2022,128613117
MEX,2023,129739759
MEX,2024,130861007
MEX,2025,131946900
MHL,2010,52044
MHL,2011,51907
MHL,2012,51419
MHL,2013,50681
MHL,2014,49796
MHL,2015,48800
MHL,2016,47709
MHL,2017,46529
MHL,2018,45285
MHL,2019,44007
MHL,2020,42706
MHL,2021,41367
MHL,2022,40077
MHL,2023,38827
MHL,2024,37548
MHL,2025,36282
MKD,2010,1946298
MKD,2011,1937398
MKD,2012,1929821
MKD,2013,1922716
MKD,2014,1917557
MKD,2015,1912430
MKD,2016,1906313
MKD,2017,1898657
MKD,2018,1889051
MKD,2019,1876262
MKD,2020,1856124
MKD,2021,1837114
MKD,2022,1831712
MKD,2023,1827816
MKD,2024,1824359
MKD,2025,1820909
MLI,2010,15945198
MLI,2011,16469049
MLI,2012,16957033
MLI,2013,17459615
MLI,2014,18020267
MLI,2015,18593022
MLI,2016,19191289
MLI,2017,19813011
MLI,2018,20442030
MLI,2019,21068405
MLI,2020,21713836
MLI,2021,22388630
MLI,2022,23072640
MLI,2023,23769127
MLI,2024,24478595
MLI,2025,25198821
MLT,2010,414508
MLT,2011,416268
MLT,2012,420028
MLT,2013,424810
MLT,2014,433481
MLT,2015,444220
MLT,2016,454505
MLT,2017,467106
MLT,2018,483903
MLT,2019,503912
MLT,2020,515490
MLT,2021,518150
MLT,2022,531113
MLT,2023,552747
MLT,2024,568847
MLT,2025,579704
MMR,2010,49024382
MMR,2011,49419820
MMR,2012,49837446
MMR,2013,50262658
MMR,2014,50681634
MMR,2015,51089056
MMR,2016,51495696
MMR,2017,51894938
MMR,2018,52272247
MMR,2019,52640713
MMR,2020,53016522
MMR,2021,53387102
MMR,2022,53756787
MMR,2023,54133798
MMR,2024,54500091
MMR,2025,54850648
MNE,2010,619428
MNE,2011,620345
MNE,2012,621418
MNE,2013,622587
MNE,2014,623744
MNE,2015,624651
MNE,2016,625353
MNE,2017,625982
MNE,2018,626438
MNE,2019,626753
MNE,2020,626590
MNE,2021,625053
MNE,2022,623591
MNE,2023,623529
MNE,2024,623525
MNE,2025,623129
MNG,2010,2738622
MNG,2011,2786317
MNG,2012,2839705
MNG,2013,2899011
MNG,2014,2963113
MNG,2015,3026864
MNG,2016,3088856
MNG,2017,3148917
MNG,2018,3208189
MNG,2019,3267673
MNG,2020,3327204
MNG,2021,3383741
MNG,2022,3433748
MNG,2023,3481145
MNG,2024,3524788
MNG,2025,3568978
MOZ,2010,22999235
MOZ,2011,23649039
MOZ,2012,24337846
MOZ,2013,25051611
MOZ,2014,25788475
MOZ,2015,26547572
MOZ,2016,27337105
MOZ,2017,28166393
MOZ,2018,29018644
MOZ,2019,29884380
MOZ,2020,30783688
MOZ,2021,31707800
MOZ,2022,32656246
MOZ,2023,33635160
MOZ,2024,34631766
MOZ,2025,35631653
MRT,2010,3390965
MRT,2011,3502811
MRT,2012,3619034
MRT,2013,3734318
MRT,2014,3848514
MRT,2015,3965959
MRT,2016,4086657
MRT,2017,4210600
MRT,2018,4337685
MRT,2019,4467708
MRT,2020,4600131
MRT,2021,4734874
MRT,2022,4875637
MRT,2023,5022441
MRT,2024,5169395
MRT,2025,5315065
MUS,2010,1250400
MUS,2011,1252404
MUS,2012,1255882
MUS,2013,1258927
MUS,2014,1261208
MUS,2015,1262879
MUS,2016,1263747
MUS,2017,1264887
MUS,2018,1265577
MUS,2019,1265985
MUS,2020,1266014
MUS,2021,1266334
MUS,2022,1262523
MUS,2023,1248647
MUS,2024,1245779
MUS,2025,1243741
MWI,2010,14826463
MWI,2011,15265022
MWI,2012,15709577
MWI,2013,16161816
MWI,2014,16621538
MWI,2015,17085587
MWI,2016,17557739
MWI,2017,18039715
MWI,2018,18528081
MWI,2019,19025752
MWI,2020,19533888
MWI,2021,20047258
MWI,2022,20568728
MWI,2023,21104482
MWI,2024,21655286
MWI,2025,22216120
MYS,2010,28655776
MYS,2011,29162039
MYS,2012,29662831
MYS,2013,30174265
MYS,2014,30696137
MYS,2015,31232798
MYS,2016,31789685
MYS,2017,32355644
MYS,2018,32910967
MYS,2019,33440596
MYS,2020,33889558
MYS,2021,34282399
MYS,2022,34695493
MYS,2023,35126298
MYS,2024,35557673
MYS,2025,35977838
NAM,2010,2109811
NAM,2011,2146325
NAM,2012,2194654
NAM,2013,2252508
NAM,2014,2312139
NAM,2015,2374300
NAM,2016,2439213
NAM,2017,2506853
NAM,2018,2577327
NAM,2019,2650494
NAM,2020,2728762
NAM,2021,2810548
NAM,2022,2889662
NAM,2023,2963095
NAM,2024,3030131
NAM,2025,3092816
NER,2010,16548835
NER,2011,17176283
NER,2012,17836769
NER,2013,18519898
NER,2014,19215909
NER,2015,19939498
NER,2016,20685753
NER,2017,21435446
NER,2018,22188069
NER,2019,22947757
NER,2020,23717613
NER,2021,24502140
NER,2022,25311973
NER,2023,26159867
NER,2024,27032412
NER,2025,27917831
NGA,2010,166642886
NGA,2011,171379598
NGA,2012,176200625
NGA,2013,181049443
NGA,2014,185896915
NGA,2015,190671878
NGA,2016,195443700
NGA,2017,200254579
NGA,2018,204938755
NGA,2019,209485641
NGA,2020,213996181
NGA,2021,218529286
NGA,2022,223150896
NGA,2023,227882945
NGA,2024,232679478
NGA,2025,237527782
NIC,2010,5737450
NIC,2011,5819051
NIC,2012,5901287
NIC,2013,5983845
NIC,2014,6066492
NIC,2015,6149417
NIC,2016,6232666
NIC,2017,6316231
NIC,2018,6400080
NIC,2019,6483657
NIC,2020,6565267
NIC,2021,6644741
NIC,2022,6730654
NIC,2023,6823613
NIC,2024,6916140
NIC,2025,7007502
NLD,2010,16615394
NLD,2011,16693074
NLD,2012,16754962
NLD,2013,16804432
NLD,2014,16865008
NLD,2015,16939923
NLD,2016,17030314
NLD,2017,17131296
NLD,2018,17231624
NLD,2019,17344874
NLD,2020,17441500
NLD,2021,17533044
NLD,2022,17700982
NLD,2023,17877117
NLD,2024,17993485
NLD,2025,18087633
NOR,2010,4889252
NOR,2011,4953088
NOR,2012,5018573
NOR,2013,5079623
NOR,2014,5137232
NOR,2015,5188607
NOR,2016,5234519
NOR,2017,5276968
NOR,2018,5311916
NOR,2019,5347896
NOR,2020,5379475
NOR,2021,5408320
NOR,2022,5457127
NOR,2023,5519601
NOR,2024,5572279
NOR,2025,5610870
NPL,2010,27341952
NPL,2011,27464494
NPL,2012,27534915
NPL,2013,27589996
NPL,2014,27672370
NPL,2015,27823629
NPL,2016,27955462
NPL,2017,28011258
NPL,2018,28079689
NPL,2019,28414064
NPL,2020,28966574
NPL,2021,29475010
NPL,2022,29715436
NPL,2023,29694614
NPL,2024,29651054
NPL,2025,29618118
NRU,2010,10043
NRU,2011,10098
NRU,2012,10267
NRU,2013,10517
NRU,2014,10742
NRU,2015,10954
NRU,2016,11150
NRU,2017,11324
NRU,2018,11477
NRU,2019,11587
NRU,2020,11643
NRU,2021,11709
NRU,2022,11801
NRU,2023,11875
NRU,2024,11947
NRU,2025,12025
NZL,2010,4350700
NZL,2011,4384000
NZL,2012,4408100
NZL,2013,4442100
NZL,2014,4516500
NZL,2015,4609400
NZL,2016,4714100
NZL,2017,4813600
NZL,2018,4900600
NZL,2019,4970300
NZL,2020,5072400
NZL,2021,5084600
NZL,2022,5081700
NZL,2023,5200000
NZL,2024,5290000
NZL,2025,5324700
OMN,2010,2757446
OMN,2011,3076763
OMN,2012,3547106
OMN,2013,3833913
OMN,2014,4002439
OMN,2015,4184895
OMN,2016,4390877
OMN,2017,4537396
OMN,2018,4597877
OMN,2019,4591241
OMN,2020,4522497
OMN,2021,4500424
OMN,2022,4730226
OMN,2023,5049269
OMN,2024,5281538
OMN,2025,5494691
PAK,2010,199239047
PAK,2011,203746065
PAK,2012,207667125
PAK,2013,211073978
PAK,2014,214264647
PAK,2015,217290883
PAK,2016,220138869
PAK,2017,223273967
PAK,2018,226928892
PAK,2019,230800899
PAK,2020,235001746
PAK,2021,239477801
PAK,2022,243700667
PAK,2023,247504495
PAK,2024,251269164
PAK,2025,255219554
PAN,2010,3628535
PAN,2011,3693505
PAN,2012,3759256
PAN,2013,3825329
PAN,2014,3892101
PAN,2015,3960035
PAN,2016,4029086
PAN,2017,4098707
PAN,2018,4167860
PAN,2019,4234700
PAN,2020,4293261
PAN,2021,4345405
PAN,2022,4400773
PAN,2023,4458759
PAN,2024,4515577
PAN,2025,4571189
PER,2010,29086019
PER,2011,29304086
PER,2012,29550366
PER,2013,29817919
PER,2014,30115826
PER,2015,30457600
PER,2016,30866494
PER,2017,31324637
PER,2018,31897584
PER,2019,32449303
PER,2020,32838579
PER,2021,33155882
PER,2022,33475438
PER,2023,33845617
PER,2024,34217848
PER,2025,34576665
PHL,2010,96337125
PHL,2011,98248614
PHL,2012,100175512
PHL,2013,102076336
PHL,2014,103767130
PHL,2015,105312992
PHL,2016,106735719
PHL,2017,108119693
PHL,2018,109465287
PHL,2019,110804683
PHL,2020,112081264
PHL,2021,113100950
PHL,2022,113964338
PHL,2023,114891199
PHL,2024,115843670
PHL,2025,116786962
PLW,2010,18396
PLW,2011,18078
PLW,2012,17765
PLW,2013,17648
PLW,2014,17715
PLW,2015,17770
PLW,2016,17797
PLW,2017,17812
PLW,2018,17814
PLW,2019,17798
PLW,2020,17792
PLW,2021,17783
PLW,2022,17759
PLW,2023,17727
PLW,2024,17695
PLW,2025,17663
PNG,2010,7633523
PNG,2011,7859346
PNG,2012,8081390
PNG,2013,8302698
PNG,2014,8523441
PNG,2015,8743246
PNG,2016,8961718
PNG,2017,9178714
PNG,2018,9394513
PNG,2019,9609010
PNG,2020,9815746
PNG,2021,10012896
PNG,2022,10203169
PNG,2023,10389635
PNG,2024,10576502
PNG,2025,10762817
POL,2010,38042794
POL,2011,38063255
POL,2012,38063164
POL,2013,38040196
POL,2014,38011735
POL,2015,37986412
POL,2016,37970087
POL,2017,37974826
POL,2018,37974750
POL,2019,37965475
POL,2020,37515748
POL,2021,36981559
POL,2022,36821749
POL,2023,36687353
POL,2024,36559233
POL,2025,36435861
PRK,2010,24987258
PRK,2011,25097874
PRK,2012,25211728
PRK,2013,25329451
PRK,2014,25451262
PRK,2015,25575350
PRK,2016,25698326
PRK,2017,25817709
PRK,2018,25931147
PRK,2019,26037632
PRK,2020,26136312
PRK,2021,26232534
PRK,2022,26328845
PRK,2023,26418204
PRK,2024,26498823
PRK,2025,26571036
PRT,2010,10573100
PRT,2011,10557560
PRT,2012,10514844
PRT,2013,10457295
PRT,2014,10401062
PRT,2015,10358076
PRT,2016,10325452
PRT,2017,10300300
PRT,2018,10283822
PRT,2019,10286263
PRT,2020,10297081
PRT,2021,10361831
PRT,2022,10434332
PRT,2023,10578174
PRT,2024,10694681
PRT,2025,10804871
PRY,2010,5737971
PRY,2011,5814626
PRY,2012,5897008
PRY,2013,5982445
PRY,2014,6069811
PRY,2015,6159103
PRY,2016,6249126
PRY,2017,6338660
PRY,2018,6427382
PRY,2019,6515058
PRY,2020,6603739
PRY,2021,6684182
PRY,2022,6760464
PRY,2023,6844146
PRY,2024,6929153
PRY,2025,7013078
PSE,2010,3786161
PSE,2011,3882986
PSE,2012,3979998
PSE,2013,4076708
PSE,2014,4173398
PSE,2015,4270092
PSE,2016,4367088
PSE,2017,4454805
PSE,2018,4569087
PSE,2019,4685306
PSE,2020,4803269
PSE,2021,4922749
PSE,2022,5043612
PSE,2023,5165775
PSE,2024,5289152
PSE,2025,5413596
QAT,2010,1616832
QAT,2011,1624761
QAT,2012,1722438
QAT,2013,1916426
QAT,2014,2151745
QAT,2015,2344557
QAT,2016,2477113
QAT,2017,2545820
QAT,2018,2580734
QAT,2019,2638657
QAT,2020,2794148
QAT,2021,2504910
QAT,2022,2657333
QAT,2023,2656032
QAT,2024,2857822
QAT,2025,2972215
ROU,2010,20246871
ROU,2011,20147528
ROU,2012,20058035
ROU,2013,19983693
ROU,2014,19908979
ROU,2015,19815616
ROU,2016,19702267
ROU,2017,19588715
ROU,2018,19473970
ROU,2019,19371648
ROU,2020,19265250
ROU,2021,19122059
ROU,2022,19048502
ROU,2023,19061062
ROU,2024,19051804
ROU,2025,19020271
RUS,2010,142849468
RUS,2011,143018195
RUS,2012,143378447
RUS,2013,143805638
RUS,2014,144237223
RUS,2015,144640716
RUS,2016,145015460
RUS,2017,145293260
RUS,2018,145398106
RUS,2019,145453291
RUS,2020,145245148
RUS,2021,144746762
RUS,2022,144236933
RUS,2023,143826130
RUS,2024,143669648
RUS,2025,143513328
RWA,2010,10317553
RWA,2011,10573733
RWA,2012,10829901
RWA,2013,11093340
RWA,2014,11364757
RWA,2015,11640022
RWA,2016,11919183
RWA,2017,12202060
RWA,2018,12487996
RWA,2019,12776103
RWA,2020,13065837
RWA,2021,13355260
RWA,2022,13651030
RWA,2023,13954471
RWA,2024,14256567
RWA,2025,14569341
SAU,2010,23978487
SAU,2011,25091867
SAU,2012,26168861
SAU,2013,27624004
SAU,2014,28309273
SAU,2015,29816382
SAU,2016,30954198
SAU,2017,30977355
SAU,2018,30196281
SAU,2019,30063799
SAU,2020,31552510
SAU,2021,30784383
SAU,2022,32175224
SAU,2023,33702731
SAU,2024,35300280
SAU,2025,36973555
SDN,2010,35414399
SDN,2011,36140806
SDN,2012,36923178
SDN,2013,37785849
SDN,2014,38823318
SDN,2015,40024431
SDN,2016,41259892
SDN,2017,42714306
SDN,2018,44230596
SDN,2019,45548175
SDN,2020,46789231
SDN,2021,48066924
SDN,2022,49383346
SDN,2023,50042791
SDN,2024,50448963
SDN,2025,51662147
SEN,2010,12635413
SEN,2011,12958897
SEN,2012,13310495
SEN,2013,13710849
SEN,2014,14152102
SEN,2015,14593331
SEN,2016,15034521
SEN,2017,15475002
SEN,2018,15914498
SEN,2019,16352922
SEN,2020,16789219
SEN,2021,17220867
SEN,2022,17651103
SEN,2023,18077573
SEN,2024,18501984
SEN,2025,18931966
SGP,2010,5076732
SGP,2011,5183688
SGP,2012,5312437
SGP,2013,5399162
SGP,2014,5469724
SGP,2015,5535002
SGP,2016,5607283
SGP,2017,5612253
SGP,2018,5638676
SGP,2019,5703569
SGP,2020,5685807
SGP,2021,5453566
SGP,2022,5637022
SGP,2023,5917648
SGP,2024,6036860
SGP,2025,6111175
SLB,2010,532968
SLB,2011,552945
SLB,2012,573606
SLB,2013,594945
SLB,2014,616908
SLB,2015,639415
SLB,2016,662379
SLB,2017,685672
SLB,2018,709101
SLB,2019,728147
SLB,2020,744498
SLB,2021,762591
SLB,2022,781066
SLB,2023,800005
SLB,2024,819198
SLB,2025,838645
SLE,2010,6222714
SLE,2011,6387251
SLE,2012,6551080
SLE,2013,6714051
SLE,2014,6876385
SLE,2015,7037655
SLE,2016,7205328
SLE,2017,7379299
SLE,2018,7554563
SLE,2019,7731991
SLE,2020,7912558
SLE,2021,8094602
SLE,2022,8276807
SLE,2023,8460512
SLE,2024,8642022
SLE,2025,8819794
SLV,2010,6068249
SLV,2011,6090127
SLV,2012,6113975
SLV,2013,6138839
SLV,2014,6162955
SLV,2015,6183676
SLV,2016,6200800
SLV,2017,6213533
SLV,2018,6219807
SLV,2019,6222318
SLV,2020,6234673
SLV,2021,6255782
SLV,2022,6280319
SLV,2023,6309624
SLV,2024,6338193
SLV,2025,6365503
SMR,2010,33270
SMR,2011,32620
SMR,2012,33469
SMR,2013,33041
SMR,2014,32655
SMR,2015,32897
SMR,2016,33101
SMR,2017,33825
SMR,2018,34522
SMR,2019,34663
SMR,2020,34770
SMR,2021,34252
SMR,2022,33755
SMR,2023,33860
SMR,2024,33977
SMR,2025,34109
SOM,2010,12261756
SOM,2011,12348830
SOM,2012,12461160
SOM,2013,12869594
SOM,2014,13339491
SOM,2015,13806963
SOM,2016,14348740
SOM,2017,14916629
SOM,2018,15452487
SOM,2019,16030971
SOM,2020,16651191
SOM,2021,17271431
SOM,2022,17801897
SOM,2023,18358615
SOM,2024,19009151
SOM,2025,19654739
SRB,2010,7291436
SRB,2011,7236519
SRB,2012,7201497
SRB,2013,7166553
SRB,2014,7131787
SRB,2015,7095383
SRB,2016,7058322
SRB,2017,7020858
SRB,2018,6982604
SRB,2019,6945235
SRB,2020,6899126
SRB,2021,6834326
SRB,2022,6664449
SRB,2023,6623183
SRB,2024,6586476
SRB,2025,6549143
SSD,2010,9745953
SSD,2011,10288109
SSD,2012,10756240
SSD,2013,11166275
SSD,2014,11235073
SSD,2015,11107561
SSD,2016,10830102
SSD,2017,10259154
SSD,2018,10122977
SSD,2019,10423384
SSD,2020,10698467
SSD,2021,10865780
SSD,2022,11021177
SSD,2023,11483374
SSD,2024,11943408
SSD,2025,12188788
STP,2010,181802
STP,2011,185649
STP,2012,189439
STP,2013,193148
STP,2014,196767
STP,2015,200291
STP,2016,203689
STP,2017,206970
STP,2018,210187
STP,2019,213392
STP,2020,217435
STP,2021,221961
STP,2022,226305
STP,2023,230871
STP,2024,235536
STP,2025,240254
SUR,2010,549923
SUR,2011,556269
SUR,2012,562633
SUR,2013,569020
SUR,2014,575373
SUR,2015,581627
SUR,2016,587757
SUR,2017,593713
SUR,2018,599513
SUR,2019,605768
SUR,2020,612317
SUR,2021,617896
SUR,2022,623164
SUR,2023,628886
SUR,2024,634431
SUR,2025,639850
SVK,2010,5391428
SVK,2011,5398384
SVK,2012,5407579
SVK,2013,5413393
SVK,2014,5418649
SVK,2015,5423801
SVK,2016,5430798
SVK,2017,5439232
SVK,2018,5446771
SVK,2019,5454147
SVK,2020,5458827
SVK,2021,5447247
SVK,2022,5431752
SVK,2023,5426740
SVK,2024,5422069
SVK,2025,5413813
SVN,2010,2048583
SVN,2011,2052843
SVN,2012,2057159
SVN,2013,2059953
SVN,2014,2061980
SVN,2015,2063531
SVN,2016,2065042
SVN,2017,2066388
SVN,2018,2073894
SVN,2019,2088385
SVN,2020,2102419
SVN,2021,2108079
SVN,2022,2112076
SVN,2023,2120461
SVN,2024,2127400
SVN,2025,2130986
SWE,2010,9378126
SWE,2011,9449213
SWE,2012,9519374
SWE,2013,9600379
SWE,2014,9696110
SWE,2015,9799186
SWE,2016,9923085
SWE,2017,10057698
SWE,2018,10175214
SWE,2019,10278887
SWE,2020,10353442
SWE,2021,10415811
SWE,2022,10486941
SWE,2023,10536632
SWE,2024,10569709
SWE,2025,10596620
SWZ,2010,1111650
SWZ,2011,1117833
SWZ,2012,1123863
SWZ,2013,1129990
SWZ,2014,1136299
SWZ,2015,1142813
SWZ,2016,1149507
SWZ,2017,1158195
SWZ,2018,1168929
SWZ,2019,1179874
SWZ,2020,1192729
SWZ,2021,1206593
SWZ,2022,1218917
SWZ,2023,1230506
SWZ,2024,1242822
SWZ,2025,1256174
SYC,2010,89770
SYC,2011,87441
SYC,2012,88303
SYC,2013,89949
SYC,2014,91359
SYC,2015,93419
SYC,2016,94677
SYC,2017,95843
SYC,2018,96762
SYC,2019,97625
SYC,2020,98462
SYC,2021,99258
SYC,2022,119878
SYC,2023,119773
SYC,2024,121354
SYC,2025,122730
SYR,2010,22482421
SYR,2011,22878098
SYR,2012,22759763
SYR,2013,21666917
SYR,2014,20273659
SYR,2015,19424618
SYR,2016,19193834
SYR,2017,19224668
SYR,2018,19577845
SYR,2019,20353534
SYR,2020,21049429
SYR,2021,21628839
SYR,2022,22462173
SYR,2023,23594623
SYR,2024,24672760
SYR,2025,25620427
TCD,2010,12312575
TCD,2011,12754997
TCD,2012,13210998
TCD,2013,13691079
TCD,2014,14188678
TCD,2015,14647621
TCD,2016,15114655
TCD,2017,15622759
TCD,2018,16156531
TCD,2019,16685223
TCD,2020,17224679
TCD,2021,17828273
TCD,2022,18455316
TCD,2023,19319064
TCD,2024,20299123
TCD,2025,21003705
TGO,2010,6325788
TGO,2011,6500582
TGO,2012,6653718
TGO,2013,6798848
TGO,2014,6937644
TGO,2015,7071502
TGO,2016,7200884
TGO,2017,7324386
TGO,2018,7458206
TGO,2019,7619925
TGO,2020,7788054
TGO,2021,7936176
TGO,2022,8068616
TGO,2023,8223850
TGO,2024,8406558
TGO,2025,8591626
THA,2010,68579447
THA,2011,69007208
THA,2012,69436098
THA,2013,69845114
THA,2014,70216367
THA,2015,70540795
THA,2016,70859841
THA,2017,71160187
THA,2018,71376079
THA,2019,71522271
THA,2020,71641484
THA,2021,71727332
THA,2022,71735329
THA,2023,71702435
THA,2024,71668011
THA,2025,71619863
TJK,2010,7652141
TJK,2011,7824785
TJK,2012,8014084
TJK,2013,8216724
TJK,2014,8425552
TJK,2015,8643840
TJK,2016,8865631
TJK,2017,9085946
TJK,2018,9307333
TJK,2019,9529966
TJK,2020,9749310
TJK,2021,9966908
TJK,2022,10182222
TJK,2023,10389799
TJK,2024,10590927
TJK,2025,10786734
TKM,2010,5564356
TKM,2011,5683417
TKM,2012,5808546
TKM,2013,5939341
TKM,2014,6075283
TKM,2015,6215770
TKM,2016,6360041
TKM,2017,6507061
TKM,2018,6655524
TKM,2019,6803944
TKM,2020,6949912
TKM,2021,7092043
TKM,2022,7230193
TKM,2023,7364438
TKM,2024,7494498
TKM,2025,7618847
TLS,2010,1084679
TLS,2011,1110207
TLS,2012,1134885
TLS,2013,1158695
TLS,2014,1181903
TLS,2015,1205131
TLS,2016,1228312
TLS,2017,1251703
TLS,2018,1275959
TLS,2019,1300945
TLS,2020,1326053
TLS,2021,1350139
TLS,2022,1369295
TLS,2023,1384286
TLS,2024,1400638
TLS,2025,1418517
TON,2010,107400
TON,2011,107570
TON,2012,107460
TON,2013,107078
TON,2014,106609
TON,2015,106095
TON,2016,105524
TON,2017,105356
TON,2018,105567
TON,2019,105669
TON,2020,105704
TON,2021,105490
TON,2022,105042
TON,2023,104597
TON,2024,104175
TON,2025,103742
TTO,2010,1317714
TTO,2011,1328019
TTO,2012,1335194
TTO,2013,1340557
TTO,2014,1345343
TTO,2015,1349667
TTO,2016,1353895
TTO,2017,1356633
TTO,2018,1359193
TTO,2019,1363985
TTO,2020,1366725
TTO,2021,1367558
TTO,2022,1365805
TTO,2023,1367510
TTO,2024,1368333
TTO,2025,1367764
TUN,2010,10765980
TUN,2011,10886035
TUN,2012,11009647
TUN,2013,11141361
TUN,2014,11274288
TUN,2015,11402264
TUN,2016,11528674
TUN,2017,11650498
TUN,2018,11765514
TUN,2019,11875081
TUN,2020,11974057
TUN,2021,12048622
TUN,2022,12119334
TUN,2023,12200431
TUN,2024,12277109
TUN,2025,12348573
TUR,2010,73142150
TUR,2011,74223629
TUR,2012,75175827
TUR,2013,76147624
TUR,2014,77181884
TUR,2015,78218479
TUR,2016,79277962
TUR,2017,80312698
TUR,2018,81407204
TUR,2019,82579440
TUR,2020,83384680
TUR,2021,84147318
TUR,2022,84979913
TUR,2023,85325965
TUR,2024,85518661
TUR,2025,85878556
TUV,2010,10614
TUV,2011,10780
TUV,2012,10934
TUV,2013,11001
TUV,2014,10984
TUV,2015,10963
TUV,2016,10930
TUV,2017,10869
TUV,2018,10751
TUV,2019,10581
TUV,2020,10399
TUV,2021,10194
TUV,2022,9992
TUV,2023,9816
TUV,2024,9646
TUV,2025,9492
TZA,2010,44758488
TZA,2011,46029367
TZA,2012,47374260
TZA,2013,48824128
TZA,2014,50351512
TZA,2015,52020962
TZA,2016,53824013
TZA,2017,55652890
TZA,2018,57437145
TZA,2019,59174891
TZA,2020,60972798
TZA,2021,62830412
TZA,2022,64711821
TZA,2023,66617606
TZA,2024,68560157
TZA,2025,70545865
UGA,2010,32390802
UGA,2011,33354543
UGA,2012,34337438
UGA,2013,35337042
UGA,2014,36395539
UGA,2015,37531446
UGA,2016,38799152
UGA,2017,40177388
UGA,2018,41565831
UGA,2019,42999637
UGA,2020,44457152
UGA,2021,45910930
UGA,2022,47312719
UGA,2023,48656601
UGA,2024,50015092
UGA,2025,51384894
UKR,2010,46456003
UKR,2011,46307853
UKR,2012,46210056
UKR,2013,46126770
UKR,2014,45972380
UKR,2015,45784896
UKR,2016,45616832
UKR,2017,45436041
UKR,2018,45208907
UKR,2019,44957458
UKR,2020,44680014
UKR,2021,44298640
UKR,2022,41048766
UKR,2023,37732836
UKR,2024,37860221
UKR,2025,38980376
URY,2010,3318580
URY,2011,3326825
URY,2012,3335401
URY,2013,3345337
URY,2014,3356334
URY,2015,3368017
URY,2016,3379283
URY,2017,3388438
URY,2018,3394534
URY,2019,3397206
URY,2020,3398968
URY,2021,3396695
URY,2022,3390913
URY,2023,3388081
URY,2024,3386588
URY,2025,3384688
USA,2010,309378227
USA,2011,311839461
USA,2012,314339099
USA,2013,316726282
USA,2014,319257560
USA,2015,321815121
USA,2016,324353340
USA,2017,326608609
USA,2018,328529577
USA,2019,330226227
USA,2020,331578104
USA,2021,332100166
USA,2022,333996304
USA,2023,336755052
USA,2024,340003797
USA,2025,341784857
UZB,2010,28385506
UZB,2011,28823196
UZB,2012,29261903
UZB,2013,29724065
UZB,2014,30222994
UZB,2015,30749346
UZB,2016,31284568
UZB,2017,31819178
UZB,2018,32373490
UZB,2019,32964701
UZB,2020,33586372
UZB,2021,34243696
UZB,2022,34938955
UZB,2023,35652307
UZB,2024,36361859
UZB,2025,37053428
VCT,2010,109959
VCT,2011,109349
VCT,2012,108736
VCT,2013,108135
VCT,2014,107535
VCT,2015,106960
VCT,2016,106349
VCT,2017,105663
VCT,2018,104926
VCT,2019,104167
VCT,2020,103526
VCT,2021,102841
VCT,2022,102046
VCT,2023,101323
VCT,2024,100616
VCT,2025,99924
VEN,2010,28813101
VEN,2011,29185212
VEN,2012,29553826
VEN,2013,29912198
VEN,2014,30254079
VEN,2015,30573972
VEN,2016,30765720
VEN,2017,30565323
VEN,2018,29807592
VEN,2019,28938098
VEN,2020,28444077
VEN,2021,28237826
VEN,2022,28213017
VEN,2023,28300854
VEN,2024,28405543
VEN,2025,28516896
VNM,2010,87455152
VNM,2011,88468314
VNM,2012,89510356
VNM,2013,90573104
VNM,2014,91679578
VNM,2015,92823254
VNM,2016,94000117
VNM,2017,95176977
VNM,2018,96237319
VNM,2019,97173776
VNM,2020,98079191
VNM,2021,98935098
VNM,2022,99680655
VNM,2023,100352192
VNM,2024,100987686
VNM,2025,101598527
VUT,2010,238248
VUT,2011,243474
VUT,2012,248883
VUT,2013,254482
VUT,2014,260240
VUT,2015,266101
VUT,2016,272087
VUT,2017,278507
VUT,2018,285259
VUT,2019,291985
VUT,2020,298858
VUT,2021,305868
VUT,2022,313046
VUT,2023,320409
VUT,2024,327777
VUT,2025,335169
WLD,2010,7000860073
WLD,2011,7086704141
WLD,2012,7176482165
WLD,2013,7265404737
WLD,2014,7353532223
WLD,2015,7441084771
WLD,2016,7528221579
WLD,2017,7613788655
WLD,2018,7696159728
WLD,2019,7777162476
WLD,2020,7853863139
WLD,2021,7919567995
WLD,2022,7988550201
WLD,2023,8062923417
WLD,2024,8140897523
WLD,2025,8215424893
WSM,2010,193023
WSM,2011,194713
WSM,2012,196498
WSM,2013,198268
WSM,2014,200037
WSM,2015,201782
WSM,2016,203499
WSM,2017,205415
WSM,2018,207582
WSM,2019,209780
WSM,2020,211944
WSM,2021,213779
WSM,2022,215261
WSM,2023,216663
WSM,2024,218019
WSM,2025,219306
YEM,2010,26754387
YEM,2011,27582897
YEM,2012,28433647
YEM,2013,29312952
YEM,2014,30226309
YEM,2015,31159379
YEM,2016,32109010
YEM,2017,33090921
YEM,2018,34085182
YEM,2019,35111408
YEM,2020,36134863
YEM,2021,37140230
YEM,2022,38222876
YEM,2023,39390799
YEM,2024,40583164
YEM,2025,41773878
ZAF,2010,52344051
ZAF,2011,52995205
ZAF,2012,53782567
ZAF,2013,54678791
ZAF,2014,55594838
ZAF,2015,56723537
ZAF,2016,57259551
ZAF,2017,57635162
ZAF,2018,58613001
ZAF,2019,59587885
ZAF,2020,60562381
ZAF,2021,61502603
ZAF,2022,62378410
ZAF,2023,63212384
ZAF,2024,64007187
ZAF,2025,64747319
ZMB,2010,13965594
ZMB,2011,14437796
ZMB,2012,14913629
ZMB,2013,15398997
ZMB,2014,15895315
ZMB,2015,16399089
ZMB,2016,16914423
ZMB,2017,17441320
ZMB,2018,17973569
ZMB,2019,18513839
ZMB,2020,19059395
ZMB,2021,19603607
ZMB,2022,20152938
ZMB,2023,20723965
ZMB,2024,21314956
ZMB,2025,21913874
ZWE,2010,13356548
ZWE,2011,13595424
ZWE,2012,13817887
ZWE,2013,14013808
ZWE,2014,14207359
ZWE,2015,14399013
ZWE,2016,14600294
ZWE,2017,14812482
ZWE,2018,15034452
ZWE,2019,15271368
ZWE,2020,15526888
ZWE,2021,15797210
ZWE,2022,16069056
ZWE,2023,16340822
ZWE,2024,16634373
ZWE,2025,16950795
